--
-- `ecs_account_log`
--

INSERT INTO `ecs_account_log` (`log_id`, `user_id`, `user_money`, `frozen_money`, `rank_points`, `pay_points`, `change_time`, `change_desc`, `change_type`) VALUES
(1, 5, 1100000.00, 0.00, 0, 0, 1242140736, '11', 2),
(2, 3, 400000.00, 0.00, 0, 0, 1242140752, '21312', 2),
(3, 2, 300000.00, 0.00, 0, 0, 1242140775, '300000', 2),
(4, 1, 50000.00, 0.00, 0, 0, 1242140811, '50', 2),
(5, 5, 0.00, 10000.00, 0, 0, 1242140853, '32', 2),
(6, 1, -400.00, 0.00, 0, 0, 1242142274, '支付订单 2009051298180', 99),
(7, 1, -975.00, 0.00, 0, 0, 1242142324, '支付订单 2009051255518', 99),
(8, 1, 0.00, 0.00, 960, 960, 1242142390, '订单 2009051255518 赠送的积分', 99),
(9, 1, 0.00, 0.00, 385, 385, 1242142432, '订单 2009051298180 赠送的积分', 99),
(10, 1, -2310.00, 0.00, 0, 0, 1242142549, '支付订单 2009051267570', 99),
(11, 1, 0.00, 0.00, 2300, 2300, 1242142589, '订单 2009051267570 赠送的积分', 99),
(12, 1, -5989.00, 0.00, 0, 0, 1242142681, '支付订单 2009051230249', 99),
(13, 1, -8610.00, 0.00, 0, 0, 1242142808, '支付订单 2009051276258', 99),
(14, 1, 0.00, 0.00, 0, -1, 1242142910, '参加夺宝奇兵夺宝奇兵之夏新N7 ', 99),
(15, 1, 0.00, 0.00, 0, -1, 1242142935, '参加夺宝奇兵夺宝奇兵之诺基亚N96 ', 99),
(16, 1, 0.00, 0.00, 0, 100000, 1242143867, '奖励', 2),
(17, 1, -10.00, 0.00, 0, 0, 1242143920, '支付订单 2009051268194', 99),
(18, 1, 0.00, 0.00, 0, -17000, 1242143920, '支付订单 2009051268194', 99),
(19, 1, 0.00, 0.00, -960, -960, 1242144185, '由于退货或未发货操作，退回订单 2009051255518 赠送的积分', 99),
(20, 1, 975.00, 0.00, 0, 0, 1242144185, '由于取消、无效或退货操作，退回支付订单 2009051255518 时使用的预付款', 99),
(21, 1, 0.00, 0.00, 960, 960, 1242576445, '订单 2009051719232 赠送的积分', 99),
(22, 3, -1000.00, 0.00, 0, 0, 1242973612, '追加使用余额支付订单：2009051227085', 99),
(23, 1, -13806.60, 0.00, 0, 0, 1242976699, '支付订单 2009052224892', 99),
(24, 1, 0.00, 0.00, 14045, 14045, 1242976740, '订单 2009052224892 赠送的积分', 99),
(25, 1, 0.00, 0.00, -2300, -2300, 1245045334, '由于退货或未发货操作，退回订单 2009051267570 赠送的积分', 99),
(26, 1, 2310.00, 0.00, 0, 0, 1245045334, '由于取消、无效或退货操作，退回支付订单 2009051267570 时使用的预付款', 99),
(27, 1, 0.00, 0.00, 17044, 17044, 1245045443, '订单 2009061585887 赠送的积分', 99),
(28, 1, 17054.00, 0.00, 0, 0, 1245045515, '1', 99),
(29, 1, 0.00, 0.00, -17044, -17044, 1245045515, '由于退货或未发货操作，退回订单 2009061585887 赠送的积分', 99),
(30, 1, -3196.30, 0.00, 0, 0, 1245045672, '支付订单 2009061525429', 99),
(31, 1, -1910.00, 0.00, 0, 0, 1245047978, '支付订单 2009061503335', 99),
(32, 1, 0.00, 0.00, 1900, 1900, 1245048189, '订单 2009061503335 赠送的积分', 99),
(33, 1, 0.00, 0.00, -1900, -1900, 1245048212, '由于退货或未发货操作，退回订单 2009061503335 赠送的积分', 99),
(34, 1, 1910.00, 0.00, 0, 0, 1245048212, '由于取消、无效或退货操作，退回支付订单 2009061503335 时使用的预付款', 99),
(35, 1, -500.00, 0.00, 0, 0, 1245048585, '支付订单 2009061510313', 99);

--
-- `ecs_admin_log`
--

INSERT INTO `ecs_admin_log` (`log_id`, `log_time`, `user_id`, `log_info`, `ip_address`) VALUES
(1, 1240294375, 1, '添加品牌管理: 诺基亚', '0.0.0.0'),
(2, 1240295621, 1, '添加属性: 网络类型', '0.0.0.0'),
(3, 1240295930, 1, '添加属性: 扩展卡', '0.0.0.0'),
(4, 1240295980, 1, '添加属性: 操作系统', '0.0.0.0'),
(5, 1240296082, 1, '添加属性: 通话时间（分）', '0.0.0.0'),
(6, 1240296102, 1, '添加属性: 待机时间（小时）', '0.0.0.0'),
(7, 1240296379, 1, '添加属性: 上市时间', '0.0.0.0'),
(8, 1240296403, 1, '编辑属性: 网络类型', '0.0.0.0'),
(9, 1240296415, 1, '编辑属性: 扩展卡', '0.0.0.0'),
(10, 1240298784, 1, '添加属性: 手机颜色', '0.0.0.0'),
(11, 1240300896, 1, '添加属性: 基本配件', '0.0.0.0'),
(12, 1240301110, 1, '添加属性: 附加配件', '0.0.0.0'),
(13, 1240301295, 1, '添加属性: 和铉铃声', '0.0.0.0'),
(14, 1240301371, 1, '添加属性: 相机像数', '0.0.0.0'),
(15, 1240301487, 1, '添加属性: 感光元件', '0.0.0.0'),
(16, 1240301508, 1, '编辑属性: 和铉铃声', '0.0.0.0'),
(17, 1240301518, 1, '编辑属性: 基本配件', '0.0.0.0'),
(18, 1240301570, 1, '添加属性: 移动qq', '0.0.0.0'),
(19, 1240301611, 1, '添加属性: gps', '0.0.0.0'),
(20, 1240301650, 1, '添加属性: FM收音机', '0.0.0.0'),
(21, 1240301665, 1, '编辑属性: GPS', '0.0.0.0'),
(22, 1240301679, 1, '编辑属性: FM收音机', '0.0.0.0'),
(23, 1240301705, 1, '添加属性: 话机电话薄（条）', '0.0.0.0'),
(24, 1240301715, 1, '添加属性: K-JAVA', '0.0.0.0'),
(25, 1240301788, 1, '添加属性: 价格档位', '0.0.0.0'),
(26, 1240305032, 1, '添加属性: 手机样式', '0.0.0.0'),
(27, 1240380338, 1, '添加属性: 图形菜单', '0.0.0.0'),
(28, 1240380399, 1, '添加属性: 中文短消息', '0.0.0.0'),
(29, 1240380444, 1, '添加属性: 内置游戏', '0.0.0.0'),
(30, 1240380507, 1, '添加属性: Wap 上网', '0.0.0.0'),
(31, 1240380533, 1, '添加属性: Wap 上网', '0.0.0.0'),
(32, 1240380552, 1, '编辑属性: Wap 上网', '0.0.0.0'),
(33, 1240380574, 1, '编辑属性: Wap 上网', '0.0.0.0'),
(34, 1240380587, 1, '编辑属性: Wap 上网', '0.0.0.0'),
(35, 1240380646, 1, '添加属性: 数据功能', '0.0.0.0'),
(36, 1240380743, 1, '添加属性: 移动QQ', '0.0.0.0'),
(37, 1240380759, 1, '添加属性: 视频格式', '0.0.0.0'),
(38, 1240380831, 1, '添加属性: 扩张卡', '0.0.0.0'),
(39, 1240380875, 1, '添加属性: 手机颜色', '0.0.0.0'),
(40, 1240380920, 1, '添加属性: 来电防火墙', '0.0.0.0'),
(41, 1240380945, 1, '添加属性: 英汉词典', '0.0.0.0'),
(42, 1240380957, 1, '添加属性: 多语言显示', '0.0.0.0'),
(43, 1240381002, 1, '添加属性: 电子书', '0.0.0.0'),
(44, 1240381052, 1, '添加属性: 移动 MSN', '0.0.0.0'),
(45, 1240381088, 1, '添加属性: 音频格式', '0.0.0.0'),
(46, 1240381143, 1, '添加属性: 上市时间', '0.0.0.0'),
(47, 1240381206, 1, '添加属性: 语音拨号', '0.0.0.0'),
(48, 1240381229, 1, '添加属性: 语音菜单', '0.0.0.0'),
(49, 1240381356, 1, '添加属性: 外观样式', '0.0.0.0'),
(50, 1240381382, 1, '添加属性: 天线位置', '0.0.0.0'),
(51, 1240381425, 1, '编辑属性: K-JAVA', '0.0.0.0'),
(52, 1240381430, 1, '添加属性: K-JAVA', '0.0.0.0'),
(53, 1240381464, 1, '添加属性: PDA 功能', '0.0.0.0'),
(54, 1240381480, 1, '添加属性: 操作系统', '0.0.0.0'),
(55, 1240381512, 1, '添加属性: 外壳材质', '0.0.0.0'),
(56, 1240381561, 1, '编辑属性: 基本配件', '0.0.0.0'),
(57, 1240381572, 1, '添加属性: 基本配件', '0.0.0.0'),
(58, 1240381580, 1, '编辑属性: 附加配件', '0.0.0.0'),
(59, 1240381602, 1, '添加属性: 附加配件', '0.0.0.0'),
(60, 1240381627, 1, '编辑属性: 附加配件', '0.0.0.0'),
(61, 1240381694, 1, '添加属性: 自动开关机', '0.0.0.0'),
(62, 1240381717, 1, '添加属性: 视频分辨率', '0.0.0.0'),
(63, 1240381731, 1, '添加属性: 影音编辑器', '0.0.0.0'),
(64, 1240381741, 1, '添加属性: 图像编辑器', '0.0.0.0'),
(65, 1240381759, 1, '添加属性: 可用内存', '0.0.0.0'),
(66, 1240381775, 1, '添加属性: 主屏幕像素', '0.0.0.0'),
(67, 1240381786, 1, '添加属性: 副屏幕像素', '0.0.0.0'),
(68, 1240382037, 1, '添加属性: 更换外壳', '0.0.0.0'),
(69, 1240382801, 1, '添加属性: 办公功能', '0.0.0.0'),
(70, 1240382823, 1, '添加属性: 传感器', '0.0.0.0'),
(71, 1240382844, 1, '添加属性: CPU频率', '0.0.0.0'),
(72, 1240382866, 1, '添加属性: 理论待机时间', '0.0.0.0'),
(73, 1240382875, 1, '添加属性: 理论通话时间', '0.0.0.0'),
(74, 1240383267, 1, '编辑商品类型: 3g手机', '0.0.0.0'),
(75, 1240383268, 1, '编辑商品类型: 手机', '0.0.0.0'),
(76, 1240383269, 1, '编辑商品类型: 3g手机', '0.0.0.0'),
(77, 1240383397, 1, '删除商品类型: 图形菜单', '0.0.0.0'),
(78, 1240383432, 1, '添加属性: 图形菜单', '0.0.0.0'),
(79, 1240383491, 1, '添加属性: EFR 服务', '0.0.0.0'),
(80, 1240383509, 1, '添加属性: STK 服务', '0.0.0.0'),
(81, 1240383528, 1, '添加属性: 通话录音', '0.0.0.0'),
(82, 1240383554, 1, '添加属性: 语音菜单', '0.0.0.0'),
(83, 1240383575, 1, '添加属性: 中文输入法', '0.0.0.0'),
(84, 1240383594, 1, '编辑属性: 中文输入法', '0.0.0.0'),
(85, 1240383613, 1, '编辑属性: 语音菜单', '0.0.0.0'),
(86, 1240383635, 1, '添加属性: 和弦铃声', '0.0.0.0'),
(87, 1240383651, 1, '添加属性: 主屏幕色彩', '0.0.0.0'),
(88, 1240383658, 1, '添加属性: 副屏幕色彩', '0.0.0.0'),
(89, 1240383682, 1, '添加属性: 天线位置', '0.0.0.0'),
(90, 1240383700, 1, '添加属性: 数据功能', '0.0.0.0'),
(91, 1240392733, 1, '安装配送方式: 邮政快递包裹', '0.0.0.0'),
(92, 1240392748, 1, '安装配送方式: 圆通速递', '0.0.0.0'),
(93, 1240392761, 1, '安装配送方式: 城际快递', '0.0.0.0'),
(94, 1240392769, 1, '安装配送方式: 市内快递', '0.0.0.0'),
(95, 1240463689, 1, '添加属性: 连拍', '0.0.0.0'),
(96, 1240463709, 1, '添加属性: 定时拍摄', '0.0.0.0'),
(97, 1240463729, 1, '添加属性: 照片打印', '0.0.0.0'),
(98, 1240463748, 1, '添加属性: 照片特效', '0.0.0.0'),
(99, 1240463766, 1, '添加属性: 电子书', '0.0.0.0'),
(100, 1240463777, 1, '添加属性: 外壳材质', '0.0.0.0'),
(101, 1240463793, 1, '添加属性: 名片扫描', '0.0.0.0'),
(102, 1240463803, 1, '添加属性: GPU', '0.0.0.0'),
(103, 1240463814, 1, '添加属性: CPU频率', '0.0.0.0'),
(104, 1240463830, 1, '添加属性: TV-OUT电视输出', '0.0.0.0'),
(105, 1240463843, 1, '添加属性: 来电图片识别', '0.0.0.0'),
(106, 1240463855, 1, '添加属性: 来电防火墙', '0.0.0.0'),
(107, 1240463865, 1, '添加属性: 背光自动调节', '0.0.0.0'),
(108, 1240463873, 1, '添加属性: 照片分辨率', '0.0.0.0'),
(109, 1240463880, 1, '添加属性: 变焦模式', '0.0.0.0'),
(110, 1240463903, 1, '添加属性: 英汉词典', '0.0.0.0'),
(111, 1240463925, 1, '添加属性: 多语言显示', '0.0.0.0'),
(112, 1240463974, 1, '添加属性: 数据线功能', '0.0.0.0'),
(113, 1240463992, 1, '添加属性: 留言应答', '0.0.0.0'),
(114, 1240464004, 1, '添加属性: 可用内存(MB)', '0.0.0.0'),
(115, 1240464015, 1, '添加属性: GPS', '0.0.0.0'),
(116, 1240464022, 1, '添加属性: 相机闪光灯', '0.0.0.0'),
(117, 1240464030, 1, '添加属性: 移动 MSN', '0.0.0.0'),
(118, 1240464038, 1, '添加属性: 移动QQ', '0.0.0.0'),
(119, 1240464050, 1, '添加属性: 内置媒体播放器', '0.0.0.0'),
(120, 1240464066, 1, '添加属性: 电子邮件', '0.0.0.0'),
(121, 1240464220, 1, '编辑属性: 待机时间（小时）', '0.0.0.0'),
(122, 1240464272, 1, '编辑属性: 网络类型', '0.0.0.0'),
(123, 1240464277, 1, '编辑属性: 网络类型', '0.0.0.0'),
(124, 1240464331, 1, '编辑属性: 网络类型', '0.0.0.0'),
(125, 1240464631, 1, '编辑属性: 网络类型', '0.0.0.0'),
(126, 1240464639, 1, '编辑属性: 扩展卡', '0.0.0.0'),
(127, 1240464650, 1, '编辑属性: 操作系统', '0.0.0.0'),
(128, 1240464709, 1, '编辑属性: 通话时间（分）', '0.0.0.0'),
(129, 1240464720, 1, '编辑属性: 待机时间（小时）', '0.0.0.0'),
(130, 1240464737, 1, '编辑属性: 上市时间', '0.0.0.0'),
(131, 1240464748, 1, '编辑属性: 手机颜色', '0.0.0.0'),
(132, 1240464758, 1, '编辑属性: 基本配件', '0.0.0.0'),
(133, 1240464770, 1, '编辑属性: 和铉铃声', '0.0.0.0'),
(134, 1240464783, 1, '编辑属性: 相机像数', '0.0.0.0'),
(135, 1240464794, 1, '编辑属性: 移动qq', '0.0.0.0'),
(136, 1240464806, 1, '编辑属性: 感光元件', '0.0.0.0'),
(137, 1240464816, 1, '编辑属性: GPS', '0.0.0.0'),
(138, 1240464827, 1, '编辑属性: FM收音机', '0.0.0.0'),
(139, 1240464853, 1, '编辑属性: FM收音机', '0.0.0.0'),
(140, 1240464869, 1, '编辑属性: 话机电话薄（条）', '0.0.0.0'),
(141, 1240464880, 1, '编辑属性: 扩展卡', '0.0.0.0'),
(142, 1240464896, 1, '编辑属性: 扩展卡', '0.0.0.0'),
(143, 1240464917, 1, '编辑属性: K-JAVA', '0.0.0.0'),
(144, 1240464931, 1, '编辑属性: 价格档位', '0.0.0.0'),
(145, 1240464945, 1, '编辑属性: 手机样式', '0.0.0.0'),
(146, 1240464959, 1, '编辑属性: Wap 上网', '0.0.0.0'),
(147, 1240800622, 1, '添加商品分类: 手机类型', '0.0.0.0'),
(148, 1240800687, 1, '添加商品分类: GSM手机', '0.0.0.0'),
(149, 1240800745, 1, '添加商品分类: GSM手机', '0.0.0.0'),
(150, 1240800791, 1, '添加商品分类: 3G手机', '0.0.0.0'),
(151, 1240800845, 1, '添加商品分类: 双模手机', '0.0.0.0'),
(152, 1240800877, 1, '编辑商品分类: GSM手机', '0.0.0.0'),
(153, 1240802922, 1, '添加品牌管理: 摩托罗拉', '0.0.0.0'),
(154, 1240803062, 1, '编辑品牌管理: 诺基亚', '0.0.0.0'),
(155, 1240803144, 1, '添加品牌管理: 多普达', '0.0.0.0'),
(156, 1240803248, 1, '添加品牌管理: 飞利浦', '0.0.0.0'),
(157, 1240803352, 1, '添加品牌管理: 夏新', '0.0.0.0'),
(158, 1240803412, 1, '添加品牌管理: 三星', '0.0.0.0'),
(159, 1240803482, 1, '添加品牌管理: 索爱', '0.0.0.0'),
(160, 1240803526, 1, '添加品牌管理: LG', '0.0.0.0'),
(161, 1240803578, 1, '添加品牌管理: 联想', '0.0.0.0'),
(162, 1240803689, 1, '添加品牌管理: 金立', '0.0.0.0'),
(163, 1240803736, 1, '添加品牌管理: 恒基伟业', '0.0.0.0'),
(164, 1240803750, 1, '编辑品牌管理: 恒基伟业', '0.0.0.0'),
(165, 1240804593, 1, '编辑商品分类: CDMA手机', '0.0.0.0'),
(166, 1240902890, 1, '添加商品: KD876', '0.0.0.0'),
(167, 1240904370, 1, '编辑商品: KD876', '0.0.0.0'),
(168, 1240904461, 1, '编辑商品: KD876', '0.0.0.0'),
(169, 1240912338, 1, '删除商品类型: 手机配件', '0.0.0.0'),
(170, 1240912361, 1, '添加商品分类: 手机配件', '0.0.0.0'),
(171, 1240912385, 1, '添加商品分类: 充电器', '0.0.0.0'),
(172, 1240912477, 1, '添加商品分类: 耳机', '0.0.0.0'),
(173, 1240912489, 1, '添加商品分类: 电池', '0.0.0.0'),
(174, 1241420935, 1, '添加商品分类: 111', '0.0.0.0'),
(175, 1241420966, 1, '添加商品: 斤', '0.0.0.0'),
(176, 1241421093, 1, '回收商品: 斤', '0.0.0.0'),
(177, 1241421104, 1, '删除商品: 斤', '0.0.0.0'),
(178, 1241421110, 1, '删除商品分类: 111', '0.0.0.0'),
(179, 1241421127, 1, '编辑商品分类: GSM手机', '0.0.0.0'),
(180, 1241422082, 1, '添加商品: 诺基亚原装5800耳机', '0.0.0.0'),
(181, 1241422137, 1, '添加属性: 卡的类型', '0.0.0.0'),
(182, 1241422163, 1, '添加属性: 卡的大小', '0.0.0.0'),
(183, 1241422236, 1, '添加属性: 颜色', '0.0.0.0'),
(184, 1241422272, 1, '编辑属性: 卡的容量', '0.0.0.0'),
(185, 1241422289, 1, '添加属性: 电池容量', '0.0.0.0'),
(186, 1241422347, 1, '编辑商品: 诺基亚原装5800耳机', '0.0.0.0'),
(187, 1241422402, 1, '添加商品: 诺基亚N85原装充电器', '0.0.0.0'),
(188, 1241422416, 1, '编辑商品: KD876', '0.0.0.0'),
(189, 1241422518, 1, '添加商品: 索爱原装M2卡读卡器', '0.0.0.0'),
(190, 1241422573, 1, '添加商品: 胜创KINGMAX内存卡', '0.0.0.0'),
(191, 1241422615, 1, '编辑商品: 胜创KINGMAX内存卡', '0.0.0.0'),
(192, 1241422626, 1, '编辑商品: 诺基亚N85原装充电器', '0.0.0.0'),
(193, 1241422785, 1, '添加商品: 诺基亚N85原装立体声耳机HS-82 查看商品相册 诺基亚N85原装立体声耳机HS-82', '0.0.0.0'),
(194, 1241425512, 1, '添加商品: 飞利浦9@9v ', '0.0.0.0'),
(195, 1241425836, 1, '编辑商品: 飞利浦9@9v ', '0.0.0.0'),
(196, 1241425891, 1, '编辑商品: 飞利浦9@9v ', '0.0.0.0'),
(197, 1241426819, 1, '添加文章分类: 3G手机资讯', '0.0.0.0'),
(198, 1241426864, 1, '添加文章: 三星电子宣布将在中国发布15款3G手机', '0.0.0.0'),
(199, 1241426898, 1, '编辑文章: 三星电子宣布将在中国发布15款3G手机', '0.0.0.0'),
(200, 1241427051, 1, '添加文章: 薄锐极限 电信3G定制摩托罗拉V10发布', '0.0.0.0'),
(201, 1241427449, 1, '编辑文章: 薄锐极限 电信3G定制摩托罗拉V10发布', '0.0.0.0'),
(202, 1241427779, 1, '编辑文章: 诺基亚牵手移动 5款热门TD手机机型推荐', '0.0.0.0'),
(203, 1241427850, 1, '编辑文章: 诺基亚牵手移动 5款热门TD手机机型推荐', '0.0.0.0'),
(204, 1241511486, 1, '编辑商品: 飞利浦9@9v', '0.0.0.0'),
(205, 1241511514, 1, '编辑属性: FM收音机', '0.0.0.0'),
(206, 1241511871, 1, '添加商品: 诺基亚E66', '0.0.0.0'),
(207, 1241512315, 1, '编辑商品: 诺基亚E66', '0.0.0.0'),
(208, 1241512443, 1, '删除商品类型: 手机', '0.0.0.0'),
(209, 1241512563, 1, '添加属性: 手机制式', '0.0.0.0'),
(210, 1241512693, 1, '添加属性: 外观样式', '0.0.0.0'),
(211, 1241512704, 1, '添加属性: 上市时间', '0.0.0.0'),
(212, 1241512712, 1, '添加属性: 屏幕参数', '0.0.0.0'),
(213, 1241512720, 1, '添加属性: 摄像功能', '0.0.0.0'),
(214, 1241512728, 1, '添加属性: 其它功能', '0.0.0.0'),
(215, 1241512737, 1, '添加属性: 产品配置', '0.0.0.0'),
(216, 1241512762, 1, '添加属性: 理论通话时间', '0.0.0.0'),
(217, 1241512772, 1, '添加属性: 理论待机时间', '0.0.0.0'),
(218, 1241512804, 1, '添加属性: 中文短消息', '0.0.0.0'),
(219, 1241512813, 1, '添加属性: 存储卡格式', '0.0.0.0'),
(220, 1241512842, 1, '添加属性: 外壳材质', '0.0.0.0'),
(221, 1241512868, 1, '添加属性: # 情景模式', '0.0.0.0'),
(222, 1241512907, 1, '添加属性: 蓝牙接口', '0.0.0.0'),
(223, 1241512939, 1, '添加属性: GPS', '0.0.0.0'),
(224, 1241512966, 1, '添加属性: MP3播放器', '0.0.0.0'),
(225, 1241512977, 1, '添加属性: 视频播放', '0.0.0.0'),
(226, 1241513003, 1, '添加属性: 内置游戏', '0.0.0.0'),
(227, 1241513036, 1, '编辑属性: 情景模式', '0.0.0.0'),
(228, 1241513132, 1, '添加属性: 价位', '0.0.0.0'),
(229, 1241513210, 1, '添加属性: 颜色', '0.0.0.0'),
(230, 1241513508, 1, '编辑商品: 飞利浦9@9v', '0.0.0.0'),
(231, 1241513571, 1, '编辑属性: MP3播放器', '0.0.0.0'),
(232, 1241513596, 1, '编辑属性: 外壳材质', '0.0.0.0'),
(233, 1241513630, 1, '编辑商品: 飞利浦9@9v', '0.0.0.0'),
(234, 1241513750, 1, '编辑属性: MP3播放器', '0.0.0.0'),
(235, 1241513771, 1, '添加属性: 附加配件', '0.0.0.0'),
(236, 1241513918, 1, '编辑属性: 像数（万）', '0.0.0.0'),
(237, 1241513939, 1, '编辑商品: 飞利浦9@9v', '0.0.0.0'),
(238, 1241513959, 1, '编辑属性: 像数（万）', '0.0.0.0'),
(239, 1241518314, 1, '编辑属性: 外壳材质', '0.0.0.0'),
(240, 1241518329, 1, '编辑属性: 价位', '0.0.0.0'),
(241, 1241946343, 1, '还原数据库备份: 备份时间2009-05-05 10:36:29', '127.0.0.1'),
(242, 1241965622, 1, '添加商品: 索爱C702c', '127.0.0.1'),
(243, 1241965816, 1, '添加商品: 索爱C702c', '127.0.0.1'),
(244, 1241965859, 1, '编辑品牌管理: 摩托罗拉', '127.0.0.1'),
(245, 1241965978, 1, '添加商品: 摩托罗拉A810', '127.0.0.1'),
(246, 1241966023, 1, '编辑商品: 摩托罗拉A810', '127.0.0.1'),
(247, 1241966218, 1, '编辑商品: 摩托罗拉A810', '127.0.0.1'),
(248, 1241966408, 1, '编辑商品: 摩托罗拉A810', '127.0.0.1'),
(249, 1241966536, 1, '编辑品牌管理: 诺基亚', '127.0.0.1'),
(250, 1241966874, 1, '编辑商品: 摩托罗拉A810', '127.0.0.1'),
(251, 1241966922, 1, '回收商品: 索爱C702c', '127.0.0.1'),
(252, 1241966951, 1, '还原商品: 索爱C702c', '127.0.0.1'),
(253, 1241966963, 1, '回收商品: 索爱C702c', '127.0.0.1'),
(254, 1241967340, 1, '编辑商品: 诺基亚E66', '127.0.0.1'),
(255, 1241967424, 1, '编辑商品: 诺基亚N85原装立体声耳机HS-82', '127.0.0.1'),
(256, 1241967465, 1, '编辑商品: 索爱原装M2卡读卡器', '127.0.0.1'),
(257, 1241967487, 1, '编辑商品: 诺基亚N85原装充电器', '127.0.0.1'),
(258, 1241967556, 1, '编辑商品: KD876', '127.0.0.1'),
(259, 1241967667, 1, '编辑商品: 飞利浦9@9v', '127.0.0.1'),
(260, 1241967762, 1, '添加商品: 诺基亚5320 XpressMusic', '127.0.0.1'),
(261, 1241968002, 1, '编辑商品: 诺基亚5320 XpressMusic', '127.0.0.1'),
(262, 1241968058, 1, '编辑商品: 诺基亚5320 XpressMusic', '127.0.0.1'),
(263, 1241968492, 1, '添加商品: 诺基亚5800XM', '127.0.0.1'),
(264, 1241968703, 1, '添加商品: 摩托罗拉A810', '127.0.0.1'),
(265, 1241968949, 1, '添加商品: 恒基伟业G101', '127.0.0.1'),
(266, 1241969394, 1, '添加商品: 夏新N7', '127.0.0.1'),
(267, 1241969533, 1, '添加商品: 夏新T5', '127.0.0.1'),
(268, 1241969541, 1, '回收商品: 夏新T5', '127.0.0.1'),
(269, 1241970139, 1, '添加商品: 三星SGH-F258', '127.0.0.1'),
(270, 1241970175, 1, '编辑商品: 三星SGH-F258', '127.0.0.1'),
(271, 1241970417, 1, '添加商品: 三星BC01', '127.0.0.1'),
(272, 1241970634, 1, '添加商品: 金立 A30', '127.0.0.1'),
(273, 1241970743, 1, '编辑商品: 飞利浦9@9v', '127.0.0.1'),
(274, 1241971076, 1, '添加商品: 多普达Touch HD', '127.0.0.1'),
(275, 1241971488, 1, '添加商品: 诺基亚N96', '127.0.0.1'),
(276, 1241971556, 1, '编辑商品: 诺基亚N96', '127.0.0.1'),
(277, 1241971981, 1, '添加商品: P806', '127.0.0.1'),
(278, 1241972305, 1, '编辑商品: 飞利浦9@9v', '127.0.0.1'),
(279, 1241972339, 1, '编辑商品: 恒基伟业G101', '127.0.0.1'),
(280, 1241972512, 1, '添加商品分类: 充值卡', '127.0.0.1'),
(281, 1241972554, 1, '添加商品分类: 小灵通/固话充值卡', '127.0.0.1'),
(282, 1241972598, 1, '添加商品分类: 移动手机充值卡', '127.0.0.1'),
(283, 1241972634, 1, '添加商品分类: 联通手机充值卡', '127.0.0.1'),
(284, 1241972709, 1, '添加商品: 小灵通/固话50元充值卡', '127.0.0.1'),
(285, 1241972789, 1, '添加商品: 小灵通/固话20元充值卡', '127.0.0.1'),
(286, 1241972894, 1, '添加商品: 联通100元充值卡', '127.0.0.1'),
(287, 1241972976, 1, '添加商品: 联通50元充值卡', '127.0.0.1'),
(288, 1241973022, 1, '添加商品: 移动100元充值卡', '127.0.0.1'),
(289, 1241973114, 1, '添加商品: 移动20元充值卡', '127.0.0.1'),
(290, 1242105946, 1, '还原数据库备份: 备份时间2009-05-10 16:33:51', '0.0.0.0'),
(291, 1242106383, 1, '编辑商品: 三星BC01', '0.0.0.0'),
(292, 1242106490, 1, '编辑商品: 三星BC01', '0.0.0.0'),
(293, 1242106594, 1, '添加会员账号: ecshop', '0.0.0.0'),
(294, 1242106663, 1, '添加会员等级: vip', '0.0.0.0'),
(295, 1242106727, 1, '添加会员等级: 钻石用户', '0.0.0.0'),
(296, 1242106771, 1, '编辑商品: 诺基亚N96', '0.0.0.0'),
(297, 1242106836, 1, '编辑商品: 诺基亚5320 XpressMusic', '0.0.0.0'),
(298, 1242106894, 1, '添加会员账号: vip', '0.0.0.0'),
(299, 1242106928, 1, '添加会员账号: text', '0.0.0.0'),
(300, 1242106997, 1, '添加会员账号: zhuangshi', '0.0.0.0'),
(301, 1242107017, 1, '删除会员账号: zhuangshi', '0.0.0.0'),
(302, 1242107045, 1, '添加会员账号: zuanshi', '0.0.0.0'),
(303, 1242107052, 1, '编辑会员账号: vip', '0.0.0.0'),
(304, 1242107224, 1, '编辑操作日志: ', '0.0.0.0'),
(305, 1242107360, 1, '添加: 音乐手机', '0.0.0.0'),
(306, 1242107418, 1, '添加: 音乐手机', '0.0.0.0'),
(307, 1242107466, 1, '添加: 音乐手机', '0.0.0.0'),
(308, 1242107517, 1, '添加: 智能手机', '0.0.0.0'),
(309, 1242107557, 1, '添加: 智能手机', '0.0.0.0'),
(310, 1242107611, 1, '添加: 智能手机', '0.0.0.0'),
(311, 1242107825, 1, '添加夺宝奇兵: 夺宝奇兵之诺基亚N96', '0.0.0.0'),
(312, 1242107987, 1, '添加夺宝奇兵: 夺宝奇兵之夏新N7', '0.0.0.0'),
(313, 1242108026, 1, '添加红包类型: 用户红包', '0.0.0.0'),
(314, 1242108084, 1, '添加红包类型: 商品红包', '0.0.0.0'),
(315, 1242108124, 1, '添加红包类型: 订单红包', '0.0.0.0'),
(316, 1242108159, 1, '添加红包类型: 线下红包', '0.0.0.0'),
(317, 1242108754, 1, '添加商品贺卡: 祝福贺卡', '0.0.0.0'),
(318, 1242109088, 1, '添加团购商品: P806', '0.0.0.0'),
(319, 1242109198, 1, '编辑商品: 金立 A30', '0.0.0.0'),
(320, 1242109298, 1, '编辑商品: 金立 A30', '0.0.0.0'),
(321, 1242109354, 1, '添加批发活动: 金立 A30', '0.0.0.0'),
(322, 1242109644, 1, '编辑会员等级: 钻石用户', '0.0.0.0'),
(323, 1242109964, 1, '添加优惠活动: 5.1诺基亚优惠活动', '0.0.0.0'),
(324, 1242110117, 1, '添加拍卖活动: 拍卖活动——索爱C702c', '0.0.0.0'),
(325, 1242110412, 1, '添加商品: 摩托罗拉E8 ', '0.0.0.0'),
(326, 1242110451, 1, '添加: 音乐手机', '0.0.0.0'),
(327, 1242110566, 1, '添加超值礼包: 摩托罗拉E8 大礼包', '0.0.0.0'),
(328, 1242110760, 1, '添加商品: 诺基亚N85', '0.0.0.0'),
(329, 1242110880, 1, '添加超值礼包: 诺基亚N85大礼包', '0.0.0.0'),
(330, 1242140620, 1, '还原数据库备份: 备份时间2009-05-12 06:48:22', '127.0.0.1'),
(331, 1242140683, 1, '添加积分可兑换的商品: 24', '127.0.0.1'),
(332, 1242141551, 1, '安装支付方式: 余额支付', '127.0.0.1'),
(333, 1242141813, 1, '安装配送方式: 申通快递', '127.0.0.1'),
(334, 1242141841, 1, '添加配送区域: 申通', '127.0.0.1'),
(335, 1242141890, 1, '添加配送区域: 1', '127.0.0.1'),
(336, 1242141897, 1, '安装配送方式: 邮局平邮', '127.0.0.1'),
(337, 1242141914, 1, '添加配送区域: 邮局', '127.0.0.1'),
(338, 1242141958, 1, '安装配送方式: 运费到付', '127.0.0.1'),
(339, 1242142014, 1, '添加配送区域: 运费到付', '127.0.0.1'),
(340, 1242142081, 1, '安装支付方式: 银行汇款/转帐', '127.0.0.1'),
(341, 1242142190, 1, '编辑配送区域: 1', '127.0.0.1'),
(342, 1242142210, 1, '编辑配送区域: 运费到付', '127.0.0.1'),
(343, 1242142227, 1, '编辑配送区域: 邮局', '127.0.0.1'),
(344, 1242142503, 1, '编辑红包类型: 商品红包', '127.0.0.1'),
(345, 1242143005, 1, '编辑团购商品: P806[3]', '127.0.0.1'),
(346, 1242143557, 1, '编辑商店设置: ', '127.0.0.1'),
(347, 1242144250, 1, '添加订单: 2009051264945', '127.0.0.1'),
(348, 1242144268, 1, '编辑订单: 2009051264945,订单总金额由 0.00 变为 3800.00', '127.0.0.1'),
(349, 1242144348, 1, '编辑订单: 2009051264945', '127.0.0.1'),
(350, 1242144353, 1, '编辑订单: 2009051264945,订单总金额由 3800.00 变为 3810.00', '127.0.0.1'),
(351, 1242144356, 1, '编辑订单: 2009051264945', '127.0.0.1'),
(352, 1242144359, 1, '编辑订单: 2009051264945', '127.0.0.1'),
(353, 1242144363, 1, '编辑订单: 2009051264945', '127.0.0.1'),
(354, 1242576182, 1, '安装支付方式: 货到付款', '127.0.0.1'),
(355, 1242576584, 1, '添加文章分类: 新手上路 ', '127.0.0.1'),
(356, 1242576615, 1, '添加文章分类: 手机常识 ', '127.0.0.1'),
(357, 1242576627, 1, '添加文章分类: 配送与支付 ', '127.0.0.1'),
(358, 1242576634, 1, '添加文章分类: 服务保证 ', '127.0.0.1'),
(359, 1242576641, 1, '添加文章分类: 联系我们 ', '127.0.0.1'),
(360, 1242576650, 1, '添加文章分类: 会员 ', '127.0.0.1'),
(361, 1242576700, 1, '添加文章: 售后流程', '127.0.0.1'),
(362, 1242576717, 1, '添加文章: 购物流程', '127.0.0.1'),
(363, 1242576727, 1, '添加文章: 订购方式', '127.0.0.1'),
(364, 1242576826, 1, '添加文章: 如何分辨原装电池', '127.0.0.1'),
(365, 1242576911, 1, '添加文章: 如何分辨水货手机 ', '127.0.0.1'),
(366, 1242576927, 1, '添加文章: 如何享受全国联保', '127.0.0.1'),
(367, 1242576971, 1, '编辑文章: 如何分辨原装电池', '127.0.0.1'),
(368, 1242577023, 1, '添加文章: 货到付款区域', '127.0.0.1'),
(369, 1242577032, 1, '添加文章: 配送支付智能查询 ', '127.0.0.1'),
(370, 1242577041, 1, '添加文章: 支付方式说明', '127.0.0.1'),
(371, 1242577080, 1, '编辑文章分类: 会员中心', '127.0.0.1'),
(372, 1242577127, 1, '添加文章: 资金管理', '127.0.0.1'),
(373, 1242577178, 1, '添加文章: 我的收藏', '127.0.0.1'),
(374, 1242577199, 1, '添加文章: 我的订单', '127.0.0.1'),
(375, 1242577230, 1, '编辑文章: 资金管理', '127.0.0.1'),
(376, 1242577293, 1, '添加文章: 退换货原则', '127.0.0.1'),
(377, 1242577308, 1, '添加文章: 售后服务保证 ', '127.0.0.1'),
(378, 1242577326, 1, '添加文章: 产品质量保证 ', '127.0.0.1'),
(379, 1242577409, 1, '编辑文章分类: 联系我们 ', '127.0.0.1'),
(380, 1242577432, 1, '添加文章: 网站故障报告', '127.0.0.1'),
(381, 1242577448, 1, '添加文章: 选机咨询 ', '127.0.0.1'),
(382, 1242577459, 1, '添加文章: 投诉与建议 ', '127.0.0.1'),
(383, 1242577702, 1, '添加文章: 800万像素超强拍照机 LG Viewty Smart再曝光', '127.0.0.1'),
(384, 1242577731, 1, '编辑商品: KD876', '127.0.0.1'),
(385, 1242577749, 1, '编辑商品: 三星BC01', '127.0.0.1'),
(386, 1242577768, 1, '编辑商品: 三星SGH-F258', '127.0.0.1'),
(387, 1242577791, 1, '编辑商品: 诺基亚N85', '127.0.0.1'),
(388, 1242577813, 1, '编辑商品: 诺基亚N96', '127.0.0.1'),
(389, 1242577838, 1, '编辑商品: 诺基亚N96', '127.0.0.1'),
(390, 1242577864, 1, '编辑商品: 诺基亚E66', '127.0.0.1'),
(391, 1242578018, 1, '添加文章分类: 本站手机促销', '127.0.0.1'),
(392, 1242578199, 1, '添加文章: 飞利浦9@9促销', '127.0.0.1'),
(393, 1242578365, 1, '编辑文章: 飞利浦9@9促销', '127.0.0.1'),
(394, 1242578676, 1, '添加文章: 诺基亚5320 促销', '127.0.0.1'),
(395, 1242578826, 1, '添加文章: 促销诺基亚N96', '127.0.0.1'),
(396, 1242578885, 1, '添加文章分类: 站内快讯', '127.0.0.1'),
(397, 1242579069, 1, '添加文章: 诺基亚6681手机广告欣赏', '127.0.0.1'),
(398, 1242579189, 1, '添加文章: 手机游戏下载', '127.0.0.1'),
(399, 1242579559, 1, '添加文章: 三星SGHU308说明书下载', '127.0.0.1'),
(400, 1242579587, 1, '编辑文章: 三星SGHU308说明书下载', '127.0.0.1'),
(401, 1242579622, 1, '编辑文章: 手机游戏下载', '127.0.0.1'),
(402, 1242580013, 1, '添加文章: 3G知识普及', '127.0.0.1'),
(403, 1242973211, 1, '还原数据库备份: 备份时间2009-05-17 17:10:28', '0.0.0.0'),
(404, 1242973252, 1, '编辑商品分类: 联通手机充值卡', '0.0.0.0'),
(405, 1242973362, 1, '编辑商品: 摩托罗拉A810', '0.0.0.0'),
(406, 1242973436, 1, '编辑商品: 索爱C702c', '0.0.0.0'),
(407, 1242973501, 1, '编辑文章分类: 3G资讯', '0.0.0.0'),
(408, 1242974080, 1, '添加拍卖活动: 拍卖活动——索爱C702c(第2期)', '0.0.0.0'),
(409, 1242974159, 1, '编辑拍卖活动: 拍卖活动——索爱C702c(第2期)', '0.0.0.0'),
(410, 1242974327, 1, '添加团购商品: P806', '0.0.0.0'),
(411, 1242974380, 1, '编辑团购商品: P806[8]', '0.0.0.0'),
(412, 1242974613, 1, '添加文章: “沃”的世界我做主', '0.0.0.0'),
(413, 1242976639, 1, '添加用户红包: 1000091405', '0.0.0.0'),
(414, 1244189181, 1, '编辑商品: 索爱C702c', '0.0.0.0'),
(415, 1244189344, 1, '编辑文章分类: 手机促销', '0.0.0.0'),
(416, 1244190576, 1, '编辑文章: 三星SGHU308说明书下载', '0.0.0.0'),
(417, 1244190791, 1, '编辑文章: 三星SGHU308说明书下载', '0.0.0.0'),
(418, 1244190825, 1, '编辑文章: 三星SGHU308说明书下载', '0.0.0.0'),
(419, 1244190882, 1, '编辑文章: 三星SGHU308说明书下载', '0.0.0.0'),
(420, 1244190952, 1, '编辑文章: 三星SGHU308说明书下载', '0.0.0.0'),
(421, 1244191015, 1, '编辑文章: 三星SGHU308说明书下载', '0.0.0.0'),
(422, 1244191031, 1, '编辑文章: 三星SGHU308说明书下载', '0.0.0.0'),
(423, 1244773301, 1, '添加在线调查: 您从哪里知道我们的网站', '0.0.0.0'),
(424, 1244773315, 1, '添加在线调查: 论坛', '0.0.0.0'),
(425, 1244773328, 1, '添加在线调查: 朋友', '0.0.0.0'),
(426, 1244773345, 1, '添加在线调查: 友情链接', '0.0.0.0'),
(427, 1245042408, 1, '还原数据库备份: 备份时间2009-06-12 02:23:14', '0.0.0.0'),
(428, 1245042659, 1, '编辑商品分类: 手机类型', '0.0.0.0'),
(429, 1245042742, 1, '编辑商品分类: GSM手机', '0.0.0.0'),
(430, 1245042772, 1, '编辑商品分类: 手机类型', '0.0.0.0'),
(431, 1245043251, 1, '编辑文章: 三星SGHU308说明书下载', '0.0.0.0'),
(432, 1245043292, 1, '编辑文章: 三星SGHU308说明书下载', '0.0.0.0'),
(433, 1245044142, 1, '编辑权限管理: bjgonghuo1', '0.0.0.0'),
(434, 1245044234, 1, '添加供货商管理: 北京供货商', '0.0.0.0'),
(435, 1245044248, 1, '添加供货商管理: 上海供货商', '0.0.0.0'),
(436, 1245044469, 1, '编辑红包类型: 订单红包', '0.0.0.0'),
(437, 1245044698, 1, '编辑供货商管理: 北京供货商', '0.0.0.0'),
(438, 1245044706, 1, '编辑供货商管理: 上海供货商', '0.0.0.0'),
(439, 1245136915, 1, '还原数据库备份: 备份时间2009-06-15 06:54:05', '0.0.0.0'),
(440, 1245138481, 1, '还原数据库备份: 备份时间2009-06-16 07:47:15', '0.0.0.0'),
(441, 1245220014, 1, '编辑商品: 诺基亚N85', '0.0.0.0'),
(442, 1245220040, 1, '编辑商品: 诺基亚N85', '0.0.0.0'),
(443, 1245220295, 1, '编辑商品: P806', '0.0.0.0'),
(444, 1245220617, 1, '编辑商品: 诺基亚N96', '0.0.0.0'),
(445, 1245220821, 1, '编辑商品: 多普达Touch HD', '0.0.0.0'),
(446, 1245221079, 1, '编辑商品: 金立 A30', '0.0.0.0'),
(447, 1245221279, 1, '编辑商品: 三星BC01', '0.0.0.0'),
(448, 1245221460, 1, '编辑商品: 三星SGH-F258', '0.0.0.0'),
(449, 1245221658, 1, '编辑商品: 夏新N7', '0.0.0.0'),
(450, 1245221889, 1, '编辑商品: 摩托罗拉A810', '0.0.0.0'),
(451, 1245222018, 1, '编辑商品: 诺基亚5800XM', '0.0.0.0'),
(452, 1245222169, 1, '编辑商品: 诺基亚5320 XpressMusic', '0.0.0.0'),
(453, 1245222267, 1, '回收商品: 摩托罗拉A810', '0.0.0.0'),
(454, 1245222409, 1, '编辑商品: 索爱C702c', '0.0.0.0'),
(455, 1245222545, 1, '编辑商品: 诺基亚E66', '0.0.0.0'),
(456, 1245222658, 1, '编辑商品: 飞利浦9@9v', '0.0.0.0'),
(457, 1245222832, 1, '编辑商品: KD876', '0.0.0.0'),
(458, 1245222978, 1, '编辑商店设置: ', '0.0.0.0'),
(459, 1245223043, 1, '编辑商品分类: 手机类型', '0.0.0.0'),
(460, 1245223128, 1, '编辑商品分类: GSM手机', '0.0.0.0'),
(461, 1245223340, 1, '编辑文章: 诺基亚牵手移动 5款热门TD手机机型推荐', '0.0.0.0'),
(462, 1245223387, 1, '编辑文章: 诺基亚牵手移动 5款热门TD手机机型推荐', '0.0.0.0'),
(463, 1245223611, 1, '还原数据库备份: 备份时间2009-06-17 07:23:51', '0.0.0.0');

--
-- `ecs_area_region`
--
INSERT INTO `ecs_area_region` (`shipping_area_id`, `region_id`) VALUES
(1, 1),
(2, 1),
(3, 1),
(4, 3),
(4, 4),
(4, 6),
(4, 9),
(4, 30),
(4, 32);

--
-- `ecs_article`
--

INSERT INTO `ecs_article` (`article_id`, `cat_id`, `title`, `content`, `author`, `author_email`, `keywords`, `article_type`, `is_open`, `add_time`, `file_url`, `open_type`, `link`) VALUES
(7, 4, '三星电子宣布将在中国发布15款3G手机', '<p>全球领先的电子产品及第二大移动通信终端制造商三星电子今天在北京宣布，为全面支持中国开展3G移动通信业务，将在3G服务正式商用之际，向中国市场推出 15款3G手机。这些产品分别支持中国三大无线运营商的各种3G服务，并已经得到运营商的合作认可。凭借在电子和通信领域的整体技术实力和对消费者的准确 把握，三星电子已经开始全面发力中国的3G移动通信市场。<br />\n<br />\n&nbsp;&nbsp;&nbsp;&nbsp;2009年1月，中国政府宣布正式启动3G移动通信服务。并根据中国的实际情况，决定由三大运营商分别采用全部三种3G网络制式，&nbsp;即以中国自主知识产权为核心的TD-SCDMA，以欧洲为主要市场的WCDMA和源自北美的CDMA2000技术。<br />\n<br />\n&nbsp;&nbsp;&nbsp;&nbsp;多 年来，三星电子秉承&ldquo;做中国人民喜爱的企业，贡献于中国社会的企业&rdquo;的企业理念，准确地把握了中国社会的发展和市场的需求，推出了一系列深受中国消费者喜 爱的电子产品。为了配合中国推进具有自主知识产权的3G移动通信标准TD-SCDMA，&nbsp;三星电子从2000年开始在中国设立了通信技术研究院，&nbsp;开始进 行TD-SCDMA技术的研究。作为最早承诺支持中国3G标准的手机制造企业，三星电子已经先后投入了上亿元的研究费用，&nbsp;组建了几百人的研发团队。推出 的TD-SCDMA制式的产品，不仅通过了各级权威部门的试验和检测，也经历了2008年北京奥运会的现场考验。此次为中国移动定制的TD-SCDMA手 机，包括了满足高端商务需求的双待产品B7702C，以及数字电视手机、多媒体手机和时尚手机。<br />\n<br />\n&nbsp;&nbsp;&nbsp;&nbsp;作为世界第二大手机制造企业，三 星电子已经在全球3G市场积累了多年的技术和市场经验。最新的统计表明，在完全采用WCDMA标准的欧洲，三星电子的市场份额已经排名第二。在为中国联通 准备的产品中，不仅包括能够支持HSDPA的高端多媒体手机S7520U，也涵盖了能够支持高速上网、在线电影、在线音乐等适合不同消费需求的各种产品。<br />\n<br />\n&nbsp;&nbsp;&nbsp;&nbsp;而 在主要采用CDMA2000技术的北美市场，三星电子也取得了市场份额的第一名。即将陆续上市的支持中国电信3G服务的EVDO产品，有高端商务手机 W709。该机能够支持EVDO/GSM的双网双待功能，含800万像素拍摄系统。其他产品还包括音乐手机M609，双模手机W239，以及时尚设计的 F539等。<br />\n<br />\n&nbsp;&nbsp;&nbsp;&nbsp;作为世界上少数能够提供支持三种3G标准的终端厂商，三星电子正利用其在通信、半导体、显示器以及数字多媒体等方面 的优势，加快产品数字融合的进程。除上述3G手机产品外，三星电子也于近期推出了用于3G网络的上网卡和网络笔记本电脑。三星电子专务、无线事业部大中华 区高级副总裁卢基学先生说，&ldquo;上述15款新品，&nbsp;只是我们二季度新产品的一部分。随着中国3G移动通信市场的不断扩大，三星还将推出更多适合中国市场的终 端产品，以满足消费者对于通信和数字产品的不同需求。三星也将积极配合运营商业务的发展计划，加快技术和应用的研发。中国3G的移动通信市场前景将是非常 明亮的。&rdquo;</p>', '', '', '', 0, 1, 1241426864, '', 0, 'http://'),
(8, 4, '诺基亚牵手移动 5款热门TD手机机型推荐', '<table width="100%" cellspacing="0" cellpadding="4" align="center" class="tableborder">\r\n<tbody>\r\n<tr>\r\n<td width="180" valign="top" class="altbg4">&nbsp;</td>\r\n<td height="100%" valign="top" class="altbg3">\r\n<table cellspacing="0" cellpadding="0" border="0" style="padding: 5px; table-layout: fixed; width: 973px; height: 2195px;">\r\n<tbody>\r\n<tr>\r\n<td valign="top">\r\n<div class="bbs_content clearfix">随着5月17日电信日的来临，自从09年初网民对于3G方面关注越来越多，目前国内3G网络主要有中国移动TD-SCDMA，中国联通WCDMA以及 中国电信的CDMA2000这三种制式。到底是哪一种网络制式能让消费者满意，相信好多消费者都难以判断。<br />\r\n<br />\r\n而作为3G网络最主要的组 成部分-手持终端（手机） ，相信也是好多消费者关注的焦点。目前，中国移动TD-SCDMA手机机型频频爆出，其中不乏亮点产品，像联想联想 Ophone、诺基亚、多普达 Magic等，下面就让笔者与大家一起来了解TD-SCDMA网络制式下的几款强势机型吧。<br />\r\n<br />\r\n诺基亚TD-SCDMA手机　型号：待定　参考报价：尚未上市<br />\r\n<br />\r\n随着国内3G网络发展速度加快及众多手机厂商纷纷跟进，诺基亚终于推出TD-SCDMA手机，这款诺基亚的首台TD-SCDMA测试手机型号目前仍无法 得知，但从键盘及菜单设计来看，我们可以是知道其并没有采用S60操作系统，只是配备了S40系统，机身直板造型与早期热卖的6300有几分相像。<br />\r\n<br />\r\n<p><img width="450" alt="" src="http://dstatic.esqimg.com/4812278/1.jpg" style="display: block;" /></p>\r\n<br />\r\n<br />\r\n图为：诺基亚TD-SCDMA手机<br />\r\n<br />\r\n虽然没有更多的参数资料，但是从曝光的图片我们可以知道这款诺基亚TD-SCDMA手机必定配备了QVGA分辨率的屏幕以及320万像素的摄像头，而标准的MP3以及蓝牙等功能自然不会缺少，在功能方面不会比以往的S40手机逊色。<br />\r\n<br />\r\n<p><img width="450" alt="" src="http://dstatic.esqimg.com/4812279/2.jpg" style="display: block;" /></p>\r\n<br />\r\n<br />\r\n图为：诺基亚TD-SCDMA手机<br />\r\n<br />\r\n这款诺基亚的TD手机最大的卖点便是提供了对TD-HSDPA技术的支持，最大的功能特色便是该技术被看为是TD网络下一步的演进技术，能够同时适用于 WCDMA和TD-SCDMA两种不同的网络支持，能够很好的支持非对称的数据业务，也就是说这款诺基亚手机的用户即便在全球漫游都能够使用到3G网络。 而其机身前置的摄像头也更是证实了其3G手机的身份。<br />\r\n<br />\r\n<p><img width="450" alt="" src="http://dstatic.esqimg.com/4812280/3.jpg" style="display: block;" /></p>\r\n<p><br />\r\n<br />\r\n图为：诺基亚TD-SCDMA手机<br />\r\n<br />\r\n从目前曝光的测试情况来看，通过这款诺基亚TD手机连接网络，其下载速度能够稳定在1.3Mbps左右，不过根据国内有些媒体的报道，诺基亚官方已经证实将于今天下半年配合运营商中国移动对出自己的第一款TD-SCDMA制式的S60手机，大家要拭目以待了。</p>\r\n<p>&nbsp;</p>\r\n图为：诺基亚TD-SCDMA手机<br />\r\n<br />\r\n最后较为耐人寻味的便是目前有业内人士指出目前曝光的的诺基亚TD手机其实是去年夏季就出现过的 TD测试手机，但是随着诺基亚拥有部分股份的TD芯片厂商&ldquo;凯明&rdquo;的倒闭，这款机型也就被取消了。尽管对于目前这款诺基亚的TD测试手机的身份尚无官方的 消息，但是诺基亚将推出TD手机遗失毫无悬念的事情了，相信大家也希望在TD制式下能够有更多的手机可以选择。</div>\r\n</td>\r\n</tr>\r\n</tbody>\r\n</table>\r\n</td>\r\n</tr>\r\n</tbody>\r\n</table>\r\n<p>&nbsp;</p>', '', '', '', 0, 1, 1241427051, '', 0, 'http://'),
(9, 5, '售后流程', '', '', '', '', 0, 1, 1242576700, '', 0, 'http://'),
(10, 5, '购物流程', '', '', '', '', 0, 1, 1242576717, '', 0, 'http://'),
(11, 5, '订购方式', '', '', '', '', 0, 1, 1242576727, '', 0, 'http://'),
(12, 6, '如何分辨原装电池', '<p><font size="2">一般在购买时主要是依靠观察外观特征的方法来鉴别电池，而原装电池一般应具有以下一些特征：&nbsp;<br />\n<br />\n1、 电池外观整齐，外表面有一定的粗糙度且手感舒适，内表面手感光滑，灯光下能看见细密的纵向划痕&nbsp;<br />\n<br />\n2、 生产厂家字样应该轮廓清晰，且防伪标志亮度高，看上去有立体感，电池标贴 字迹清晰，有与电池类型相一致的电池件号<br />\n3、 电池标贴采用二次印刷技术，在一定光线下从斜面看，条形码部分的颜色比其他部分要黑，且用手触摸有凹凸感<br />\n<br />\n4、 原装电池电极与手机电池片宽度相等，电池电极下方标有&ldquo; + &rdquo;、&ldquo; - &rdquo;标志，电池电极片之间的隔离材料与外壳材料一致，但不是一体<br />\n<br />\n5、 原装电池装入手机时手感舒适，安装自如，电池按压部分卡位适当而且牢固<br />\n<br />\n6、 原装电池的金属触点采用优质的铜片，只有在正面看时才会有反光，而从其它角度看的话，都是比较暗淡的</font></p>', '', '', '', 1, 1, 1242576826, '', 0, 'http://'),
(15, 7, '货到付款区域', '', '', '', '', 0, 1, 1242577023, '', 0, 'http://'),
(16, 7, '配送支付智能查询 ', '', '', '', '', 0, 1, 1242577032, '', 0, 'http://'),
(17, 7, '支付方式说明', '', '', '', '', 0, 1, 1242577041, '', 0, 'http://'),
(18, 10, '资金管理', '', '', '', '', 0, 1, 1242577127, '', 0, 'user.php?act=account_log'),
(19, 10, '我的收藏', '', '', '', '', 0, 1, 1242577178, '', 0, 'user.php?act=collection_list'),
(20, 10, '我的订单', '', '', '', '', 0, 1, 1242577199, '', 0, 'user.php?act=order_list'),
(21, 8, '退换货原则', '', '', '', '服务', 0, 1, 1242577293, '', 0, 'http://'),
(22, 8, '售后服务保证 ', '', '', '', '售后', 0, 1, 1242577308, '', 0, 'http://'),
(23, 8, '产品质量保证 ', '', '', '', '质量', 1, 1, 1242577326, '', 0, 'http://'),
(24, 9, '网站故障报告', '', '', '', '', 0, 1, 1242577432, '', 0, 'http://'),
(25, 9, '选机咨询 ', '', '', '', '', 0, 1, 1242577448, '', 0, 'http://'),
(26, 9, '投诉与建议 ', '', '', '', '', 0, 1, 1242577459, '', 0, 'http://'),
(27, 4, '800万像素超强拍照机 LG Viewty Smart再曝光', '', '', '', '', 0, 1, 1242577702, '', 0, 'http://news.imobile.com.cn/index-a-view-id-66790.html'),
(28, 11, '飞利浦9@9促销', '<p>&nbsp;</p>\r\n<div class="boxCenterList RelaArticle" id="com_v">\r\n<p align="left">作为一款性价比极高的入门级<font size="3" color="#ff0000"><strong>商务手机</strong></font>，飞利浦<a href="mailto:9@9v">Xenium&nbsp; 9@9v</a>三围大小为105&times;44&times;15.8mm，机身重量仅为<strong><font size="3" color="#ff0000">75g</font></strong>，装配了一块低规格1.75英寸128&times;160像素65000色CSTN显示屏。身正面采用月银色功能键区与屏幕数字键区相分隔，键盘设计较为<font size="3"><strong><font color="#ff0000">别</font><font color="#ff0000">致</font></strong></font>，中部导航键区采用钛金色的&ldquo;腰带&rdquo;彰显出浓郁的商务气息。</p>\r\n<p align="left">&nbsp;</p>\r\n<p align="left">此款手机采用<strong><font size="3" color="#ff0000">触摸屏</font></strong>设计，搭配精致的手写笔，可支持手写中文和英文两个版本。增强的内置系统还能识别潦草字迹，确保在移动中和匆忙时输入文字的识别率。手写指令功能还支持特定图案的瞬间调用，独特的手写记事本功能，可以在触摸屏上随意绘制个性化的图案并进行<strong><font size="3" color="#ff0000">记事提醒</font></strong>，让商务应用更加随意。</p>\r\n<p align="left">&nbsp;</p>\r\n<p align="left">&nbsp;作为入门级为数不多支持<strong><font size="3" color="#ff0000">双卡功能</font></strong>的手机，可以同时插入两张SIM卡，通过菜单随意切换，只需开启漫游自动切换模式，<a href="mailto:9@9V">9@9V</a>在该模式下能够判断网络情况，自动切换适合的手机号。</p>\r\n<p align="left">&nbsp;</p>\r\n<p align="left">&nbsp;</p>\r\n</div>\r\n<p>&nbsp;</p>', '', '', '', 0, 1, 1242578199, '', 0, 'http://'),
(29, 11, '诺基亚5320 促销', '<p>&nbsp;</p>\r\n<div id="com_v" class="boxCenterList RelaArticle">\r\n<p>诺基亚5320XpressMusic音乐手机采用XpressMusic系列常见的黑红、黑蓝配色方案，而材质方便则选用的是经过<strong><font size="3" color="#ff0000">抛光处理</font></strong>的工程塑料；三围/体重为，为108&times;46&times;15mm/<strong><font size="3" color="#ff0000">90g</font></strong>，手感舒适。</p>\r\n<p>&nbsp;</p>\r\n<p>诺基亚5320采用的是一块可视面积为2.0英寸的<font size="3" color="#ff0000"><strong>1600万色</strong></font>屏幕，分辨率是常见的240&times;320像素（QVGA）。虽然屏幕不是特别大，但效果非常精细，色彩还原不错。</p>\r\n<p>&nbsp;</p>\r\n<p>手机背面，诺基亚为5320XM配备一颗<strong><font size="3" color="#ff0000">200W像素</font></strong>的摄像头，并且带有<strong><font size="3" color="#ff0000">两个LED的补光灯</font></strong>，可以实现拍照、摄像功能，并能通过彩信、邮件方式发送给朋友。</p>\r\n<p>&nbsp;</p>\r\n</div>\r\n<p>&nbsp;</p>', '', '', '', 1, 1, 1242578676, '', 0, 'http://'),
(30, 11, '促销诺基亚N96', '<p>&nbsp;</p>\r\n<div class="boxCenterList RelaArticle" id="com_v">\r\n<p>诺基亚N96采用了<strong><font size="3" color="#ff0000">双向滑盖</font></strong>设计，机身整体呈灰黑色，沉稳、大气，机身材质采用了高强度的塑料材质，手机背面采用了抛光面板的设计风格。N96三维体积103*55*20mm，重量为125g。屏幕方面，诺基亚N96配备一块<strong><font size="3" color="#ff0000">2.8英寸</font></strong>的屏幕，支持<strong><font size="3" color="#ff0000">1670万色</font></strong>显示，分辨率达到QVGA（320&times;240）水准。</p>\r\n<p>&nbsp;<img src="http://img2.zol.com.cn/product/21/896/ceN6LBMCid3X6.jpg" alt="" /></p>\r\n<p>&nbsp;</p>\r\n<p>诺基亚N96设置有专门的<strong><font size="3" color="#ff0000">音乐播放键</font></strong>和标准的3.5毫米音频插口，支持多格式音乐播放。内置了<strong><font size="3" color="#ff0000">多媒体播放器</font></strong>，支持FM调频收音机等娱乐功能。N96手机支持<strong><font size="3" color="#ff0000">N-Gage游戏平台</font></strong>，内置包括<font size="3" color="#ff0000"><strong>《PinBall》完整版</strong></font>在内的四款N-Gage游戏，除了手机本身内置的游戏，还可以从N-Gage的网站下载或者购买最新的游戏，而且可以在论坛里和其他玩家一起讨论。</p>\r\n<p>&nbsp;</p>\r\n</div>\r\n<p>&nbsp;<img src="http://img2.zol.com.cn/product/21/898/cekkw57qJjSI.jpg" alt="" /></p>', '', '', '', 1, 1, 1242578826, '', 0, 'http://'),
(13, 6, '如何分辨水货手机 ', '<p>\n<div class="artibody">\n<p><font size="2"><strong>1、&nbsp;什么是水货？</strong><br />\n提及水货手机，按照行业内的说法，可以将水货手机分成三类：A类、B类和C类。 </font></p>\n<p><font size="2">A类水货手机是指由国外、港澳台等地区在没有经过正常海关渠道的情况下进入国内市场的产品，就是我们常说的走私货， 与行货的主要差异是在输入法上，这类手机都是英文输入法或者是港澳台地区的繁体中文输入法。这类手机其最主要的目的是为了逃避国家关税或者因为该种产品曾 经过不正当改装而不能够通过正常渠道入关，质量一般没有大的问题。但由于逃避关税本身就是违法的，所以购买这类手机的用户根本得不到任何售后保障服务； </font></p>\n<p><font size="2">B类水货手机就是走私者将手机的系统软件由英文版升级至中文版后，偷运到内地，然后贴上非法渠道购买的入网标志，作为行货手机充数。 </font></p>\n<p><font size="2">C类水货手机则是那些由其他型号机改装、更换芯片等等方法做假&ldquo;生产&rdquo;出来的，或者就是从各地购买手机的部件，自己组装然后再贴上非法购买的入网标志。 </font></p>\n<p><font size="2">水货手机虽然不排除它是原厂正货的可能，但通过市场调研发现，绝大多数水货手机都是改版的次货，而且产品基本没有受国内厂商的保修许可。</font></p>\n<p><font size="2"><strong>2、水货有哪些？</strong>水货有两种，一种俗称港行，也称作水行，这种产品原本是在香港 及周边地区销售的，但是经过非法途径进入大陆地区销售。另一种是欧版水改机，也称作欧版，水改等，此种产品以英文改版机为主，通过刷改机内软件达到英文改 中文的目的，原来这类产品是销往欧美地区的，由于和大陆地区有相当大的价格差，所以通过走私进入中国市场。</font></p>\n<p><font size="2"><strong>3、水货手机的危害</strong><br />\n1、售后服务无保障 <br />\n手机作为精密类电子产品，软件、硬件方面都有可能产生不同的问题。购买正规渠道的手机，一旦出现问题，只要将问题反映给厂商客户服务中心并静候佳音就 可以了。大多数走私手机的贩卖点规模较小，根本没有资金和技术能力建立起自己的维修网点，因此他们往往制定非常苛刻的保修条件，将国家明令的一年保修期缩 短为三个月，并加入完全对走私手机经销商有利的诸如&ldquo;认为摔打&rdquo;等概念难以界定的排除条件(众所周知，手机很有可能发生摔撞事件)，是确确实实的霸王条 款。规定时间内手机出了故障，走私手机经销商会通过曲解条款尽可能地开脱保修责任。即使他们愿意承担保修服务，也需将手机发往广州、深圳等地，委托他人维 修。一来路途漫长，二来经手人繁多，小问题&ldquo;修&rdquo;成了大问题。最终走私手机经销商会以无法维修为由劝客户自行去当地正规客服维修。至于维修费用，他们自然 也不愿意出了。<br />\n<br />\n2、产品本身质量不过关<br />\n&nbsp;&nbsp;&nbsp; 现在很多奸商为了谋取暴利，经常使用C类的翻修或者组装手机冒充A类水货手机进行销售。作为消费者来说面对和正规行货之间巨大的价格差异，他们无法分辨想要购买的手机是否象销售商说的那样质量过硬，在销售商的巧舌如簧下只能眼看自己的钱包&ldquo;减肥&rdquo;。 </font></p>\n<p><font size="2">但是这类翻修或者组装的水货手机往往为了降低成本，其采用的配件往往也是不合格产品，甚至也是伪劣产品，可以想象由这样产品组装起来的手机的质量究竟可以好到那里去。目前在经常看到手机电池爆炸伤人的事件的报道，究其原因也是消费者购买了这些组装的水货手机。</font></p>\n<p><font size="2">而且不光这类手机硬件存在问题，包括手机使用的软件。由于组装的水货硬件规格根本无法保证和原场产品一致，手机使用的软件也会造成和手机硬件的冲突。频繁死机就是家常便饭，更有甚者会造成经常性的电话本丢失，无法联系到好友。</font></p>\n<p><br />\n<font size="2"><strong>4、如何分辨行、水货手机？</strong><br />\n1、看手机上是否贴有信息产业部&ldquo;进网许可&rdquo;标志。水货与正品的入网标志稍微有一点不同：真的入网标志一般都是针式打印机打印的，数字清晰，颜色较浅，仔细看有针打的凹痕；假的入网标志一般是普通喷墨打印机打印的，数字不很清晰，颜色较深，没有凹痕。 </font></p>\n<p><font size="2">2、检查手机的配置，包括中文说明书、电池、充电器等，如果是厂家原配，一般均贴有厂家的激光防伪标志。原厂配置的 中文说明书通常印刷精美，并与其他语言的说明书及相关产品资料的印刷质量、格式、风格等保持一致。不是原厂家配置的中文说明书通常印刷质量低劣，常出现错 别字，甚至字迹模糊。正品手机的包装盒中均附带有原厂合格证、原厂条码卡、原厂保修卡，而水货则没有。 </font></p>\n<p><font size="2">3、确认经销商的保修条例是否与厂家一致，在购买手机时应索要发票和保修卡。 </font></p>\n<p><font size="2">4、电子串号是否一致也是验证是否水货手机的重要途径。首先在手机上按&ldquo;*#06#&rdquo;，一般会在手机上显示15个数 字，这就是本手机的IMEI码。然后打开手机的电池盖，在手机里有一张贴纸，上面也有一个IMEI码，这个码应该同手机上显示的IMEI码完全一致。然后 再检查手机的外包装盒上的贴纸，上面也应该有一个IMEI码，这个码也应该同手机上显示的IMEI码完全一致。如果此三个码有不一致的地方，这个手机就有 问题。</font></p>\n</div>\n<p>&nbsp;</p>\n</p>', '', '', '', 0, 1, 1242576911, '', 0, 'http://'),
(14, 6, '如何享受全国联保', '', '', '', '', 0, 1, 1242576927, '', 0, 'http://'),
(31, 12, '诺基亚6681手机广告欣赏', '<object>\n<param value="always" name="allowScriptAccess" />\n<param value="transparent" name="wmode" />\n<param value="http://6.cn/player.swf?flag=0&amp;vid=nZNyu3nGNWWYjmtPQDY9nQ" name="movie" /><embed width="480" height="385" src="http://6.cn/player.swf?flag=0&amp;vid=nZNyu3nGNWWYjmtPQDY9nQ" allowscriptaccess="always" wmode="transparent" type="application/x-shockwave-flash"></embed></object>', '', '', '', 0, 1, 1242579069, '', 0, 'http://'),
(32, 12, '手机游戏下载', '<p>三星SGHU308说明书下载，点击相关链接下载</p>', '', '', '', 1, 1, 1242579189, '', 0, 'http://soft.imobile.com.cn/index-a-list_softs-cid-1.html'),
(33, 12, '三星SGHU308说明书下载', '<p>三星SGHU308说明书下载</p>', '', '', '', 1, 1, 1242579559, 'data/article/1245043292228851198.rar', 2, 'http://'),
(34, 12, '3G知识普及', '<p>\n<h2>3G知识普及</h2>\n<div class="t_msgfont" id="postmessage_8792145"><font color="black">3G，全称为3rd Generation，中文含义就是指第三代数字通信。<br />\n</font><br />\n<font color="black">　　1995年问世的第一代<span class="t_tag" onclick="tagshow(event)" href="http://mbbs.enet.com.cn/tag.php?name=%C4%A3%C4%E2">模拟</span>制式<span class="t_tag" onclick="tagshow(event)" href="http://mbbs.enet.com.cn/tag.php?name=%CA%D6%BB%FA">手机</span>（1G）只能进行<span class="t_tag" onclick="tagshow(event)" href="http://mbbs.enet.com.cn/tag.php?name=%D3%EF%D2%F4">语音</span>通话；<br />\n</font><br />\n<font color="black">　　1996到1997年出现的第二代GSM、TDMA等数字制式手机（2G）便增加了接收数据的功能，如接收电子邮件或网页；<br />\n</font><br />\n<font color="black">　　3G不是2009年诞生的，它是上个世纪的产物，而早在2007年国外就已经产生4G了，而<span class="t_tag" onclick="tagshow(event)" href="http://mbbs.enet.com.cn/tag.php?name=%D6%D0%B9%FA">中国</span>也于2008年成功开发出<span class="t_tag" onclick="tagshow(event)" href="http://mbbs.enet.com.cn/tag.php?name=%D6%D0%B9%FA">中国</span>4G，其网络传输的速度可达到每秒钟2G，也就相当于下一部电影只要一秒钟。在上世纪90年末的日韩电影如《我的野蛮女友》中，女主角使用的可以让对方看见自己的视频<span class="t_tag" onclick="tagshow(event)" href="http://mbbs.enet.com.cn/tag.php?name=%B5%E7%BB%B0">电话</span>，就是属于3G技术的重要运用之一。日韩等国3G的运用是上世纪末期的事。而目前国外有些地区已经试运行3.5G甚至4G网络。<br />\n</font><br />\n<font color="black">　 </font><font color="black">（以下为误导）2009年问世的第三代（3G）与 前两代的主要区别是在传输声音和数据的速度上的提升，它能够在全球范围内更好地实现无缝漫游，并处理图像、音乐、视频流等多种媒体形式，提供包括网页浏 览、电话会议、电子商务等多种信息服务，同时也要考虑与已有第二代系统的良好兼容性。为了提供这种服务，无线网络必须能够支持不同的数据传输速度，也就是 说在室内、室外和行车的环境中能够分别支持至少2Mbps（兆比特／每秒）、384kbps（千比特／每秒）以及144kbps的传输速度。（此数值根据 网络环境会发生变化)。<br />\n</font><br />\n<font color="black">　　3G标准，国际电信联盟(ITU)目前一共确定了全球四大3G标准，它们分别是WCDMA、CDMA2000和TD-SCDMA和WiMAX。</font><br />\n<br />\n<font color="black">3G标准　　国际电信联盟（ITU）在2000年5月确定W-CDMA、CDMA2000、TD-SCDMA以 及WiMAX四大主流无线接口标准，写入3G技术指导性文件《2000年国际移动通讯计划》（简称IMT&mdash;2000）。 CDMA是Code Division Multiple Access (码分多址)的缩写，是第三代移动通信系统的技术基础。第一代移动通信系统采用频分多址(FDMA)的模拟调制方式，这种系统的主要缺点是频谱利用率低， 信令干扰话音业务。第二代移动通信系统主要采用时分多址(TDMA)的数字调制方式，提高了系统容量，并采用独立信道传送信令，使系统性能大大改善，但 TDMA的系统容量仍然有限，越区切换性能仍不完善。CDMA系统以其频率规划简单、系统容量大、频率复用系数高、抗多径能力强、通信质量好、软容量、软 切换等特点显示出巨大的发展潜力。下面分别介绍一下3G的几种标准：<br />\n</font><br />\n<br />\n<font color="black">　　 </font><br />\n<font color="black">(1) W-CDMA</font><font color="black"><br />\n</font><br />\n<br />\n<font color="black">　　也称为WCDMA，全称为Wideband CDMA，也称为CDMA Direct Spread，意为宽频分码多重存取，这是基于GSM网发展出来的3G技术规范，是欧洲提出的宽带CDMA技术，它与日本提出的宽带CDMA技术基本相 同，目前正在进一步融合。W-CDMA的支持者主要是以GSM系统为主的欧洲厂商，日本公司也或多或少参与其中，包括欧美的爱立信、阿尔卡特、<span class="t_tag" onclick="tagshow(event)" href="http://mbbs.enet.com.cn/tag.php?name=%C5%B5%BB%F9%D1%C7">诺基亚</span>、 朗讯、北电，以及日本的NTT、富士通、夏普等厂商。 该标准提出了GSM(2G)-GPRS-EDGE-WCDMA(3G)的演进策略。这套系统能够架设在现有的GSM网络上，对于系统提供商而言可以较轻易 地过渡，但是GSM系统相当普及的亚洲对这套新技术的接受度预料会相当高。因此W-CDMA具有先天的市场优势。<br />\n</font><br />\n<br />\n<font color="black">　　 </font><br />\n<font color="black">(2)CDMA2000</font><font color="black"><br />\n</font><br />\n<br />\n<font color="black">　　CDMA2000是由窄带CDMA(CDMA IS95)技术发展而来的宽带CDMA技术，也称为CDMA Multi-Carrier，它是由美国高通北美公司为主导提出，<span class="t_tag" onclick="tagshow(event)" href="http://mbbs.enet.com.cn/tag.php?name=%C4%A6%CD%D0%C2%DE%C0%AD">摩托罗拉</span>、Lucent 和后来加入的韩国三星都有参与，韩国现在成为该标准的主导者。这套系统是从窄频CDMAOne数字标准衍生出来的，可以从原有的CDMAOne结构直接升 级到3G，建设成本低廉。但目前使用CDMA的地区只有日、韩和北美，所以CDMA2000的支持者不如W-CDMA多。不过CDMA2000的研发技术 却是目前各标准中进度最快的，许多3G手机已经率先面世。该标准提出了从CDMA IS95(2G)-CDMA20001x-CDMA20003x(3G)的演进策略。CDMA20001x被称为2.5代移动通信技术。 CDMA20003x与CDMA20001x的主要区别在于应用了多路载波技术，通过采用三载波使带宽提高。目前<span class="t_tag" onclick="tagshow(event)" href="http://mbbs.enet.com.cn/tag.php?name=%D6%D0%B9%FA%B5%E7%D0%C5">中国电信</span>正在采用这一方案向3G过渡，并已建成了CDMA IS95网络。<br />\n</font><br />\n<br />\n<font color="black">　　 </font><br />\n<font color="black">(3)TD-SCDMA</font><font color="black"><br />\n</font><br />\n<br />\n<font color="black">　　全称为Time Division - Synchronous CDMA(时分<span class="t_tag" onclick="tagshow(event)" href="http://mbbs.enet.com.cn/tag.php?name=%CD%AC%B2%BD">同步</span>CDMA)，该标准是由中国大陆独自制定的3G标准，1999年6月29日，中国原邮电部电信科学技术研究院（大唐电信）向ITU提出。该标准将智能无线、<span class="t_tag" onclick="tagshow(event)" href="http://mbbs.enet.com.cn/tag.php?name=%CD%AC%B2%BD">同步</span>CDMA和<span class="t_tag" onclick="tagshow(event)" href="http://mbbs.enet.com.cn/tag.php?name=%C8%ED%BC%FE">软件</span>无 线电等当今国际领先技术融于其中，在频谱利用率、对业务支持具有灵活性、频率灵活性及成本等方面的独特优势。另外，由于中国内的庞大的市场，该标准受到各 大主要电信设备厂商的重视，全球一半以上的设备厂商都宣布可以支持TD&mdash;SCDMA标准。 该标准提出不经过2.5代的中间环节，直接向3G过渡，非常适用于GSM系统向3G升级。<br />\n</font><br />\n<br />\n<font color="black">　　 </font><br />\n<font color="black">(4)WiMAX</font><font color="black"><br />\n</font><br />\n<br />\n<font color="black">　　WiMAX 的全名是微波存取全球互通(Worldwide Interoperability for Microwave Access)，又称为802&middot;16无线城域网，是又一种为企业和家庭用户提供&ldquo;最后一英里&rdquo;的宽带无线连接方案。将此技术与需要授权或免授权的微波设备 相结合之后，由于成本较低，将扩大宽带无线市场，改善企业与服务供应商的认知度。2007年10月19日，国际电信联盟在日内瓦举行的无线通信全体会议 上，经过多数国家投票通过，WiMAX正式被批准成为继WCDMA、CDMA2000和TD-SCDMA之后的第四个全球3G标准。</font></div>\n</p>', '', '', '', 0, 1, 1242580013, '', 0, 'http://'),
(35, 4, '“沃”的世界我做主', '<p><strong>导语：<br />\n<br />\n</strong>&nbsp;&nbsp;&nbsp;&nbsp;今年5月17日，是每年一度的世界电信日。同时，也是值得中国人民高兴的日子。昨天，中国联通企业品牌下的全品牌业务&ldquo;沃&rdquo;开始试商用，这也就意味着继中国移动、中国电信之后，国内第三种3G网络将要走入我们的生活，为我们带来更加快速便捷的通信服务。<br />\n<br />\n&nbsp;&nbsp;&nbsp;&nbsp;沃，意味着此品牌将为用户提供一个丰盈的平台，为个人客户、家庭客户、集团客户和企业服务提供全面的支撑，它代表着中国联通全新的服务理念和创新的品牌精神，在3G时代，为客户提供精彩的信息化服务。<br />\n<br />\n&nbsp;&nbsp;&nbsp;&nbsp;下面小编为各位介绍几款各大手机品牌专为&ldquo;沃&rdquo;打造的定制机型，为您迎接&ldquo;沃&rdquo;的到来做好充分准备。</p>\n<p><strong>诺基亚6210si<br />\n<br />\n</strong>&nbsp;&nbsp;&nbsp;&nbsp;诺基亚6210s大家肯定不陌生，经典的滑盖导航手机。其实6210si 与6210s外观、参数、硬件配置几乎完全一样，只不过在6210s的基础上，增加了对WCDMA网络的支持，成为中国联通定制手机。6210si采用诺 基亚经典的滑盖机身设计，机身面板为钢琴烤漆材质，高贵优雅。机身背板则为磨砂外观工程塑料材质，美观的同时增加了手机与手掌间的摩擦系数，防止使用中手 机滑落。</p>\n<p><strong>摩托罗拉A3100<br />\n</strong><br />\n&nbsp;&nbsp;&nbsp;&nbsp;作为摩托罗拉旗下为中国联通定制的A3100，它有着经典的鹅卵石造型， 大气稳重。从最初的U6，到U9再到A3100，鹅卵石的辉煌依旧。A3100有着高贵的血统，钢琴烤漆黑色面板，金属拉丝机身以及 Windows&nbsp;Mobile&nbsp;6.1&nbsp;Professional操作系统，都告诉我们它绝对是一部不可多得的好手机。</p>\n<p><br />\n<strong>三星S7520U<br />\n</strong><br />\n&nbsp;&nbsp;&nbsp;&nbsp;三星S7520U外观造型时尚，镜面设计以及超薄的 98.4&times;55&times;11.6mm金属机身，更适合女性朋友使用。通观机身，最显眼的就要数这3.0英寸的超大触摸屏幕了，400x240的WQGVA级别分 辨率，能够比QVGA级别屏幕显示更为细腻，细节表现力更强。500万像素摄像头说明了该机还是一名拍照能手，捕捉精彩瞬间不在话下。</p>', '', '', '', 0, 0, 1242974613, '', 0, 'http://');

--
-- `ecs_article_cat`
--

INSERT INTO `ecs_article_cat` (`cat_id`, `cat_name`, `cat_type`, `keywords`, `cat_desc`, `sort_order`, `show_in_nav`, `parent_id`) VALUES
(4, '3G资讯', 1, '', '', 50, 0, 0),
(5, '新手上路 ', 5, '', '', 50, 0, 3),
(6, '手机常识 ', 5, '', '手机常识 ', 50, 0, 3),
(7, '配送与支付 ', 5, '', '配送与支付 ', 50, 0, 3),
(8, '服务保证 ', 5, '', '', 50, 0, 3),
(9, '联系我们 ', 5, '', '联系我们 ', 50, 0, 3),
(10, '会员中心', 5, '', '', 50, 0, 3),
(11, '手机促销', 1, '', '', 50, 0, 0),
(12, '站内快讯', 1, '', '', 50, 0, 0);

--
-- `ecs_auction_log`
--
INSERT INTO `ecs_auction_log` (`log_id`, `act_id`, `bid_user`, `bid_price`, `bid_time`) VALUES
(1, 4, 1, 170.00, 1242144083);

--
-- `ecs_back_order`
--
INSERT INTO `ecs_back_order` (`back_id`, `delivery_sn`, `order_sn`, `order_id`, `invoice_no`, `add_time`, `shipping_id`, `shipping_name`, `user_id`, `action_user`, `consignee`, `address`, `country`, `province`, `city`, `district`, `sign_building`, `email`, `zipcode`, `tel`, `mobile`, `best_time`, `postscript`, `how_oos`, `insure_fee`, `shipping_fee`, `update_time`, `suppliers_id`, `status`, `return_time`, `agency_id`) VALUES
(1, '20090615054961769', '2009061585887', 15, '2009061585884', 1245044533, 3, '', 1, 'admin', '刘先生', '海兴大厦', 1, 2, 52, 502, '', 'ecshop@ecshop.com', '', '010-25851234', '13986765412', '', '', '等待所有商品备齐后再发', 0.00, 10.00, 1245044964, 2, 0, 1245045515, 0),
(2, '20090615055104671', '2009061585887', 15, '20090615', 1245044533, 3, '', 1, 'admin', '刘先生', '海兴大厦', 1, 2, 52, 502, '', 'ecshop@ecshop.com', '', '010-25851234', '13986765412', '', '', '等待所有商品备齐后再发', 0.00, 10.00, 1245045061, 1, 0, 1245045515, 0),
(3, '20090615055780744', '2009061585887', 15, '123232', 1245044533, 3, '', 1, 'admin', '刘先生', '海兴大厦', 1, 2, 52, 502, '', 'ecshop@ecshop.com', '', '010-25851234', '13986765412', '', '', '等待所有商品备齐后再发', 0.00, 10.00, 1245045443, 0, 0, 1245045515, 0),
(4, '20090615064331475', '2009061503335', 17, '00906150333512', 1245047978, 3, '', 1, 'admin', '刘先生', '海兴大厦', 1, 2, 52, 502, '', 'ecshop@ecshop.com', '', '010-25851234', '13986765412', '', '', '等待所有商品备齐后再发', 0.00, 10.00, 1245048189, 0, 0, 1245048212, 0);

--
-- `ecs_bonus_type`
--
INSERT INTO `ecs_bonus_type` (`type_id`, `type_name`, `type_money`, `send_type`, `min_amount`, `max_amount`, `send_start_date`, `send_end_date`, `use_start_date`, `use_end_date`, `min_goods_amount`) VALUES
(1, '用户红包', 2.00, 0, 0.00, 0.00, 1242057600, 1244736000, 1242057600, 1250006400, 500.00),
(2, '商品红包', 10.00, 1, 0.00, 0.00, 1241971200, 1250352000, 1242057600, 1250006400, 500.00),
(3, '订单红包', 20.00, 2, 1500.00, 0.00, 1242057600, 1309363200, 1242057600, 1257955200, 800.00),
(4, '线下红包', 5.00, 3, 0.00, 0.00, 1242057600, 1244736000, 1242057600, 1255449600, 360.00);

--
-- `ecs_booking_goods`
--
INSERT INTO `ecs_booking_goods` (`rec_id`, `user_id`, `email`, `link_man`, `tel`, `goods_id`, `goods_desc`, `goods_number`, `booking_time`, `is_dispose`, `dispose_user`, `dispose_time`, `dispose_note`) VALUES
(1, 1, 'ecshop@ecshop.com', '刘先生', '13986765412', 19, '可以补货吗？\n我想要一个', 1, 1242142762, 0, '', 0, ''),
(2, 3, 'text@ecshop.com', '叶先生', '13588104710', 17, '什么时候有货', 1, 1242143592, 0, '', 0, '');

--
-- `ecs_brand`
--
INSERT INTO `ecs_brand` (`brand_id`, `brand_name`, `brand_logo`, `brand_desc`, `site_url`, `sort_order`, `is_show`) VALUES
(1, '诺基亚', '1240803062307572427.gif', '公司网站：http://www.nokia.com.cn/\n\n客服电话：400-880-0123', 'http://www.nokia.com.cn/', 50, 1),
(2, '摩托罗拉', '1240802922410634065.gif', '官方咨询电话：4008105050\n售后网点：http://www.motorola.com.cn/service/carecenter/search.asp ', 'http://www.motorola.com.cn', 50, 1),
(3, '多普达', '1240803144788047486.gif', '官方咨询电话：4008201668\n售后网点：http://www.dopod.com/pc/service/searchresult2.php ', 'http://www.dopod.com ', 50, 1),
(4, '飞利浦', '1240803247838195732.gif', '官方咨询电话：4008800008\n售后网点：http://www.philips.com.cn/service/mustservice/index.page ', 'http://www.philips.com.cn ', 50, 1),
(5, '夏新', '1240803352280856940.gif', '官方咨询电话：4008875777\n售后网点：http://www.amobile.com.cn/service_fwyzc.asp ', 'http://www.amobile.com.cn', 50, 1),
(6, '三星', '1240803412367015368.gif', '官方咨询电话：8008105858\n售后网点：http://cn.samsungmobile.com/cn/support/search_area_o.jsp ', 'http://cn.samsungmobile.com', 50, 1),
(7, '索爱', '1240803482283160654.gif', '官方咨询电话：4008100000\n售后网点：http://www.sonyericsson.com/cws/common/contact?cc=cn&lc=zh ', 'http://www.sonyericsson.com.cn/', 50, 1),
(8, 'LG', '1240803526904622792.gif', '官方咨询电话：4008199999\n售后网点：http://www.lg.com.cn/front.support.svccenter.retrieveCenter.laf?hrefId=9 ', 'http://cn.wowlg.com', 50, 1),
(9, '联想', '1240803578417877983.gif', '官方咨询电话：4008188818\n售后网点：http://www.lenovomobile.com/service/kf-wanglou.asp', 'http://www.lenovomobile.com/', 50, 1),
(10, '金立', '', '官方咨询电话：4007796666\n售后网点：http://www.gionee.net/service.asp ', 'http://www.gionee.net', 50, 1),
(11, '  恒基伟业', '1240803736391383580.gif', '官方咨询电话：4008899126\n售后网点：http://www.htwchina.com/htwt/wexiu.shtml ', 'http://www.htwchina.com', 50, 1);

--
-- `ecs_card`
--
INSERT INTO `ecs_card` (`card_id`, `card_name`, `card_img`, `card_fee`, `free_money`, `card_desc`) VALUES
(1, '祝福贺卡', '1242108754847457261.jpg', 5.00, 1000.00, '把您的祝福带给您身边的人');

--
-- `ecs_cart`
--
INSERT INTO `ecs_cart` (`rec_id`, `user_id`, `session_id`, `goods_id`, `goods_sn`, `goods_name`, `market_price`, `goods_price`, `goods_number`, `goods_attr`, `is_real`, `extension_code`, `parent_id`, `rec_type`, `is_gift`, `can_handsel`, `goods_attr_id`) VALUES
(40, 0, 0x3530323637633931386364393039643334356463303335343962346332373138, 24, 'ECS000024', 'P806', 2400.00, 2000.00, 1, '', 1, '', 0, 0, 0, 0, 0),
(42, 1, 0x6263626363313439326563613632336536323461613933613937386565363664, 24, 'ECS000024', 'P806', 2400.00, 100.00, 5, '', 1, '', 0, 1, 0, 0, 0);

--
--  `ecs_category`
--
INSERT INTO `ecs_category` (`cat_id`, `cat_name`, `keywords`, `cat_desc`, `parent_id`, `sort_order`, `template_file`, `measure_unit`, `show_in_nav`, `style`, `is_show`, `grade`, `filter_attr`) VALUES
(1, '手机类型', '', '', 0, 50, '', '', 0, '', 1, 5, '172,185,178'),
(2, 'CDMA手机', '', '', 1, 50, '', '', 0, '', 1, 0, '6'),
(3, 'GSM手机', '', '', 1, 50, '', '台', 1, '', 1, 4, '185,189,173,178'),
(4, '3G手机', '', '', 1, 50, '', '', 1, '', 1, 0, '28'),
(5, '双模手机', '', '', 1, 50, '', '', 0, '', 1, 5, '18'),
(6, '手机配件', '', '', 0, 50, '', '', 1, '', 1, 0, '0'),
(7, '充电器', '', '', 6, 50, '', '', 0, '', 1, 0, '0'),
(8, '耳机', '', '', 6, 50, '', '', 0, '', 1, 0, '0'),
(9, '电池', '', '', 6, 50, '', '', 0, '', 1, 0, '0'),
(11, '读卡器和内存卡', '', '', 6, 50, '', '', 0, '', 1, 0, '0'),
(12, '充值卡', '', '', 0, 50, '', '', 0, '', 1, 0, '0'),
(13, '小灵通/固话充值卡', '', '', 12, 50, '', '', 0, '', 1, 0, '0'),
(14, '移动手机充值卡', '', '', 12, 50, '', '', 0, '', 1, 0, '0'),
(15, '联通手机充值卡', '', '', 12, 50, '', '', 0, '', 1, 0, '0');

--
-- `ecs_cat_recommend`
--
INSERT INTO `ecs_cat_recommend` (`cat_id`, `recommend_type`) VALUES
(3, 1),
(3, 2),
(3, 3),
(5, 1),
(5, 2),
(5, 3),
(12, 1),
(12, 2),
(12, 3),
(13, 3),
(14, 2),
(14, 3),
(15, 1),
(15, 2);

--
-- `ecs_comment`
--
INSERT INTO `ecs_comment` (`comment_id`, `comment_type`, `id_value`, `email`, `user_name`, `content`, `comment_rank`, `add_time`, `ip_address`, `status`, `parent_id`, `user_id`) VALUES
(1, 0, 12, 'ecshop@ecshop.com', 'ecshop', '很好，我很喜欢', 5, 1242107120, '0.0.0.0', 1, 0, 1),
(2, 0, 22, 'ecshop@ecshop.com', 'ecshop', '这个我不是很适合我', 5, 1242107295, '0.0.0.0', 0, 0, 1);

--
-- `ecs_delivery_goods`
--
INSERT INTO `ecs_delivery_goods` (`rec_id`, `delivery_id`, `goods_id`, `goods_name`, `brand_name`, `goods_sn`, `is_real`, `extension_code`, `parent_id`, `send_number`) VALUES
(1, 1, 13, '诺基亚5320 XpressMusic', '诺基亚', 'ECS000013', 1, '', 0, 3),
(2, 1, 14, '诺基亚5800XM', '诺基亚', 'ECS000014', 1, '', 0, 1),
(3, 2, 24, 'P806', '联想', 'ECS000024', 1, '', 0, 3),
(4, 2, 9, '诺基亚E66', '诺基亚', 'ECS000009', 1, '', 0, 1),
(5, 3, 24, 'P806', '联想', 'ECS000024', 1, '', 0, 1),
(6, 3, 8, '飞利浦9@9v', '飞利浦', 'ECS000008', 1, '', 0, 3),
(7, 4, 12, '摩托罗拉A810', '摩托罗拉', 'ECS000012', 1, '', 0, 2),
(8, 5, 24, 'P806', '联想', 'ECS000024', 1, '', 0, 1);

--
-- `ecs_delivery_order`
--
INSERT INTO `ecs_delivery_order` (`delivery_id`, `delivery_sn`, `order_sn`, `order_id`, `invoice_no`, `add_time`, `shipping_id`, `shipping_name`, `user_id`, `action_user`, `consignee`, `address`, `country`, `province`, `city`, `district`, `sign_building`, `email`, `zipcode`, `tel`, `mobile`, `best_time`, `postscript`, `how_oos`, `insure_fee`, `shipping_fee`, `update_time`, `suppliers_id`, `status`, `agency_id`) VALUES
(1, '20090615054961769', '2009061585887', 15, '2009061585884', 1245044533, 3, '城际快递', 1, 'admin', '刘先生', '海兴大厦', 1, 2, 52, 502, '', 'ecshop@ecshop.com', '', '010-25851234', '13986765412', '', '', '等待所有商品备齐后再发', 0.00, 10.00, 1245044964, 2, 1, 0),
(2, '20090615055104671', '2009061585887', 15, '20090615', 1245044533, 3, '城际快递', 1, 'admin', '刘先生', '海兴大厦', 1, 2, 52, 502, '', 'ecshop@ecshop.com', '', '010-25851234', '13986765412', '', '', '等待所有商品备齐后再发', 0.00, 10.00, 1245045061, 1, 1, 0),
(3, '20090615055780744', '2009061585887', 15, '123232', 1245044533, 3, '城际快递', 1, 'admin', '刘先生', '海兴大厦', 1, 2, 52, 502, '', 'ecshop@ecshop.com', '', '010-25851234', '13986765412', '', '', '等待所有商品备齐后再发', 0.00, 10.00, 1245045443, 0, 1, 0),
(4, '20090615060281017', '2009061525429', 16, '2009061525121', 1245045672, 3, '城际快递', 1, 'admin', '刘先生', '海兴大厦', 1, 2, 52, 502, '', 'ecshop@ecshop.com', '', '010-25851234', '13986765412', '', '', '等待所有商品备齐后再发', 0.00, 10.00, 1245045723, 2, 0, 0),
(5, '20090615064331475', '2009061503335', 17, '00906150333512', 1245047978, 3, '城际快递', 1, 'admin', '刘先生', '海兴大厦', 1, 2, 52, 502, '', 'ecshop@ecshop.com', '', '010-25851234', '13986765412', '', '', '等待所有商品备齐后再发', 0.00, 10.00, 1245048189, 0, 1, 0);

--
-- `ecs_exchange_goods`
--
INSERT INTO `ecs_exchange_goods` (`goods_id`, `exchange_integral`, `is_exchange`, `is_hot`) VALUES
(24, 17000, 1, 0),
(19, 80000, 1, 0);

--
-- `ecs_favourable_activity`
--
INSERT INTO `ecs_favourable_activity` (`act_id`, `act_name`, `start_time`, `end_time`, `user_rank`, `act_range`, `act_range_ext`, `min_amount`, `max_amount`, `act_type`, `act_type_ext`, `gift`, `sort_order`) VALUES
(1, '5.1诺基亚优惠活动', 1241107200, 1253030400, '1,2', 2, '1', 500.00, 5000.00, 2, 95.00, 'a:0:{}', 50);

--
-- `ecs_feedback`
--
INSERT INTO `ecs_feedback` (`msg_id`, `parent_id`, `user_id`, `user_name`, `user_email`, `msg_title`, `msg_type`, `msg_status`, `msg_content`, `msg_time`, `message_img`, `order_id`, `msg_area`) VALUES
(1, 0, 1, 'ecshop', 'ecshop@ecshop.com', '三星SGH-F258什么时候到', 4, 0, '三星SGH-F258什么时候有货', 1242107197, '', 0, 0);

--
-- `ecs_goods`
--

INSERT INTO `ecs_goods` VALUES (1, 4, 'ECS000000', 'KD876', '+', 7, 8, '', 1, 0.110, 1665.60, 1388.00, 0.00, 0, 0, 1, 'LG 3g 876 支持 双模 2008年04月 灰色 GSM,850,900,1800,1900', '', '<p>&nbsp;&nbsp;&nbsp;&nbsp;&nbsp;&nbsp;&nbsp;&nbsp; 很多朋友都已经抢先体验了3G网络的可视通话、高速上网等功能。LG KD876手机<span style="font-size: x-large;"><span style="color: rgb(255, 0, 0);"><strong>支持TD-SCDMA/GSM双模单待</strong></span></span>，便于测试初期GSM网络和TD网络之间的切换和共享。</p>\r\n<p>&nbsp;&nbsp;&nbsp;&nbsp;&nbsp;&nbsp; LG KD876手机整体采用银色塑料材质，<strong><span style="font-size: x-large;"><span style="color: rgb(255, 0, 0);">特殊的旋转屏设计是本机的亮点</span></span></strong>，而机身背部的300万像素摄像头也是首发的六款TD-SCDMA手机中配置最高的。LG KD876手机屏幕下方设置有外键盘，该键盘由左/右软键、通话/挂机键、返回键、五维摇杆组成，摇杆灵敏度很高，定位准确。KD876的内键盘由标准12个电话键和三个功能键、一个内置摄像头组成。三个功能键分别为视频通话、MP3、和菜单键，所有按键的手感都比较一般，键程适中，当由于按键排列过于紧密，快速发短信时很容易误按，用户在使用时一定要多加注意。LG KD876手机机身周边的接口设计非常简洁，手机的厚度主要来自屏幕旋转轴的长度，如果舍弃旋屏设计的话，估计<span style="font-size: x-large;"><strong><span style="color: rgb(255, 0, 0);">厚度可以做到10mm以下</span></strong></span>。</p>', 'images/200905/thumb_img/1_thumb_G_1240902890710.jpg', 'images/200905/goods_img/1_G_1240902890755.jpg', 'images/200905/source_img/1_G_1240902890895.gif', 1, '', 1, 1, 0, 13, 1240902890, 100, 0, 1, 1, 1, 0, 0, 1269589545, 9, '', -1, -1, NULL, NULL);
INSERT INTO `ecs_goods` VALUES (4, 8, 'ECS000004', '诺基亚N85原装充电器', '+', 0, 1, '', 17, 0.000, 69.60, 58.00, 0.00, 0, 0, 1, '', '', '', 'images/200905/thumb_img/4_thumb_G_1241422402467.jpg', 'images/200905/goods_img/4_G_1241422402722.jpg', 'images/200905/source_img/4_G_1241422402919.jpg', 1, '', 1, 0, 0, 0, 1241422402, 100, 0, 0, 0, 0, 0, 0, 1242110662, 6, '', -1, -1, NULL, NULL);
INSERT INTO `ecs_goods` VALUES (3, 8, 'ECS000002', '诺基亚原装5800耳机', '+', 3, 1, '', 24, 0.000, 81.60, 68.00, 0.00, 0, 0, 1, '', '', '', 'images/200905/thumb_img/3_thumb_G_1241422082679.jpg', 'images/200905/goods_img/3_G_1241422082168.jpg', 'images/200905/source_img/3_G_1241422082367.jpg', 1, '', 1, 1, 0, 0, 1241422082, 100, 0, 0, 0, 0, 0, 0, 1241972255, 6, '', -1, -1, NULL, NULL);
INSERT INTO `ecs_goods` VALUES (5, 11, 'ECS000005', '索爱原装M2卡读卡器', '+', 3, 7, '', 8, 0.000, 24.00, 20.00, 0.00, 0, 0, 1, '', '', '', 'images/200905/thumb_img/5_thumb_G_1241422518886.jpg', 'images/200905/goods_img/5_G_1241422518773.jpg', 'images/200905/source_img/5_G_1241422518470.jpg', 1, '', 1, 1, 0, 0, 1241422518, 100, 0, 1, 1, 0, 0, 0, 1241972241, 2, '', -1, -1, NULL, NULL);
INSERT INTO `ecs_goods` VALUES (6, 11, 'ECS000006', '胜创KINGMAX内存卡', '+', 0, 0, '', 15, 0.000, 50.40, 42.00, 0.00, 0, 0, 1, '', '', '', '', '', '', 1, '', 1, 0, 0, 0, 1241422573, 100, 0, 0, 0, 0, 0, 0, 1241972238, 6, '', -1, -1, NULL, NULL);
INSERT INTO `ecs_goods` VALUES (7, 8, 'ECS000007', '诺基亚N85原装立体声耳机HS-82', '+', 0, 1, '', 20, 0.000, 120.00, 100.00, 0.00, 0, 0, 1, '', '', '', 'images/200905/thumb_img/7_thumb_G_1241422785492.jpg', 'images/200905/goods_img/7_G_1241422785856.jpg', 'images/200905/source_img/7_G_1241422785657.jpg', 1, '', 1, 1, 0, 1, 1241422785, 100, 0, 0, 0, 0, 0, 0, 1241972232, 2, '', -1, -1, NULL, NULL);
INSERT INTO `ecs_goods` VALUES (8, 3, 'ECS000008', '飞利浦9@9v', '+', 9, 4, '', 1, 0.075, 478.79, 399.00, 385.00, 1241366400, 1417276800, 1, '双模 2008年春 黑色 直板 中低档', '', '<p align="left">作为一款性价比极高的入门级<font size="3" color="#ff0000"><strong>商务手机</strong></font>，飞利浦<a href="mailto:9@9v">Xenium&nbsp; 9@9v</a>三围大小为105&times;44&times;15.8mm，机身重量仅为<strong><font size="3" color="#ff0000">75g</font></strong>，装配了一块低规格1.75英寸128&times;160像素65000色CSTN显示屏。身正面采用月银色功能键区与屏幕数字键区相分隔，键盘设计较为<font size="3"><strong><font color="#ff0000">别</font><font color="#ff0000">致</font></strong></font>，中部导航键区采用钛金色的&ldquo;腰带&rdquo;彰显出浓郁的商务气息。</p>\r\n<p align="left">&nbsp;</p>\r\n<p align="left">此款手机采用<strong><font size="3" color="#ff0000">触摸屏</font></strong>设计，搭配精致的手写笔，可支持手写中文和英文两个版本。增强的内置系统还能识别潦草字迹，确保在移动中和匆忙时输入文字的识别率。手写指令功能还支持特定图案的瞬间调用，独特的手写记事本功能，可以在触摸屏上随意绘制个性化的图案并进行<strong><font size="3" color="#ff0000">记事提醒</font></strong>，让商务应用更加随意。</p>\r\n<p align="left">&nbsp;</p>\r\n<p align="left">&nbsp;作为入门级为数不多支持<strong><font size="3" color="#ff0000">双卡功能</font></strong>的手机，可以同时插入两张SIM卡，通过菜单随意切换，只需开启漫游自动切换模式，<a href="mailto:9@9V">9@9V</a>在该模式下能够判断网络情况，自动切换适合的手机号。</p>\r\n<p align="left">&nbsp;</p>\r\n<p align="left">&nbsp;</p>', 'images/200905/thumb_img/8_thumb_G_1241425513488.jpg', 'images/200905/goods_img/8_G_1241425513055.jpg', 'images/200905/source_img/8_G_1241425513518.jpg', 1, '', 1, 1, 0, 3, 1241425512, 100, 0, 1, 1, 1, 1, 0, 1269589533, 9, '', -1, -1, NULL, NULL);
INSERT INTO `ecs_goods` VALUES (9, 3, 'ECS000009', '诺基亚E66', '+', 20, 1, '', 4, 0.121, 2757.60, 2298.00, 0.00, 0, 0, 1, 'SMS EMS MMS 短消息群发 语音 阅读器 SMS,EMS,MMS,短消息群发语音合成信息阅读器 黑色 白色 滑盖', '', '<p>在机身材质方面，诺基亚E66大量采用金属材质，刨光的金属表面光泽动人，背面的点状效果规则却又不失变化，时尚感总是在不经意间诠释出来，并被人们所感知。E66机身尺寸为<span style="color: rgb(255, 0, 0);"><span style="font-size: larger;"><strong>107.5&times;49.5&times;13.6毫米，重量为121克</strong></span></span>，滑盖的造型竟然比E71还要轻一些。</p>\r\n<p>&nbsp;</p>\r\n<div>诺基亚E66机身正面是<span style="color: rgb(255, 0, 0);"><span style="font-size: larger;"><strong>一块2.4英寸1600万色QVGA分辨率（240&times;320像素）液晶显示屏</strong></span></span>。屏幕上方拥有光线感应元件，能够自适应周 围环境光调节屏幕亮度；屏幕下方是方向功能键区。打开滑盖，可以看到传统的数字键盘，按键的大小、手感、间隔以及键程适中，手感非常舒适。</div>\r\n<div>&nbsp;</div>\r\n<div>诺基亚为E66配备了一颗320万像素自动对焦摄像头，带有LED 闪光灯，支持多种拍照尺寸选择。</div>\r\n<p>&nbsp;</p>', 'images/200905/thumb_img/9_thumb_G_1241511871555.jpg', 'images/200905/goods_img/9_G_1241511871574.jpg', 'images/200905/source_img/9_G_1241511871550.jpg', 1, '', 1, 1, 0, 22, 1241511871, 100, 0, 1, 1, 1, 0, 0, 1269589743, 9, '', -1, -1, NULL, NULL);
INSERT INTO `ecs_goods` VALUES (10, 3, 'ECS000010', '索爱C702c', '+', 11, 7, '', 7, 0.000, 1593.60, 1328.00, 1250.00, 1243785600, 1277827200, 1, '2008年05月 GSM,850,900,1800,1900 直板', '', '<p>C702可以说是一种在外观上复古的产物，不仅延续T系列早期的直板造型，而且在屏幕和键盘的组合分布上都继承了前辈的精髓。C702的机身尺寸为106&times;48&times;15.5毫米，重量为105克。此外索尼爱立信为C702融入了<font size="3" color="#ff0000"><strong>三防特性，即防尘、防滑和防水溅</strong></font>，这款新的C702搭载了索尼爱立信经典A200平台，界面布局与W908c、K858c一致，典型的特征就是配备左右软键、中央确定键和通话/挂机键。</p>\r\n<p>索尼爱立信C702配备一块<strong><font size="3" color="#ff0000">2.2英寸26万色TFT液晶显示屏</font></strong>，分辨率为240&times;320像素(QVGA)，显示效果属于目前主流水准。C702可以说是索尼爱立信首批<strong><font size="3" color="#ff0000">内置GPS模块</font></strong>的 手机产品之一，C702的搜星、定位一气呵成，十分精准，误差大约在10米之内。基本上定位后可以将有效卫星数量控制在4&mdash;6颗，可以说可以满足我们的需 要了。C702还提供了&ldquo;影像定位&rdquo;功能，配合内置的AGPS全球定位辅助系统，只须启动Geo-Tagging智能影像定位功能，便可将拍摄地点记录在 照片内，方便用户随时查询。</p>\r\n<p>&nbsp;</p>\r\n<p>作为一款Cyber-shot系列影像手机，索尼爱立信C702在拍照功能方面同样有不俗的表现。并且手机内置的<strong><font size="3" color="#ff0000">320万像素摄像头</font></strong>也 同样在拍照功能上也不错的表现。不仅支持自动聚焦和双LED闪光功能，而且还拥有2倍数码变焦、防红眼、Photo fix优画及场景模式等功能。索尼爱立信C702除了配备的是最大光圈为F3.2的4.2毫米镜头之外，该机也如同门中的旗舰C902一样增加了对脸部有 先自动聚焦功能的支持。</p>\r\n<p>&nbsp;</p>', 'images/200905/thumb_img/10_thumb_G_1242973436403.jpg', 'images/200905/goods_img/10_G_1242973436141.jpg', 'images/200905/source_img/10_G_1242973436172.jpg', 1, '', 1, 1, 0, 13, 1241965622, 100, 0, 0, 0, 1, 1, 0, 1245290333, 9, '', -1, -1, NULL, NULL);
INSERT INTO `ecs_goods` VALUES (11, 3, 'ECS000011', '索爱C702c', '+', 0, 7, '', 1, 0.000, 0.00, 1300.00, 0.00, 0, 0, 1, '直板', '', '', '', '', '', 1, '', 0, 1, 0, 0, 1241966951, 100, 1, 0, 0, 0, 0, 0, 1241966960, 7, '', -1, -1, NULL, NULL);
INSERT INTO `ecs_goods` VALUES (12, 3, 'ECS000012', '摩托罗拉A810', '+', 13, 2, '', 8, 0.000, 1179.60, 983.00, 960.00, 1241107200, 1255104000, 1, 'SMS EMS MMS pda 摄像 智能 音乐 SMS,EMS,MMS', '', '<p>全机使用的材质除去电池盖部分采用了金属以外，其它均使用了ABS工程塑料作为主材，这款手机的三围是105&times;51&times;14毫米，有着100克的轻量级重量，拿在手中的感觉还是非常不错的。A810手机作为一款<strong><font size="3" color="#ff0000">PDA手机</font></strong>在设计的时候取消了键盘配置，一切数字键都要依靠手机内提供的虚拟键盘进行操作，在手机的左上侧是一个<strong><font size="3" color="#ff0000">3.5mm的标准耳机插口</font></strong>，这种设计可以让用户使用自己习惯或者喜欢的耳机去欣赏音乐。</p>\r\n<p>&nbsp;</p>\r\n<p>这款摩托罗拉A810手机配置了一块<font size="3" color="#ff0000"><strong>26万色的2.2英寸TFT全触摸屏幕</strong></font>，其分辨率达到了主流的QVGA水平（240&times;320像素），摩托罗拉A810采用了内部核心为2.6.10的<strong><font size="3" color="#ff0000">LINUX操作系统</font></strong>，菜单上依然采用传统的9宫格的显示方式，一般手机的名片式电话本只能支持诸如电话、邮件、传真、公司等一些基本信息，而A810手机的电话本除了这些还支持公司地址，配偶信息、子女姓名、上司名称、助手等等，对于一款手机来说，电话本不可谓不强大。A810的<strong><font size="3" color="#ff0000">手写识别能力相当的惊人</font></strong>，对连笔、草书和倒插笔的识别率都相当的高，同时还为左右手设置了不同的书写习惯选择，并支持手写速度的调节。</p>\r\n<p>这款A810手机<strong><font size="3" color="#ff0000">内置的音乐播放功能</font></strong>可以支持MP3、WAV、AMR、AAC等格式的音乐播放，<font size="3" color="#ff0000"><strong>支持后台播放</strong></font>。视频方面，这款A810支持MP4、3GP、H.263格式的播放，视频播放器同样简约，操作方便，这款摩托罗拉A810还内置了6款游戏，每一款都有很高的耐玩性，而且都是支持触摸屏操作的，同时这款手机还内置了<strong><font size="3" color="#ff0000">FM收音机</font></strong>，支持自动搜索，并提供了20个频道供用户存储，不过收音机并不支持后台播放。</p>\r\n<p>&nbsp;</p>', 'images/200905/thumb_img/12_thumb_G_1241965978410.jpg', 'images/200905/goods_img/12_G_1241965978209.jpg', 'images/200905/source_img/12_G_1241965978878.jpg', 1, '', 1, 1, 0, 9, 1245297652, 100, 0, 0, 1, 0, 1, 0, 1245297670, 3, '', -1, -1, NULL, NULL);
INSERT INTO `ecs_goods` VALUES (13, 3, 'ECS000013', '诺基亚5320 XpressMusic', '+', 13, 1, '', 8, 0.000, 1573.20, 1311.00, 0.00, 0, 0, 1, '摄像 智能 音乐 蓝色 红色 舒适 直板 中档 2008年07月 黑色 GSM,850,900,1800,1900', '', '<p>诺基亚5320XpressMusic音乐手机采用XpressMusic系列常见的黑红、黑蓝配色方案，而材质方便则选用的是经过<strong><font size="3" color="#ff0000">抛光处理</font></strong>的工程塑料；三围/体重为，为108&times;46&times;15mm/<strong><font size="3" color="#ff0000">90g</font></strong>，手感舒适。</p>\r\n<p>&nbsp;</p>\r\n<p>诺基亚5320采用的是一块可视面积为2.0英寸的<font size="3" color="#ff0000"><strong>1600万色</strong></font>屏幕，分辨率是常见的240&times;320像素（QVGA）。虽然屏幕不是特别大，但效果非常精细，色彩还原不错。</p>\r\n<p>&nbsp;</p>\r\n<p>手机背面，诺基亚为5320XM配备一颗<strong><font size="3" color="#ff0000">200W像素</font></strong>的摄像头，并且带有<strong><font size="3" color="#ff0000">两个LED的补光灯</font></strong>，可以实现拍照、摄像功能，并能通过彩信、邮件方式发送给朋友。</p>\r\n<p>&nbsp;</p>', 'images/200905/thumb_img/13_thumb_G_1241968002527.jpg', 'images/200905/goods_img/13_G_1241968002233.jpg', 'images/200905/source_img/13_G_1241968002732.jpg', 1, '', 1, 1, 0, 13, 1241967762, 100, 0, 0, 0, 1, 0, 0, 1269589198, 9, '', -1, -1, NULL, NULL);
INSERT INTO `ecs_goods` VALUES (14, 4, 'ECS000014', '诺基亚5800XM', '+', 6, 1, '', 1, 0.000, 3150.00, 2625.00, 0.00, 0, 0, 1, 'GSM 64和弦 2009年2月 320万摄像头 GPS 直板 工程塑料 支持 2008年10月 黑色', '', '', 'images/200905/thumb_img/14_thumb_G_1241968492116.jpg', 'images/200905/goods_img/14_G_1241968492932.jpg', 'images/200905/source_img/14_G_1241968492305.jpg', 1, '', 1, 1, 0, 26, 1241968492, 100, 0, 0, 0, 1, 0, 0, 1269589186, 9, '', -1, -1, NULL, NULL);
INSERT INTO `ecs_goods` VALUES (15, 3, 'ECS000015', '摩托罗拉A810', '+', 8, 2, '', 3, 0.000, 945.60, 788.00, 0.00, 0, 0, 1, '600 直板 工程塑料 蓝牙 视频拍摄 音乐 黑色 白色', '', '', 'images/200905/thumb_img/15_thumb_G_1242973362970.jpg', 'images/200905/goods_img/15_G_1242973362318.jpg', 'images/200905/source_img/15_G_1242973362751.jpg', 1, '', 1, 1, 0, 5, 1241968703, 100, 1, 0, 1, 1, 0, 0, 1245297631, 9, '', -1, -1, NULL, NULL);
INSERT INTO `ecs_goods` VALUES (16, 2, 'ECS000016', '恒基伟业G101', '+', 3, 11, '', 0, 0.000, 988.00, 823.33, 0.00, 0, 0, 1, '', '', '', 'images/200905/thumb_img/16_thumb_G_1241968949103.jpg', 'images/200905/goods_img/16_G_1241968949002.jpg', 'images/200905/source_img/16_G_1241968949402.jpg', 1, '', 0, 1, 0, 8, 1241968949, 100, 0, 0, 0, 0, 0, 0, 1245290562, 2, '', -1, -1, NULL, NULL);
INSERT INTO `ecs_goods` VALUES (17, 3, 'ECS000017', '夏新N7', '+', 2, 5, '', 1, 0.000, 2760.00, 2300.00, 0.00, 0, 0, 1, '2008年01月 GSM,900,1800,1900,2100 直板 262144万 240×400 像素 SMS,EMS,MMS,超长信息发送,短消息群发 黑色 CDMA', '', '', 'images/200905/thumb_img/17_thumb_G_1241969394587.jpg', 'images/200905/goods_img/17_G_1241969394677.jpg', 'images/200905/source_img/17_G_1241969394844.jpg', 1, '', 1, 1, 0, 23, 1241969394, 100, 0, 1, 0, 1, 0, 0, 1269589169, 9, '', -1, -1, NULL, NULL);
INSERT INTO `ecs_goods` VALUES (18, 4, 'ECS000018', '夏新T5', '+', 0, 5, '', 1, 0.000, 3453.60, 2878.00, 0.00, 0, 0, 1, '2008年04月 3G(GSM,900,1800,1900,TD-SCDMA ) 直板 262144万 320×240 像素 是 银色', '', '<p>&nbsp;  TD-SCDMA/GSM两种模式任意切换，中国3G手机先驱，支持大陆特有3G网络，轻松实现可视电话、视频留言、视频会议功能，2.6英寸Q屏，手写、键盘双输入，内置移动证券，支持手机邮箱、手机地图、无驱U盘</p>', '', '', '', 1, '', 1, 1, 0, 28, 1241969533, 100, 1, 0, 0, 0, 0, 0, 1241969533, 2, '', -1, -1, NULL, NULL);
INSERT INTO `ecs_goods` VALUES (19, 3, 'ECS000019', '三星SGH-F258', '+', 7, 6, '', 12, 0.000, 1029.60, 858.00, 0.00, 0, 0, 1, '滑盖 GSM 258 时尚 蓝牙 黑色 金色 白色', '从整体来看，三星SGH-F258比较时尚可爱，三围尺寸为94×46×17.5mm，重量为96克，曲线柔和具有玲珑美感\r\n', '<p>从整体来看，三星SGH-F258比较<font size="3" color="#ff0000"><strong>时尚</strong></font>可爱，三围尺寸为94&times;46&times;17.5mm，重量为96克，曲线柔和具有玲珑美感。</p>\r\n<p>&nbsp;</p>\r\n<p>三星F258的前面板整体应用<strong><font size="3" color="#ff0000">镜面效果</font></strong>，2.0英寸显示屏幕略显窄小，导航键与功能键在滑盖滑开之前是前面板的全部控制键，没有挂断和接听键，不过，五向键有<font size="3"><strong><font color="#ff0000">音乐操</font><font color="#ff0000">作</font></strong></font>功能，明确显示了F258音乐手机的定位。</p>\r\n<p>&nbsp;</p>\r\n<p>F258的数字键键区采用了极具金属质感的平板式设计，每颗按键的面积足够大，按键与按键之间的间隔明显，操作起来手感舒适。</p>', 'images/200905/thumb_img/19_thumb_G_1241970175208.jpg', 'images/200905/goods_img/19_G_1241970175091.jpg', 'images/200905/source_img/19_G_1241970175549.jpg', 1, '', 1, 1, 0, 8, 1241970139, 100, 0, 1, 1, 1, 0, 0, 1269589154, 9, '', -1, -1, NULL, NULL);
INSERT INTO `ecs_goods` VALUES (20, 3, 'ECS000020', '三星BC01', '+', 14, 6, '', 12, 0.000, 336.00, 280.00, 238.00, 1241884800, 1251648000, 1, 'GSM 直板 40和弦 金属材质 2008年07月 黑色 GSM,900,1800,1900,2100', '', '', 'images/200905/thumb_img/20_thumb_G_1242106490058.jpg', 'images/200905/goods_img/20_G_1242106490663.jpg', 'images/200905/source_img/20_G_1242106490922.jpg', 1, '', 1, 1, 0, 2, 1241970417, 100, 0, 1, 1, 1, 1, 0, 1269589110, 9, '', -1, -1, NULL, NULL);
INSERT INTO `ecs_goods` VALUES (21, 3, 'ECS000021', '金立 A30', '+', 4, 10, '', 40, 0.000, 2400.00, 2000.00, 0.00, 0, 0, 1, '2008年03月 GSM,900,1800,1900,2100 直板 1600万 240×400 像素 2007年12月 200万摄像头 黑色', '', '<p>&nbsp;</p>\r\n<p align="left"><span style="font-size: medium;"><font size="3">标准配置: 标准锂电池两块,充电器两个,立体声耳机一个,数据线,说明书送256TF</font></span></p>\r\n<p align="left"><span style="font-size: medium;"><font size="3">通讯功能&nbsp; 输入法 短信功能 话机通讯录 通话记录</font></span></p>\r\n<p align="left"><span style="font-size: medium;"><font size="3">输入法: 中文输入法</font></span></p>\r\n<p align="left"><span style="font-size: medium;"><font size="3">短信功能: 支持短信300条和彩信100条</font></span></p>\r\n<p align="left"><span style="font-size: medium;"><font size="3">话机通讯录: 1000组名片式电话存储 来电防火墙功能&nbsp; 来电大头贴及来电铃声识别</font></span></p>\r\n<p align="left"><span style="font-size: medium;"><font size="3">通话记录：支持电话录音,恢复/静音,双音多频,免提</font></span></p>\r\n<p>&nbsp;</p>\r\n<p><font size="3">高级功能</font></p>\r\n<p align="left"><span style="font-size: medium;"><font size="3">多媒体娱乐: 200万像素，最大支持10240*960，11级数码变焦,多种效果设置,连拍可全屏查看拍摄或下载的图片.支持有声MP4短片拍摄，录像时间根据内存 大小而定，拍摄录像,TV电视可跟朋友家人一起分享。支持网络摄像头功能 支持MPEG4、3GP(H.263)等视频格式 支持MP3等音频格式播放， 支持歌词播放</font></span></p>\r\n<p align="left"><span style="font-size: medium;"><font size="3">内置游戏:智能拼图</font></span></p>\r\n<p align="left"><span style="font-size: medium;"><font size="3">扩展存储功能:支持TF扩展,支持U盘功能,本机内置1M,随机赠送256TF卡</font></span></p>\r\n<p align="left"><span style="font-size: medium;"><font size="3">高级功能:直板/智能PDA手写/键盘输入 超长待机 WAP上网&nbsp; 录音 蓝牙 FM收音机 电子书 Java扩展 TV电视输出 声控语音拨号 免费电视 来电防火墙&nbsp;&nbsp;&nbsp;</font></span></p>\r\n<p align="left"><span style="font-size: medium;"><font size="3">附加功能: 日历 计算器 闹钟 记事本 日程表 秒表 单位换算</font></span></p>\r\n<p><span style="font-size: medium;"><font size="3">提醒 以上性能均为本公司员工试机后所写,产品资料仅供参考,请以收到实物为准</font></span></p>', 'images/200905/thumb_img/21_thumb_G_1242109298150.jpg', 'images/200905/goods_img/21_G_1242109298873.jpg', 'images/200905/source_img/21_G_1242109298831.jpg', 1, '', 1, 1, 0, 20, 1241970634, 100, 0, 0, 0, 0, 0, 0, 1269589102, 9, '', -1, -1, NULL, NULL);
INSERT INTO `ecs_goods` VALUES (22, 3, 'ECS000022', '多普达Touch HD', '+', 15, 3, '', 1, 0.000, 7198.80, 5999.00, 0.00, 0, 0, 1, '500万摄像头 蓝牙 手写 GPS 办公应用 语音拨号 2008年12月 黑色 GSM,850,900,1800,1900 直板', '', '<p><img src="http://xgone.xgou.com/xgoumanage/upload/20090325/2009032502045081100887.jpg" alt="" /></p>\r\n<p>&nbsp;</p>\r\n<p><img src="http://www.ouku.com/upimg/ouku/Image/002(1).jpg" alt="" /></p>\r\n<p>&nbsp;</p>\r\n<p>&nbsp;</p>', 'images/200905/thumb_img/22_thumb_G_1241971076803.jpg', 'images/200905/goods_img/22_G_1241971076358.jpg', 'images/200905/source_img/22_G_1241971076130.jpg', 1, '', 1, 1, 0, 59, 1241971076, 100, 0, 1, 1, 0, 0, 0, 1269589090, 9, '', -1, -1, NULL, NULL);
INSERT INTO `ecs_goods` VALUES (23, 5, 'ECS000023', '诺基亚N96', '+', 17, 1, '', 8, 0.000, 4440.00, 3700.00, 0.00, 0, 0, 1, '500万摄像头 microSD 工程塑料 蓝牙 数码相机 内置游戏 滑盖 高档 2008年09月 320×240 像素 黑色', '', '<p>诺基亚N96采用了<strong><font size="3" color="#ff0000">双向滑盖</font></strong>设计，机身整体呈灰黑色，沉稳、大气，机身材质采用了高强度的塑料材质，手机背面采用了抛光面板的设计风格。N96三维体积103*55*20mm，重量为125g。屏幕方面，诺基亚N96配备一块<strong><font size="3" color="#ff0000">2.8英寸</font></strong>的屏幕，支持<strong><font size="3" color="#ff0000">1670万色</font></strong>显示，分辨率达到QVGA（320&times;240）水准。</p>\r\n<p><img alt="" src="file:///C:/DOCUME~1/user/LOCALS~1/Temp/moz-screenshot.jpg" /></p>\r\n<p>&nbsp;</p>\r\n<p>&nbsp;<img src="http://img2.zol.com.cn/product/21/896/ceN6LBMCid3X6.jpg" alt="" /></p>\r\n<p>诺基亚N96设置有专门的<strong><font size="3" color="#ff0000">音乐播放键</font></strong>和标准的3.5毫米音频插口，支持多格式音乐播放。内置了<strong><font size="3" color="#ff0000">多媒体播放器</font></strong>，支持FM调频收音机等娱乐功能。N96手机支持<strong><font size="3" color="#ff0000">N-Gage游戏平台</font></strong>，内置包括<font size="3" color="#ff0000"><strong>《PinBall》完整版</strong></font>在内的四款N-Gage游戏，除了手机本身内置的游戏，还可以从N-Gage的网站下载或者购买最新的游戏，而且可以在论坛里和其他玩家一起讨论。</p>\r\n<p><img src="http://img2.zol.com.cn/product/21/898/cekkw57qJjSI.jpg" alt="" /></p>\r\n<p>&nbsp;</p>', 'images/200905/thumb_img/23_thumb_G_1241971556399.jpg', 'images/200905/goods_img/23_G_1241971556855.jpg', 'images/200905/source_img/23_G_1241971556256.jpg', 1, '', 1, 1, 0, 37, 1241971488, 100, 0, 1, 1, 0, 0, 0, 1269589078, 9, '', -1, -1, NULL, NULL);
INSERT INTO `ecs_goods` VALUES (24, 3, 'ECS000024', 'P806', '+', 35, 9, '', 100, 0.000, 2400.00, 2000.00, 1850.00, 1243785600, 1277827200, 1, '旅行充电器 图形菜单 Wap 上网 红外接口 移动 MSN 支持 2008年06月 灰色', '', '<div>\r\n<div>\r\n<div><font size="4">规格参数</font></div>\r\n<p><font size="4"><span>上市时间：</span><span>2008年06月</span></font></p>\r\n<p><font size="4"><span>网络频率：</span><span>GSM/GPRS；900/1800MHz</span></font></p>\r\n<p><font size="4"><span>重　量　：</span><span>未知</span></font></p>\r\n<p><font size="4"><span>尺寸/体积：</span><span>未知</span></font></p>\r\n<p><font size="4"><span>可选颜色：</span><span>银色</span></font></p>\r\n<p><font size="4"><span>屏幕参数：</span><span>26万色TFT彩色屏幕；</span></font></p>\r\n<p><font size="4"><span>WAP上网：</span><span>支持飞笺</span></font></p>\r\n<p><font size="4"><span>基本配置:<em><strong><font size="5" color="#ff00ff">二电(1760毫安) 一充 数据线 耳机 手写笔 512M内存卡</font></strong></em></span></font></p>\r\n<p>&nbsp;</p>\r\n</div>\r\n</div>\r\n<div><font size="4">基本功能</font></div>\r\n<p><font size="4"><span>『时钟』</span><span>『内置振动』</span><span>『录音』</span><span>『可选铃声』</span></font></p>\r\n<p><font size="4"><span>『和弦铃声』</span><span>『MP3铃声』</span><span>『来电铃声识别』</span><span>『来电图片识别』</span></font></p>\r\n<p><font size="4"><span>『情景模式』</span><span>『待机图片』</span><span>『图形菜单』</span><span>『触摸屏』</span></font></p>\r\n<p><span><font size="4">『手写输入』</font></span></p>\r\n<div><font size="4">通信功能</font></div>\r\n<p><font size="4"><span>『双卡双待』</span><span>『内置天线』</span><span>『输入法』</span><span>『中文短信』</span></font></p>\r\n<p><font size="4"><span>『短信群发』</span><span>『多媒体短信』</span><span>『话机通讯录』</span><span>『通话记录』</span></font></p>\r\n<p><font size="4"><span>『免提通话』</span><span>『飞行模式』</span></font></p>\r\n<div><font size="4">多媒体娱乐 :支持3GP、MP4文件播放</font></div>\r\n<p><font size="4"><span>『视频播放』</span><span>『MP3播放器』</span></font></p>\r\n<p><font size="4"><span>多媒体卡扩展：</span><span>支持microSD卡扩展&nbsp;</span></font></p>\r\n<p><font size="4"><span>摄像头：</span><span>内置</span></font></p>\r\n<p><font size="4"><span>摄像头像素：</span><span>30万像素</span></font></p>\r\n<p><font size="4"><span>传感器类型：</span><span>CMOS</span></font></p>\r\n<p><font size="4"><span>变焦模式：</span><span>数码变焦</span></font></p>\r\n<p><font size="4"><span>照片分辨率：</span><span>多种照片分辨率选择</span></font></p>\r\n<p><font size="4"><span>拍摄模式：</span><span>多种拍摄模式选择</span></font></p>\r\n<p><font size="4"><span>照片质量：</span><span>多种照片质量选择</span></font></p>\r\n<p><font size="4"><span>视频拍摄：</span><span>有声视频拍摄</span></font></p>\r\n<div><font size="4">数据传输</font></div>\r\n<p><font size="4"><span>『WAP浏览器』</span><span>『数据线接口』</span></font></p>\r\n<div><font size="4">个人助理</font></div>\r\n<p><font size="4"><span>『闹钟』</span><span>『日历』</span><span>『计算器』</span></font></p>', 'images/200905/thumb_img/24_thumb_G_1241971981429.jpg', 'images/200905/goods_img/24_G_1241971981284.jpg', 'images/200905/source_img/24_G_1241971981107.jpg', 1, '', 1, 1, 0, 20, 1241971981, 100, 0, 1, 1, 1, 1, 0, 1269589064, 9, '', -1, -1, NULL, NULL);
INSERT INTO `ecs_goods` VALUES (25, 13, 'ECS000025', '小灵通/固话50元充值卡', '+', 0, 0, '', 2, 0.000, 57.59, 48.00, 0.00, 0, 0, 1, '', '', '', 'images/200905/thumb_img/25_thumb_G_1241972709885.jpg', 'images/200905/goods_img/25_G_1241972709544.jpg', 'images/200905/source_img/25_G_1241972709750.jpg', 0, 'virtual_card', 1, 1, 0, 0, 1241972709, 100, 0, 1, 0, 1, 0, 0, 1245047546, 0, '', -1, -1, NULL, NULL);
INSERT INTO `ecs_goods` VALUES (26, 13, 'ECS000026', '小灵通/固话20元充值卡', '+', 0, 0, '', 2, 0.000, 22.80, 19.00, 0.00, 0, 0, 1, '', '', '', 'images/200905/thumb_img/26_thumb_G_1241972789393.jpg', 'images/200905/goods_img/26_G_1241972789293.jpg', 'images/200905/source_img/26_G_1241972789353.jpg', 0, 'virtual_card', 1, 1, 0, 0, 1241972789, 100, 0, 0, 0, 1, 0, 0, 1245047540, 0, '', -1, -1, NULL, NULL);
INSERT INTO `ecs_goods` VALUES (27, 15, 'ECS000027', '联通100元充值卡', '+', 0, 0, '', 2, 0.000, 100.00, 95.00, 0.00, 0, 0, 1, '', '', '', 'images/200905/thumb_img/27_thumb_G_1241972894068.jpg', 'images/200905/goods_img/27_G_1241972894061.jpg', 'images/200905/source_img/27_G_1241972894069.jpg', 0, 'virtual_card', 1, 1, 0, 0, 1241972894, 100, 0, 1, 1, 1, 0, 0, 1245047557, 0, '', -1, -1, NULL, NULL);
INSERT INTO `ecs_goods` VALUES (28, 15, 'ECS000028', '联通50元充值卡', '+', 0, 0, '', 0, 0.000, 50.00, 45.00, 0.00, 0, 0, 1, '', '', '', 'images/200905/thumb_img/28_thumb_G_1241972976986.jpg', 'images/200905/goods_img/28_G_1241972976313.jpg', 'images/200905/source_img/28_G_1241972976695.jpg', 0, 'virtual_card', 1, 1, 0, 0, 1241972976, 100, 0, 0, 0, 1, 0, 0, 1245047542, 0, '', -1, -1, NULL, NULL);
INSERT INTO `ecs_goods` VALUES (29, 14, 'ECS000029', '移动100元充值卡', '+', 0, 0, '', 0, 0.000, 0.00, 90.00, 0.00, 0, 0, 1, '', '', '', 'images/200905/thumb_img/29_thumb_G_1241973022239.jpg', 'images/200905/goods_img/29_G_1241973022206.jpg', 'images/200905/source_img/29_G_1241973022514.jpg', 0, 'virtual_card', 1, 1, 0, 0, 1241973022, 100, 0, 1, 0, 1, 0, 0, 1245047543, 0, '', -1, -1, NULL, NULL);
INSERT INTO `ecs_goods` VALUES (30, 14, 'ECS000030', '移动20元充值卡', '+', 1, 0, '', 9, 0.000, 21.00, 18.00, 0.00, 0, 0, 1, '', '', '', 'images/200905/thumb_img/30_thumb_G_1241973114800.jpg', 'images/200905/goods_img/30_G_1241973114234.jpg', 'images/200905/source_img/30_G_1241973114587.jpg', 0, 'virtual_card', 1, 1, 0, 0, 1241973114, 100, 0, 1, 0, 1, 0, 0, 1245047549, 0, '', -1, -1, NULL, NULL);
INSERT INTO `ecs_goods` VALUES (31, 3, 'ECS000031', '摩托罗拉E8 ', '+', 5, 2, '', 1, 0.000, 1604.39, 1337.00, 0.00, 0, 0, 1, '直板', '', '', 'images/200905/thumb_img/31_thumb_G_1242110412996.jpg', 'images/200905/goods_img/31_G_1242110412332.jpg', 'images/200905/source_img/31_G_1242110412519.jpg', 1, '', 0, 1, 0, 13, 1242110412, 100, 0, 0, 0, 0, 0, 0, 1242140652, 7, '', -1, -1, NULL, NULL);
INSERT INTO `ecs_goods` VALUES (32, 3, 'ECS000032', '诺基亚N85', '+', 9, 1, '', 4, 0.000, 3612.00, 3010.00, 2750.00, 1243785600, 1417276800, 1, '2008年10月 GSM,850,900,1800,1900 黑色', '', '<p>诺基亚N85参数</p>\r\n<div>&nbsp;</div>\r\n<div>\r\n<table width="100%" cellspacing="1" cellpadding="0" border="0" bgcolor="#c5d7ed">\r\n    <tbody>\r\n        <tr>\r\n            <td bgcolor="#f1f7fc" colspan="2">\r\n            <p><b>基本参数</b></p>\r\n            </td>\r\n        </tr>\r\n        <tr>\r\n            <td width="100" valign="center" bgcolor="#ffffff" align="left">手机昵称</td>\r\n            <td width="450" bgcolor="#ffffff">N85</td>\r\n        </tr>\r\n        <tr>\r\n            <td width="100" valign="center" bgcolor="#ffffff" align="left">上市日期</td>\r\n            <td width="450" bgcolor="#ffffff">2008年10月</td>\r\n        </tr>\r\n        <tr>\r\n            <td width="100" valign="center" bgcolor="#ffffff" align="left">手机类型</td>\r\n            <td width="450" bgcolor="#ffffff">3G手机；拍照手机；智能手机</td>\r\n        </tr>\r\n        <tr>\r\n            <td width="100" valign="center" bgcolor="#ffffff" align="left">手机制式</td>\r\n            <td width="450" bgcolor="#ffffff">GSM</td>\r\n        </tr>\r\n        <tr>\r\n            <td width="100" valign="center" bgcolor="#ffffff" align="left">支持频段</td>\r\n            <td width="450" bgcolor="#ffffff">GSM850/900/1800/1900MHz</td>\r\n        </tr>\r\n        <tr>\r\n            <td width="100" valign="center" bgcolor="#ffffff" align="left">数据传输</td>\r\n            <td width="450" bgcolor="#ffffff">GPRS、EDGE</td>\r\n        </tr>\r\n        <tr>\r\n            <td width="100" valign="center" bgcolor="#ffffff" align="left">屏幕材质</td>\r\n            <td width="450" bgcolor="#ffffff">AMOLED</td>\r\n        </tr>\r\n        <tr>\r\n            <td width="100" valign="center" bgcolor="#ffffff" align="left">屏幕色彩</td>\r\n            <td width="450" bgcolor="#ffffff">1600万色</td>\r\n        </tr>\r\n        <tr>\r\n            <td width="100" valign="center" bgcolor="#ffffff" align="left">主屏尺寸</td>\r\n            <td width="450" bgcolor="#ffffff">2.6英寸</td>\r\n        </tr>\r\n        <tr>\r\n            <td width="100" valign="center" bgcolor="#ffffff" align="left">主屏参数</td>\r\n            <td width="450" bgcolor="#ffffff">QVGA 320&times;240像素</td>\r\n        </tr>\r\n        <tr>\r\n            <td width="100" valign="center" bgcolor="#ffffff" align="left">铃音描述</td>\r\n            <td width="450" bgcolor="#ffffff">可选MP3、WAV、AAC或和弦Midi铃声等格式</td>\r\n        </tr>\r\n        <tr>\r\n            <td width="100" valign="center" bgcolor="#ffffff" align="left">操作系统</td>\r\n            <td width="450" bgcolor="#ffffff">Symbian OS v9.3操作系统与S60 v3.2平台的组合</td>\r\n        </tr>\r\n        <tr>\r\n            <td width="100" valign="center" bgcolor="#ffffff" align="left">机身内存</td>\r\n            <td width="450" bgcolor="#ffffff">74MB 内部动态存储空间<br />\r\n            78MB 内置NAND闪存</td>\r\n        </tr>\r\n        <tr>\r\n            <td width="100" valign="center" bgcolor="#ffffff" align="left">存储卡</td>\r\n            <td width="450" bgcolor="#ffffff">支持MicroSD(T-Flash)卡扩展最大至8GB</td>\r\n        </tr>\r\n        <tr>\r\n            <td width="100" valign="center" bgcolor="#ffffff" align="left">电池规格</td>\r\n            <td width="450" bgcolor="#ffffff">1200毫安时锂电池</td>\r\n        </tr>\r\n        <tr>\r\n            <td width="100" valign="center" bgcolor="#ffffff" align="left">标配</td>\r\n            <td width="450" bgcolor="#ffffff">诺基亚 N85<br />\r\n            诺基亚电池（BL-5K）<br />\r\n            诺基亚旅行充电器（AC-10）<br />\r\n            诺基亚视频数据线（CA-75U）<br />\r\n            诺基亚数据线（CA-101）<br />\r\n            诺基亚音乐耳机（HS-45、AD-54）<br />\r\n            诺基亚 8 GB microSD 卡（MU-43）<br />\r\n            《用户手册》<br />\r\n            《快速入门》</td>\r\n        </tr>\r\n        <tr>\r\n            <td width="100" valign="center" bgcolor="#ffffff" align="left">理论通话时间</td>\r\n            <td width="450" bgcolor="#ffffff">6.9 小时</td>\r\n        </tr>\r\n        <tr>\r\n            <td width="100" valign="center" bgcolor="#ffffff" align="left">理论待机时间</td>\r\n            <td width="450" bgcolor="#ffffff">363 小时</td>\r\n        </tr>\r\n        <tr>\r\n            <td bgcolor="#f1f7fc" colspan="2">\r\n            <p><b>产品外形</b></p>\r\n            </td>\r\n        </tr>\r\n        <tr>\r\n            <td width="100" valign="center" bgcolor="#ffffff" align="left">外观设计</td>\r\n            <td width="450" bgcolor="#ffffff">双向滑盖</td>\r\n        </tr>\r\n        <tr>\r\n            <td width="100" valign="center" bgcolor="#ffffff" align="left">产品尺寸</td>\r\n            <td width="450" bgcolor="#ffffff">103&times;50&times;16mm<br />\r\n            体积：76 立方厘米</td>\r\n        </tr>\r\n        <tr>\r\n            <td width="100" valign="center" bgcolor="#ffffff" align="left">手机重量</td>\r\n            <td width="450" bgcolor="#ffffff">128克</td>\r\n        </tr>\r\n        <tr>\r\n            <td width="100" valign="center" bgcolor="#ffffff" align="left">产品天线</td>\r\n            <td width="450" bgcolor="#ffffff">内置</td>\r\n        </tr>\r\n        <tr>\r\n            <td bgcolor="#f1f7fc" colspan="2">\r\n            <p><b>拍照功能</b></p>\r\n            </td>\r\n        </tr>\r\n        <tr>\r\n            <td width="550" valign="center" bgcolor="#ffffff" align="left" style="padding: 8px 0px;" colspan="2">\r\n            <table cellspacing="1" cellpadding="0" border="0" align="left">\r\n                <tbody>\r\n                    <tr>\r\n                        <td width="100" style="padding: 5px 0px 5px 10px;">\r\n                        <table width="100%" cellspacing="1" cellpadding="0" border="0" bgcolor="#c5d7ed">\r\n                            <tbody>\r\n                                <tr>\r\n                                    <td width="100%" bgcolor="#f1f7fc" align="middle" style="padding: 2px; font-weight: bold;">定时器</td>\r\n                                </tr>\r\n                            </tbody>\r\n                        </table>\r\n                        </td>\r\n                        <td width="100" style="padding: 5px 0px 5px 10px;">&nbsp;</td>\r\n                    </tr>\r\n                </tbody>\r\n            </table>\r\n            </td>\r\n        </tr>\r\n        <tr>\r\n            <td width="100" valign="center" bgcolor="#ffffff" align="left">摄像头</td>\r\n            <td width="450" bgcolor="#ffffff">内置</td>\r\n        </tr>\r\n        <tr>\r\n            <td width="100" valign="center" bgcolor="#ffffff" align="left">摄像头像素</td>\r\n            <td width="450" bgcolor="#ffffff">500万像素</td>\r\n        </tr>\r\n        <tr>\r\n            <td width="100" valign="center" bgcolor="#ffffff" align="left">连拍功能</td>\r\n            <td width="450" bgcolor="#ffffff">支持</td>\r\n        </tr>\r\n        <tr>\r\n            <td width="100" valign="center" bgcolor="#ffffff" align="left">LED闪光灯</td>\r\n            <td width="450" bgcolor="#ffffff">双LED 闪光灯</td>\r\n        </tr>\r\n        <tr>\r\n            <td width="100" valign="center" bgcolor="#ffffff" align="left">数码变焦</td>\r\n            <td width="450" bgcolor="#ffffff">20 倍数码变焦</td>\r\n        </tr>\r\n        <tr>\r\n            <td width="100" valign="center" bgcolor="#ffffff" align="left">拍摄模式</td>\r\n            <td width="450" bgcolor="#ffffff">静止、连拍、自动定时器、摄像</td>\r\n        </tr>\r\n        <tr>\r\n            <td width="100" valign="center" bgcolor="#ffffff" align="left">照片特效</td>\r\n            <td width="450" bgcolor="#ffffff">正常、怀旧、黑白、负片、逼真</td>\r\n        </tr>\r\n        <tr>\r\n            <td width="100" valign="center" bgcolor="#ffffff" align="left">拍照描述</td>\r\n            <td width="450" bgcolor="#ffffff">支持最大2592&times;1944分辨率照片拍摄<br />\r\n            支持JPEG、Exif格式<br />\r\n            白平衡模式：自动、阳光、阴天、白炽灯、荧光灯<br />\r\n            感光度模式：高、中、低、自动</td>\r\n        </tr>\r\n        <tr>\r\n            <td width="100" valign="center" bgcolor="#ffffff" align="left">视频拍摄</td>\r\n            <td width="450" bgcolor="#ffffff">最高支持640 x 480 像素（VGA）、30 帧/秒</td>\r\n        </tr>\r\n        <tr>\r\n            <td bgcolor="#f1f7fc" colspan="2">\r\n            <p><b>娱乐功能</b></p>\r\n            </td>\r\n        </tr>\r\n        <tr>\r\n            <td width="550" valign="center" bgcolor="#ffffff" align="left" style="padding: 8px 0px;" colspan="2">\r\n            <table cellspacing="1" cellpadding="0" border="0" align="left">\r\n                <tbody>\r\n                    <tr>\r\n                        <td width="100" style="padding: 5px 0px 5px 10px;">\r\n                        <table width="100%" cellspacing="1" cellpadding="0" border="0" bgcolor="#c5d7ed">\r\n                            <tbody>\r\n                                <tr>\r\n                                    <td width="100%" bgcolor="#f1f7fc" align="middle" style="padding: 2px; font-weight: bold;">收音机</td>\r\n                                </tr>\r\n                            </tbody>\r\n                        </table>\r\n                        </td>\r\n                        <td width="100" style="padding: 5px 0px 5px 10px;">\r\n                        <table width="100%" cellspacing="1" cellpadding="0" border="0" bgcolor="#c5d7ed">\r\n                            <tbody>\r\n                                <tr>\r\n                                    <td width="100%" bgcolor="#f1f7fc" align="middle" style="padding: 2px; font-weight: bold;">TV-OUT</td>\r\n                                </tr>\r\n                            </tbody>\r\n                        </table>\r\n                        </td>\r\n                        <td width="100" style="padding: 5px 0px 5px 10px;">\r\n                        <table width="100%" cellspacing="1" cellpadding="0" border="0" bgcolor="#c5d7ed">\r\n                            <tbody>\r\n                                <tr>\r\n                                    <td width="100%" bgcolor="#f1f7fc" align="middle" style="padding: 2px; font-weight: bold;">录音功能</td>\r\n                                </tr>\r\n                            </tbody>\r\n                        </table>\r\n                        </td>\r\n                        <td width="100" style="padding: 5px 0px 5px 10px;">\r\n                        <table width="100%" cellspacing="1" cellpadding="0" border="0" bgcolor="#c5d7ed">\r\n                            <tbody>\r\n                                <tr>\r\n                                    <td width="100%" bgcolor="#f1f7fc" align="middle" style="padding: 2px; font-weight: bold;">电子书</td>\r\n                                </tr>\r\n                            </tbody>\r\n                        </table>\r\n                        </td>\r\n                        <td width="100" style="padding: 5px 0px 5px 10px;">&nbsp;</td>\r\n                    </tr>\r\n                </tbody>\r\n            </table>\r\n            </td>\r\n        </tr>\r\n        <tr>\r\n            <td width="100" valign="center" bgcolor="#ffffff" align="left">视频播放</td>\r\n            <td width="450" bgcolor="#ffffff">内置RealPlayer播放器, 支持MPEG4、H.264/AVC、H.263/3GP、RealVideo等视频格式全屏播放</td>\r\n        </tr>\r\n        <tr>\r\n            <td width="100" valign="center" bgcolor="#ffffff" align="left">音乐播放</td>\r\n            <td width="450" bgcolor="#ffffff">内置播放器, 支持mp3、.wma、.aac、eAAC、eAAC+格式</td>\r\n        </tr>\r\n        <tr>\r\n            <td width="100" valign="center" bgcolor="#ffffff" align="left">游戏</td>\r\n            <td width="450" bgcolor="#ffffff">内置</td>\r\n        </tr>\r\n        <tr>\r\n            <td width="100" valign="center" bgcolor="#ffffff" align="left">Java功能</td>\r\n            <td width="450" bgcolor="#ffffff">支持Java MIDP 2.0 CLDC 1.1</td>\r\n        </tr>\r\n        <tr>\r\n            <td width="100" valign="center" bgcolor="#ffffff" align="left">Flash功能</td>\r\n            <td width="450" bgcolor="#ffffff">第3.0版Flash lite播放器</td>\r\n        </tr>\r\n        <tr>\r\n            <td bgcolor="#f1f7fc" colspan="2">\r\n            <p><b>数据功能</b></p>\r\n            </td>\r\n        </tr>\r\n        <tr>\r\n            <td width="550" valign="center" bgcolor="#ffffff" align="left" style="padding: 8px 0px;" colspan="2">\r\n            <table cellspacing="1" cellpadding="0" border="0" align="left">\r\n                <tbody>\r\n                    <tr>\r\n                        <td width="100" style="padding: 5px 0px 5px 10px;">\r\n                        <table width="100%" cellspacing="1" cellpadding="0" border="0" bgcolor="#c5d7ed">\r\n                            <tbody>\r\n                                <tr>\r\n                                    <td width="100%" bgcolor="#f1f7fc" align="middle" style="padding: 2px; font-weight: bold;">蓝牙功能</td>\r\n                                </tr>\r\n                            </tbody>\r\n                        </table>\r\n                        </td>\r\n                        <td width="100" style="padding: 5px 0px 5px 10px;">&nbsp;</td>\r\n                    </tr>\r\n                </tbody>\r\n            </table>\r\n            </td>\r\n        </tr>\r\n        <tr>\r\n            <td width="100" valign="center" bgcolor="#ffffff" align="left">数据线接口</td>\r\n            <td width="450" bgcolor="#ffffff">USB数据线 3.5mm立体声耳机插孔</td>\r\n        </tr>\r\n        <tr>\r\n            <td bgcolor="#f1f7fc" colspan="2">\r\n            <p><b>基本功能</b></p>\r\n            </td>\r\n        </tr>\r\n        <tr>\r\n            <td width="550" valign="center" bgcolor="#ffffff" align="left" style="padding: 8px 0px;" colspan="2">\r\n            <table cellspacing="1" cellpadding="0" border="0" align="left">\r\n                <tbody>\r\n                    <tr>\r\n                        <td width="100" style="padding: 5px 0px 5px 10px;">\r\n                        <table width="100%" cellspacing="1" cellpadding="0" border="0" bgcolor="#c5d7ed">\r\n                            <tbody>\r\n                                <tr>\r\n                                    <td width="100%" bgcolor="#f1f7fc" align="middle" style="padding: 2px; font-weight: bold;">短信(SMS)</td>\r\n                                </tr>\r\n                            </tbody>\r\n                        </table>\r\n                        </td>\r\n                        <td width="100" style="padding: 5px 0px 5px 10px;">\r\n                        <table width="100%" cellspacing="1" cellpadding="0" border="0" bgcolor="#c5d7ed">\r\n                            <tbody>\r\n                                <tr>\r\n                                    <td width="100%" bgcolor="#f1f7fc" align="middle" style="padding: 2px; font-weight: bold;">彩信(MMS)</td>\r\n                                </tr>\r\n                            </tbody>\r\n                        </table>\r\n                        </td>\r\n                        <td width="100" style="padding: 5px 0px 5px 10px;">\r\n                        <table width="100%" cellspacing="1" cellpadding="0" border="0" bgcolor="#c5d7ed">\r\n                            <tbody>\r\n                                <tr>\r\n                                    <td width="100%" bgcolor="#f1f7fc" align="middle" style="padding: 2px; font-weight: bold;">免提通话</td>\r\n                                </tr>\r\n                            </tbody>\r\n                        </table>\r\n                        </td>\r\n                        <td width="100" style="padding: 5px 0px 5px 10px;">\r\n                        <table width="100%" cellspacing="1" cellpadding="0" border="0" bgcolor="#c5d7ed">\r\n                            <tbody>\r\n                                <tr>\r\n                                    <td width="100%" bgcolor="#f1f7fc" align="middle" style="padding: 2px; font-weight: bold;">情景模式</td>\r\n                                </tr>\r\n                            </tbody>\r\n                        </table>\r\n                        </td>\r\n                        <td width="100" style="padding: 5px 0px 5px 10px;">\r\n                        <table width="100%" cellspacing="1" cellpadding="0" border="0" bgcolor="#c5d7ed">\r\n                            <tbody>\r\n                                <tr>\r\n                                    <td width="100%" bgcolor="#f1f7fc" align="middle" style="padding: 2px; font-weight: bold;">闹钟功能</td>\r\n                                </tr>\r\n                            </tbody>\r\n                        </table>\r\n                        </td>\r\n                    </tr>\r\n                    <tr>\r\n                        <td width="100" style="padding: 5px 0px 5px 10px;">\r\n                        <table width="100%" cellspacing="1" cellpadding="0" border="0" bgcolor="#c5d7ed">\r\n                            <tbody>\r\n                                <tr>\r\n                                    <td width="100%" bgcolor="#f1f7fc" align="middle" style="padding: 2px; font-weight: bold;">日历功能</td>\r\n                                </tr>\r\n                            </tbody>\r\n                        </table>\r\n                        </td>\r\n                        <td width="100" style="padding: 5px 0px 5px 10px;">&nbsp;</td>\r\n                    </tr>\r\n                </tbody>\r\n            </table>\r\n            </td>\r\n        </tr>\r\n        <tr>\r\n            <td width="100" valign="center" bgcolor="#ffffff" align="left">输入方式</td>\r\n            <td width="450" bgcolor="#ffffff">键盘</td>\r\n        </tr>\r\n        <tr>\r\n            <td width="100" valign="center" bgcolor="#ffffff" align="left">通话记录</td>\r\n            <td width="450" bgcolor="#ffffff">未接来电+已接来电+已拨电话记录</td>\r\n        </tr>\r\n        <tr>\r\n            <td width="100" valign="center" bgcolor="#ffffff" align="left">通讯录</td>\r\n            <td width="450" bgcolor="#ffffff">S60标准化名片式通讯录</td>\r\n        </tr>\r\n        <tr>\r\n            <td bgcolor="#f1f7fc" colspan="2">\r\n            <p><b>网络功能</b></p>\r\n            </td>\r\n        </tr>\r\n        <tr>\r\n            <td width="550" valign="center" bgcolor="#ffffff" align="left" style="padding: 8px 0px;" colspan="2">\r\n            <table cellspacing="1" cellpadding="0" border="0" align="left">\r\n                <tbody>\r\n                    <tr>\r\n                        <td width="100" style="padding: 5px 0px 5px 10px;">\r\n                        <table width="100%" cellspacing="1" cellpadding="0" border="0" bgcolor="#c5d7ed">\r\n                            <tbody>\r\n                                <tr>\r\n                                    <td width="100%" bgcolor="#f1f7fc" align="middle" style="padding: 2px; font-weight: bold;">电子邮件</td>\r\n                                </tr>\r\n                            </tbody>\r\n                        </table>\r\n                        </td>\r\n                        <td width="100" style="padding: 5px 0px 5px 10px;">\r\n                        <table width="100%" cellspacing="1" cellpadding="0" border="0" bgcolor="#c5d7ed">\r\n                            <tbody>\r\n                                <tr>\r\n                                    <td width="100%" bgcolor="#f1f7fc" align="middle" style="padding: 2px; font-weight: bold;">WWW浏览器</td>\r\n                                </tr>\r\n                            </tbody>\r\n                        </table>\r\n                        </td>\r\n                        <td width="100" style="padding: 5px 0px 5px 10px;">\r\n                        <table width="100%" cellspacing="1" cellpadding="0" border="0" bgcolor="#c5d7ed">\r\n                            <tbody>\r\n                                <tr>\r\n                                    <td width="100%" bgcolor="#f1f7fc" align="middle" style="padding: 2px; font-weight: bold;">WAP浏览器</td>\r\n                                </tr>\r\n                            </tbody>\r\n                        </table>\r\n                        </td>\r\n                        <td width="100" style="padding: 5px 0px 5px 10px;">&nbsp;</td>\r\n                    </tr>\r\n                </tbody>\r\n            </table>\r\n            </td>\r\n        </tr>\r\n        <tr>\r\n            <td bgcolor="#f1f7fc" colspan="2">\r\n            <p><b>商务功能</b></p>\r\n            </td>\r\n        </tr>\r\n        <tr>\r\n            <td width="550" valign="center" bgcolor="#ffffff" align="left" style="padding: 8px 0px;" colspan="2">\r\n            <table cellspacing="1" cellpadding="0" border="0" align="left">\r\n                <tbody>\r\n                    <tr>\r\n                        <td width="100" style="padding: 5px 0px 5px 10px;">\r\n                        <table width="100%" cellspacing="1" cellpadding="0" border="0" bgcolor="#c5d7ed">\r\n                            <tbody>\r\n                                <tr>\r\n                                    <td width="100%" bgcolor="#f1f7fc" align="middle" style="padding: 2px; font-weight: bold;">飞行模式</td>\r\n                                </tr>\r\n                            </tbody>\r\n                        </table>\r\n                        </td>\r\n                        <td width="100" style="padding: 5px 0px 5px 10px;">\r\n                        <table width="100%" cellspacing="1" cellpadding="0" border="0" bgcolor="#c5d7ed">\r\n                            <tbody>\r\n                                <tr>\r\n                                    <td width="100%" bgcolor="#f1f7fc" align="middle" style="padding: 2px; font-weight: bold;">语音拨号</td>\r\n                                </tr>\r\n                            </tbody>\r\n                        </table>\r\n                        </td>\r\n                        <td width="100" style="padding: 5px 0px 5px 10px;">\r\n                        <table width="100%" cellspacing="1" cellpadding="0" border="0" bgcolor="#c5d7ed">\r\n                            <tbody>\r\n                                <tr>\r\n                                    <td width="100%" bgcolor="#f1f7fc" align="middle" style="padding: 2px; font-weight: bold;">备忘录</td>\r\n                                </tr>\r\n                            </tbody>\r\n                        </table>\r\n                        </td>\r\n                        <td width="100" style="padding: 5px 0px 5px 10px;">\r\n                        <table width="100%" cellspacing="1" cellpadding="0" border="0" bgcolor="#c5d7ed">\r\n                            <tbody>\r\n                                <tr>\r\n                                    <td width="100%" bgcolor="#f1f7fc" align="middle" style="padding: 2px; font-weight: bold;">日程表</td>\r\n                                </tr>\r\n                            </tbody>\r\n                        </table>\r\n                        </td>\r\n                        <td width="100" style="padding: 5px 0px 5px 10px;">\r\n                        <table width="100%" cellspacing="1" cellpadding="0" border="0" bgcolor="#c5d7ed">\r\n                            <tbody>\r\n                                <tr>\r\n                                    <td width="100%" bgcolor="#f1f7fc" align="middle" style="padding: 2px; font-weight: bold;">世界时间</td>\r\n                                </tr>\r\n                            </tbody>\r\n                        </table>\r\n                        </td>\r\n                    </tr>\r\n                    <tr>\r\n                        <td width="100" style="padding: 5px 0px 5px 10px;">&nbsp;</td>\r\n                    </tr>\r\n                </tbody>\r\n            </table>\r\n            </td>\r\n        </tr>\r\n        <tr>\r\n            <td bgcolor="#f1f7fc" colspan="2">\r\n            <p><b>其他功能</b></p>\r\n            </td>\r\n        </tr>\r\n        <tr>\r\n            <td width="550" valign="center" bgcolor="#ffffff" align="left" style="padding: 8px 0px;" colspan="2">\r\n            <table cellspacing="1" cellpadding="0" border="0" align="left">\r\n                <tbody>\r\n                    <tr>\r\n                        <td width="100" style="padding: 5px 0px 5px 10px;">\r\n                        <table width="100%" cellspacing="1" cellpadding="0" border="0" bgcolor="#c5d7ed">\r\n                            <tbody>\r\n                                <tr>\r\n                                    <td width="100%" bgcolor="#f1f7fc" align="middle" style="padding: 2px; font-weight: bold;">GPS功能</td>\r\n                                </tr>\r\n                            </tbody>\r\n                        </table>\r\n                        </td>\r\n                        <td width="100" style="padding: 5px 0px 5px 10px;">\r\n                        <table width="100%" cellspacing="1" cellpadding="0" border="0" bgcolor="#c5d7ed">\r\n                            <tbody>\r\n                                <tr>\r\n                                    <td width="100%" bgcolor="#f1f7fc" align="middle" style="padding: 2px; font-weight: bold;">电子词典</td>\r\n                                </tr>\r\n                            </tbody>\r\n                        </table>\r\n                        </td>\r\n                        <td width="100" style="padding: 5px 0px 5px 10px;">\r\n                        <table width="100%" cellspacing="1" cellpadding="0" border="0" bgcolor="#c5d7ed">\r\n                            <tbody>\r\n                                <tr>\r\n                                    <td width="100%" bgcolor="#f1f7fc" align="middle" style="padding: 2px; font-weight: bold;">待机图片</td>\r\n                                </tr>\r\n                            </tbody>\r\n                        </table>\r\n                        </td>\r\n                        <td width="100" style="padding: 5px 0px 5px 10px;">\r\n                        <table width="100%" cellspacing="1" cellpadding="0" border="0" bgcolor="#c5d7ed">\r\n                            <tbody>\r\n                                <tr>\r\n                                    <td width="100%" bgcolor="#f1f7fc" align="middle" style="padding: 2px; font-weight: bold;">计算器</td>\r\n                                </tr>\r\n                            </tbody>\r\n                        </table>\r\n                        </td>\r\n                        <td width="100" style="padding: 5px 0px 5px 10px;">\r\n                        <table width="100%" cellspacing="1" cellpadding="0" border="0" bgcolor="#c5d7ed">\r\n                            <tbody>\r\n                                <tr>\r\n                                    <td width="100%" bgcolor="#f1f7fc" align="middle" style="padding: 2px; font-weight: bold;">来电铃声识别</td>\r\n                                </tr>\r\n                            </tbody>\r\n                        </table>\r\n                        </td>\r\n                    </tr>\r\n                    <tr>\r\n                        <td width="100" style="padding: 5px 0px 5px 10px;">\r\n                        <table width="100%" cellspacing="1" cellpadding="0" border="0" bgcolor="#c5d7ed">\r\n                            <tbody>\r\n                                <tr>\r\n                                    <td width="100%" bgcolor="#f1f7fc" align="middle" style="padding: 2px; font-weight: bold;">来电图片识别</td>\r\n                                </tr>\r\n                            </tbody>\r\n                        </table>\r\n                        </td>\r\n                        <td width="100" style="padding: 5px 0px 5px 10px;">\r\n                        <table width="100%" cellspacing="1" cellpadding="0" border="0" bgcolor="#c5d7ed">\r\n                            <tbody>\r\n                                <tr>\r\n                                    <td width="100%" bgcolor="#f1f7fc" align="middle" style="padding: 2px; font-weight: bold;">来电防火墙</td>\r\n                                </tr>\r\n                            </tbody>\r\n                        </table>\r\n                        </td>\r\n                        <td width="100" style="padding: 5px 0px 5px 10px;">\r\n                        <table width="100%" cellspacing="1" cellpadding="0" border="0" bgcolor="#c5d7ed">\r\n                            <tbody>\r\n                                <tr>\r\n                                    <td width="100%" bgcolor="#f1f7fc" align="middle" style="padding: 2px; font-weight: bold;">动画屏保</td>\r\n                                </tr>\r\n                            </tbody>\r\n                        </table>\r\n                        </td>\r\n                        <td width="100" style="padding: 5px 0px 5px 10px;">\r\n                        <table width="100%" cellspacing="1" cellpadding="0" border="0" bgcolor="#c5d7ed">\r\n                            <tbody>\r\n                                <tr>\r\n                                    <td width="100%" bgcolor="#f1f7fc" align="middle" style="padding: 2px; font-weight: bold;">图形菜单</td>\r\n                                </tr>\r\n                            </tbody>\r\n                        </table>\r\n                        </td>\r\n                        <td width="100" style="padding: 5px 0px 5px 10px;">\r\n                        <table width="100%" cellspacing="1" cellpadding="0" border="0" bgcolor="#c5d7ed">\r\n                            <tbody>\r\n                                <tr>\r\n                                    <td width="100%" bgcolor="#f1f7fc" align="middle" style="padding: 2px; font-weight: bold;">秒表</td>\r\n                                </tr>\r\n                            </tbody>\r\n                        </table>\r\n                        </td>\r\n                    </tr>\r\n                    <tr>\r\n                        <td width="100" style="padding: 5px 0px 5px 10px;">\r\n                        <table width="100%" cellspacing="1" cellpadding="0" border="0" bgcolor="#c5d7ed">\r\n                            <tbody>\r\n                                <tr>\r\n                                    <td width="100%" bgcolor="#f1f7fc" align="middle" style="padding: 2px; font-weight: bold;">单位换算</td>\r\n                                </tr>\r\n                            </tbody>\r\n                        </table>\r\n                        </td>\r\n                        <td width="100" style="padding: 5px 0px 5px 10px;">\r\n                        <table width="100%" cellspacing="1" cellpadding="0" border="0">\r\n                            <tbody>\r\n                                <tr>\r\n                                    <td width="100%" align="middle" style="padding: 2px; float: none;">&nbsp;</td>\r\n                                </tr>\r\n                            </tbody>\r\n                        </table>\r\n                        </td>\r\n                    </tr>\r\n                </tbody>\r\n            </table>\r\n            </td>\r\n        </tr>\r\n    </tbody>\r\n</table>\r\n</div>\r\n<p>&nbsp;</p>', 'images/200905/thumb_img/32_thumb_G_1242110760196.jpg', 'images/200905/goods_img/32_G_1242110760868.jpg', 'images/200905/source_img/32_G_1242110760437.jpg', 1, '', 1, 1, 0, 30, 1242110760, 100, 0, 0, 1, 1, 1, 0, 1269589051, 9, '', -1, -1, NULL, NULL);


--
-- `ecs_goods_activity`
--
INSERT INTO `ecs_goods_activity` (`act_id`, `act_name`, `act_desc`, `act_type`, `goods_id`, `product_id`, `goods_name`, `start_time`, `end_time`, `is_finished`, `ext_info`) VALUES
(1, '夺宝奇兵之诺基亚N96', '新一轮的夺宝开始了\n本期是 诺基亚n96', 0, 23, 0, '诺基亚N96', 1242107580, 1242193980, 0, 'a:4:{s:11:"start_price";s:4:"1.00";s:9:"end_price";s:6:"800.00";s:9:"max_price";i:0;s:11:"cost_points";s:1:"1";}'),
(2, '夺宝奇兵之夏新N7', '本期的夺宝奖品是 夏新N7', 0, 17, 0, '夏新N7', 1242107820, 1250661420, 0, 'a:4:{s:11:"start_price";s:4:"1.00";s:9:"end_price";s:6:"800.00";s:9:"max_price";i:0;s:11:"cost_points";s:1:"1";}'),
(3, 'P806', '本期团购活动——联想新品P806\n团购买的多优惠多', 1, 24, 0, 'P806', 1241971200, 1242403200, 3, 'a:4:{s:12:"price_ladder";a:3:{i:0;a:2:{s:6:"amount";i:10;s:5:"price";d:1850;}i:1;a:2:{s:6:"amount";i:15;s:5:"price";d:1800;}i:2;a:2:{s:6:"amount";i:20;s:5:"price";d:1780;}}s:15:"restrict_amount";i:0;s:13:"gift_integral";i:0;s:7:"deposit";d:1000;}'),
(4, '拍卖活动——索爱C702c', '', 2, 10, 0, '索爱C702c', 1242144000, 1242403200, 0, 'a:5:{s:7:"deposit";d:0;s:11:"start_price";d:0;s:9:"end_price";i:0;s:9:"amplitude";d:20;s:6:"no_top";i:1;}'),
(5, '摩托罗拉E8 大礼包', '礼包大优惠', 4, 31, 0, '摩托罗拉E8 ', 1242110400, 1252046400, 0, 'a:1:{s:13:"package_price";s:4:"1430";}'),
(6, '诺基亚N85大礼包', '诺基亚N85超值大礼包', 4, 32, 0, '诺基亚N85', 1242110760, 1248936360, 0, 'a:1:{s:13:"package_price";s:4:"3150";}'),
(7, '拍卖活动——索爱C702c(第2期)', '拍卖活动————索爱C702c （第2期）', 2, 10, 0, '索爱C702c', 1241712000, 1274803200, 0, 'a:5:{s:7:"deposit";d:50;s:11:"start_price";d:0;s:9:"end_price";i:0;s:9:"amplitude";d:50;s:6:"no_top";i:1;}'),
(8, 'P806', '团购第2期', 1, 24, 0, 'P806', 1242316800, 1274803200, 0, 'a:4:{s:12:"price_ladder";a:2:{i:0;a:2:{s:6:"amount";i:5;s:5:"price";d:1910;}i:1;a:2:{s:6:"amount";i:10;s:5:"price";d:1860;}}s:15:"restrict_amount";i:0;s:13:"gift_integral";i:0;s:7:"deposit";d:1000;}');

--
-- `ecs_goods_article`
--
INSERT INTO `ecs_goods_article` (`goods_id`, `article_id`, `admin_id`) VALUES
(1, 27, 1),
(8, 28, 0),
(9, 8, 1),
(13, 29, 0),
(14, 29, 0),
(14, 31, 0),
(23, 8, 1),
(23, 30, 0),
(23, 31, 0),
(32, 8, 1),
(32, 30, 0);
--
-- `ecs_goods_attr`
--
INSERT INTO `ecs_goods_attr` (`goods_attr_id`, `goods_id`, `attr_id`, `attr_value`, `attr_price`) VALUES
(238, 1, 173, 'GSM,850,900,1800,1900', '0'),
(237, 1, 185, '灰色', ''),
(236, 1, 191, '支持', '0'),
(235, 1, 190, '支持', '0'),
(234, 1, 189, '2.4英寸', '0'),
(233, 1, 172, '2008年04月', '0'),
(228, 9, 178, '滑盖', '0'),
(227, 9, 185, '白色', '0'),
(226, 9, 185, '黑色', '10'),
(232, 8, 178, '直板', '0'),
(231, 8, 185, '黑色', ''),
(230, 8, 190, '支持', '0'),
(229, 8, 189, '1.75英寸', '0'),
(217, 13, 185, '黑色', ''),
(216, 13, 189, '2.0英寸', '0'),
(215, 13, 172, '2008年07月', '0'),
(225, 10, 178, '直板', '0'),
(221, 13, 178, '直板', '0'),
(222, 10, 172, '2008年05月', '0'),
(223, 10, 189, '2.2英寸', '0'),
(224, 10, 173, 'GSM,850,900,1800,1900', '0'),
(220, 13, 175, '300小时', '0'),
(219, 13, 174, '4小时', '0'),
(212, 14, 172, '2008年10月', '0'),
(213, 14, 185, '黑色', '0'),
(214, 14, 178, '直板', '0'),
(218, 13, 173, 'GSM,850,900,1800,1900', '0'),
(211, 15, 178, '直板', '0'),
(210, 15, 210, '线控耳机', '50'),
(200, 17, 189, '2.8英寸', '0'),
(201, 17, 185, '黑色', ''),
(202, 17, 173, 'CDMA', '0'),
(203, 17, 174, '8小时', '0'),
(204, 17, 175, '300小时', '0'),
(205, 17, 178, '直板', '0'),
(206, 15, 189, '2.2英寸', '0'),
(207, 15, 185, '黑色', ''),
(208, 15, 185, '白色', '20'),
(209, 15, 210, '数据线', '20'),
(196, 19, 185, '黑色', ''),
(197, 19, 185, '金色', '10'),
(198, 19, 185, '白色', '20'),
(199, 19, 178, '滑盖', '0'),
(195, 20, 173, 'GSM,900,1800,1900,2100', '0'),
(193, 20, 172, '2008年07月', '0'),
(194, 20, 185, '黑色', ''),
(187, 21, 180, 'T-Flash', '0'),
(189, 21, 210, '线控耳机', '50'),
(188, 21, 185, '黑色', ''),
(186, 22, 178, '直板', '0'),
(182, 22, 185, '黑色', ''),
(183, 22, 173, 'GSM,850,900,1800,1900', '0'),
(184, 22, 174, '6.5小时', '0'),
(185, 22, 175, '450小时', '0'),
(181, 22, 181, '288MB', '0'),
(180, 22, 180, 'microSD', '0'),
(179, 22, 172, '2008年12月', '0'),
(192, 21, 175, '100小时', '0'),
(191, 21, 174, '2.5小时', '0'),
(178, 23, 178, '滑盖', '0'),
(190, 21, 210, '数据线', '20'),
(176, 23, 174, '2.5小时', '0'),
(177, 23, 175, '200小时', '0'),
(173, 23, 188, '320×240 像素', '0'),
(174, 23, 189, '2.8英寸', '0'),
(175, 23, 185, '黑色', ''),
(172, 23, 182, 'Symbian OS 9.3操作系统', '0'),
(171, 23, 181, '256MB', '0'),
(170, 23, 172, '2008年09月', '0'),
(169, 24, 179, 'SMS', '0'),
(166, 24, 190, '支持', '0'),
(167, 24, 185, '灰色', ''),
(168, 24, 210, '数据线', '20'),
(165, 24, 183, '支持', '0'),
(164, 24, 172, '2008年06月', '0'),
(152, 32, 172, '2008年10月', '0'),
(153, 32, 180, 'MicroSD', '0'),
(154, 32, 181, '78MB', '0'),
(155, 32, 182, 'Symbian OS v9.3', '0'),
(156, 32, 189, '2.6英寸', '0'),
(157, 32, 210, '线控耳机', '50'),
(158, 32, 210, '蓝牙耳机', '100'),
(159, 32, 210, '数据线', '12'),
(160, 32, 173, 'GSM,850,900,1800,1900', '0'),
(161, 32, 174, '6.9 小时', '0'),
(162, 32, 175, '363 小时', '0'),
(163, 32, 185, '黑色', ''),
(239, 10, 185, '黑色', ''),
(240, 10, 185, '白色', '');

--
-- `ecs_goods_cat`
--
INSERT INTO `ecs_goods_cat` (`goods_id`, `cat_id`) VALUES
(8, 2),
(8, 5),
(16, 3),
(16, 5);

--
-- `ecs_goods_gallery`
--
INSERT INTO `ecs_goods_gallery` (`img_id`, `goods_id`, `img_url`, `img_desc`, `thumb_url`, `img_original`) VALUES
(1, 1, 'images/200905/goods_img/1_P_1240902890730.gif', '', 'images/200905/thumb_img/1_thumb_P_1240902890139.jpg', 'images/200905/source_img/1_P_1240902890193.gif'),
(2, 1, 'images/200905/goods_img/1_P_1240904370445.jpg', '', 'images/200905/thumb_img/1_thumb_P_1240904370846.jpg', 'images/200905/source_img/1_P_1240904370647.jpg'),
(3, 1, 'images/200905/goods_img/1_P_1240904371414.jpg', '', 'images/200905/thumb_img/1_thumb_P_1240904371539.jpg', 'images/200905/source_img/1_P_1240904371019.jpg'),
(4, 1, 'images/200905/goods_img/1_P_1240904371355.jpg', '', 'images/200905/thumb_img/1_thumb_P_1240904371335.jpg', 'images/200905/source_img/1_P_1240904371118.jpg'),
(5, 1, 'images/200905/goods_img/1_P_1240904371252.jpg', '', 'images/200905/thumb_img/1_thumb_P_1240904371430.jpg', 'images/200905/source_img/1_P_1240904371758.jpg'),
(6, 3, 'images/200905/goods_img/3_P_1241422082461.jpg', '', 'images/200905/thumb_img/3_thumb_P_1241422082160.jpg', 'images/200905/source_img/3_P_1241422082816.jpg'),
(7, 4, 'images/200905/goods_img/4_P_1241422402169.jpg', '', 'images/200905/thumb_img/4_thumb_P_1241422402909.jpg', 'images/200905/source_img/4_P_1241422402362.jpg'),
(8, 5, 'images/200905/goods_img/5_P_1241422518168.jpg', '', 'images/200905/thumb_img/5_thumb_P_1241422518416.jpg', 'images/200905/source_img/5_P_1241422518314.jpg'),
(9, 7, 'images/200905/goods_img/7_P_1241422785926.jpg', '', 'images/200905/thumb_img/7_thumb_P_1241422785889.jpg', 'images/200905/source_img/7_P_1241422785172.jpg'),
(10, 8, 'images/200905/goods_img/8_P_1241425513388.jpg', '', 'images/200905/thumb_img/8_thumb_P_1241425513834.jpg', 'images/200905/source_img/8_P_1241425513810.jpg'),
(11, 8, 'images/200905/goods_img/8_P_1241425891781.JPG', '正面', 'images/200905/thumb_img/8_thumb_P_1241425891460.jpg', 'images/200905/source_img/8_P_1241425891321.JPG'),
(12, 8, 'images/200905/goods_img/8_P_1241425891193.jpg', '背面', 'images/200905/thumb_img/8_thumb_P_1241425892547.jpg', 'images/200905/source_img/8_P_1241425891588.jpg'),
(13, 8, 'images/200905/goods_img/8_P_1241425892941.JPG', '侧面', 'images/200905/thumb_img/8_thumb_P_1241425892356.jpg', 'images/200905/source_img/8_P_1241425892999.JPG'),
(14, 9, 'images/200905/goods_img/9_P_1241511871575.jpg', '', 'images/200905/thumb_img/9_thumb_P_1241511871787.jpg', 'images/200905/source_img/9_P_1241511871749.jpg'),
(15, 12, 'images/200905/goods_img/12_P_1241965978060.jpg', '', 'images/200905/thumb_img/12_thumb_P_1241965978845.jpg', 'images/200905/source_img/12_P_1241965978333.jpg'),
(16, 12, 'images/200905/goods_img/12_P_1241966218046.jpg', '', 'images/200905/thumb_img/12_thumb_P_1241966218835.jpg', 'images/200905/source_img/12_P_1241966218225.jpg'),
(17, 12, 'images/200905/goods_img/12_P_1241966218391.jpg', '', 'images/200905/thumb_img/12_thumb_P_1241966218843.jpg', 'images/200905/source_img/12_P_1241966218859.jpg'),
(18, 13, 'images/200905/goods_img/13_P_1241967762510.jpg', '', 'images/200905/thumb_img/13_thumb_P_1241967762510.jpg', 'images/200905/source_img/13_P_1241967762358.jpg'),
(19, 13, 'images/200905/goods_img/13_P_1241968002659.jpg', '', 'images/200905/thumb_img/13_thumb_P_1241968002193.jpg', 'images/200905/source_img/13_P_1241968002709.jpg'),
(20, 14, 'images/200905/goods_img/14_P_1241968492774.jpg', '', 'images/200905/thumb_img/14_thumb_P_1241968492168.jpg', 'images/200905/source_img/14_P_1241968492973.jpg'),
(21, 14, 'images/200905/goods_img/14_P_1241968492721.jpg', '', 'images/200905/thumb_img/14_thumb_P_1241968492995.jpg', 'images/200905/source_img/14_P_1241968492307.jpg'),
(22, 14, 'images/200905/goods_img/14_P_1241968492279.jpg', '', 'images/200905/thumb_img/14_thumb_P_1241968492674.jpg', 'images/200905/source_img/14_P_1241968492392.jpg'),
(23, 16, 'images/200905/goods_img/16_P_1241968949498.jpg', '', 'images/200905/thumb_img/16_thumb_P_1241968949965.jpg', 'images/200905/source_img/16_P_1241968949069.jpg'),
(24, 17, 'images/200905/goods_img/17_P_1241969394354.jpg', '', 'images/200905/thumb_img/17_thumb_P_1241969394537.jpg', 'images/200905/source_img/17_P_1241969394369.jpg'),
(25, 19, 'images/200905/goods_img/19_P_1241970140820.jpg', '', 'images/200905/thumb_img/19_thumb_P_1241970140527.jpg', 'images/200905/source_img/19_P_1241970139925.jpg'),
(26, 19, 'images/200905/goods_img/19_P_1241970140600.jpg', '', 'images/200905/thumb_img/19_thumb_P_1241970140229.jpg', 'images/200905/source_img/19_P_1241970140187.jpg'),
(27, 19, 'images/200905/goods_img/19_P_1241970175007.jpg', '', 'images/200905/thumb_img/19_thumb_P_1241970175086.jpg', 'images/200905/source_img/19_P_1241970175028.jpg'),
(28, 22, 'images/200905/goods_img/22_P_1241971076061.jpg', '', 'images/200905/thumb_img/22_thumb_P_1241971076595.jpg', 'images/200905/source_img/22_P_1241971076696.jpg'),
(29, 23, 'images/200905/goods_img/23_P_1241971556661.jpg', '', 'images/200905/thumb_img/23_thumb_P_1241971556920.jpg', 'images/200905/source_img/23_P_1241971556122.jpg'),
(30, 24, 'images/200905/goods_img/24_P_1241971981420.jpg', '', 'images/200905/thumb_img/24_thumb_P_1241971981834.jpg', 'images/200905/source_img/24_P_1241971981824.jpg'),
(31, 25, 'images/200905/goods_img/25_P_1241972709888.jpg', '', 'images/200905/thumb_img/25_thumb_P_1241972709070.jpg', 'images/200905/source_img/25_P_1241972709222.jpg'),
(32, 26, 'images/200905/goods_img/26_P_1241972789025.jpg', '', 'images/200905/thumb_img/26_thumb_P_1241972789061.jpg', 'images/200905/source_img/26_P_1241972789731.jpg'),
(33, 27, 'images/200905/goods_img/27_P_1241972894128.jpg', '', 'images/200905/thumb_img/27_thumb_P_1241972894915.jpg', 'images/200905/source_img/27_P_1241972894886.jpg'),
(34, 28, 'images/200905/goods_img/28_P_1241972976099.jpg', '', 'images/200905/thumb_img/28_thumb_P_1241972976277.jpg', 'images/200905/source_img/28_P_1241972976150.jpg'),
(35, 29, 'images/200905/goods_img/29_P_1241973022876.jpg', '', 'images/200905/thumb_img/29_thumb_P_1241973022886.jpg', 'images/200905/source_img/29_P_1241973022880.jpg'),
(36, 30, 'images/200905/goods_img/30_P_1241973114554.jpg', '', 'images/200905/thumb_img/30_thumb_P_1241973114166.jpg', 'images/200905/source_img/30_P_1241973114795.jpg'),
(38, 20, 'images/200905/goods_img/20_P_1242106490582.jpg', '', 'images/200905/thumb_img/20_thumb_P_1242106490836.jpg', 'images/200905/source_img/20_P_1242106490796.jpg'),
(39, 21, 'images/200905/goods_img/21_P_1242109298519.jpg', '', 'images/200905/thumb_img/21_thumb_P_1242109298525.jpg', 'images/200905/source_img/21_P_1242109298459.jpg'),
(40, 31, 'images/200905/goods_img/31_P_1242110412503.jpg', '', 'images/200905/thumb_img/31_thumb_P_1242110412614.jpg', 'images/200905/source_img/31_P_1242110412152.jpg'),
(41, 32, 'images/200905/goods_img/32_P_1242110760641.jpg', '', 'images/200905/thumb_img/32_thumb_P_1242110760997.jpg', 'images/200905/source_img/32_P_1242110760203.jpg'),
(42, 15, 'images/200905/goods_img/15_P_1242973362276.jpg', '', 'images/200905/thumb_img/15_thumb_P_1242973362611.jpg', 'images/200905/source_img/15_P_1242973362172.jpg'),
(43, 10, 'images/200905/goods_img/10_P_1242973436620.jpg', '', 'images/200905/thumb_img/10_thumb_P_1242973436219.jpg', 'images/200905/source_img/10_P_1242973436898.jpg');

--
-- `ecs_group_goods`
--
INSERT INTO `ecs_group_goods` (`parent_id`, `goods_id`, `goods_price`, `admin_id`) VALUES
(9, 4, 58.00, 1),
(9, 3, 68.00, 1),
(9, 7, 100.00, 1),
(14, 5, 20.00, 1),
(14, 6, 42.00, 1),
(14, 7, 100.00, 1);

--
-- `ecs_keywords`
--
INSERT INTO `ecs_keywords` (`date`, `searchengine`, `keyword`, `count`) VALUES
('2009-04-21', 'ecshop', '诺基亚', 1),
('2009-04-27', 'ecshop', '智能手机', 1),
('2009-05-04', 'ecshop', '斤', 1),
('2009-05-10', 'ecshop', '诺基亚', 1),
('2009-05-11', 'ecshop', '智能手机', 1),
('2009-05-11', 'ecshop', '诺基亚', 1),
('2009-05-12', 'ecshop', '三星', 1),
('2009-05-12', 'ecshop', '智能手机', 1),
('2009-05-12', 'ecshop', 'p806', 1),
('2009-05-12', 'ecshop', '诺基亚', 1),
('2009-05-12', 'ecshop', '夏新', 1),
('2009-05-18', 'ecshop', '52', 2),
('2009-05-22', 'ecshop', 'p', 1);

--
-- `ecs_link_goods`
--
INSERT INTO `ecs_link_goods` (`goods_id`, `link_goods_id`, `is_double`, `admin_id`) VALUES
(12, 9, 0, 1),
(12, 10, 0, 1),
(12, 11, 0, 1),
(9, 13, 1, 1),
(13, 9, 1, 1),
(14, 9, 0, 1),
(14, 13, 0, 1),
(23, 9, 0, 1),
(13, 23, 1, 1),
(23, 13, 1, 1);

--
-- `ecs_member_price`
--
INSERT INTO `ecs_member_price` (`price_id`, `goods_id`, `user_rank`, `user_price`) VALUES
(1, 23, 3, 3200.00),
(2, 23, 2, 3300.00),
(3, 13, 3, 1100.00),
(4, 13, 2, 1200.00);



--
-- `ecs_order_action`
--
INSERT INTO `ecs_order_action` (`action_id`, `order_id`, `action_user`, `order_status`, `shipping_status`, `pay_status`, `action_note`, `log_time`) VALUES
(1, 2, 'admin', 1, 0, 2, '[售后] 1132', 1242142350),
(2, 2, 'admin', 1, 1, 2, '已经发货，注意接收', 1242142389),
(3, 1, 'admin', 1, 1, 2, '已经发货，注意接收', 1242142432),
(4, 2, '买家', 1, 2, 2, '', 1242142449),
(5, 1, '买家', 1, 2, 2, '', 1242142451),
(6, 3, 'admin', 1, 1, 2, '已经发货了，注意接收', 1242142589),
(7, 3, '买家', 1, 2, 2, '', 1242142634),
(8, 5, 'admin', 1, 3, 2, '', 1242142869),
(9, 6, 'admin', 3, 0, 0, '暂时缺货', 1242143337),
(10, 7, 'admin', 1, 0, 0, '', 1242143454),
(11, 1, 'admin', 1, 2, 2, '[售后] 售后', 1242143773),
(12, 2, 'admin', 4, 0, 0, '质量问题', 1242144185),
(13, 12, 'buyer', 2, 0, 0, '用户取消', 1242576313),
(14, 13, 'admin', 1, 1, 0, '11', 1242576445),
(15, 14, 'admin', 1, 3, 2, '', 1242976715),
(16, 14, 'admin', 1, 1, 2, '已经发货，请接收', 1242976740),
(17, 15, 'admin', 1, 0, 0, '', 1245044587),
(18, 15, 'admin', 1, 0, 2, '已经付款', 1245044644),
(19, 15, 'admin', 1, 4, 2, '', 1245044964),
(20, 15, 'admin', 1, 4, 2, '北京供货商', 1245045061),
(21, 3, 'admin', 4, 0, 0, '不喜欢这个颜色', 1245045334),
(22, 15, 'admin', 1, 1, 2, '', 1245045443),
(23, 15, 'admin', 4, 0, 0, '退货', 1245045515),
(24, 16, 'admin', 1, 4, 2, '上海供货', 1245045723),
(25, 17, 'admin', 1, 1, 2, '', 1245048189),
(26, 17, 'admin', 4, 0, 0, '退货', 1245048212),
(27, 19, 'admin', 1, 1, 2, '', 1245384050);

--
-- `ecs_order_goods`
--
INSERT INTO `ecs_order_goods` (`rec_id`, `order_id`, `goods_id`, `goods_name`, `goods_sn`, `goods_number`, `market_price`, `goods_price`, `goods_attr`, `send_number`, `is_real`, `extension_code`, `parent_id`, `is_gift`, `goods_attr_id`) VALUES
(1, 1, 8, '飞利浦9@9v', 'ECS000008', 1, 478.79, 385.00, '颜色:黑 \n', 0, 1, '', 0, 0, '231'),
(2, 2, 12, '摩托罗拉A810', 'ECS000012', 1, 1179.60, 960.00, '', 0, 1, '', 0, 0, ''),
(3, 3, 17, '夏新N7', 'ECS000017', 1, 2760.00, 2300.00, '', 0, 1, '', 0, 0, ''),
(4, 4, 22, '多普达Touch HD', 'ECS000022', 1, 7198.80, 5999.00, '', 0, 1, '', 0, 0, ''),
(5, 5, 9, '诺基亚E66', 'ECS000009', 3, 2757.60, 2200.00, '', 0, 1, '', 0, 0, ''),
(6, 5, 24, 'P806', 'ECS000024', 1, 2400.00, 2000.00, '', 0, 1, '', 0, 0, ''),
(7, 6, 5, '索爱原装M2卡读卡器', 'ECS000005', 1, 24.00, 20.00, '', 0, 1, '', 0, 0, ''),
(8, 7, 9, '诺基亚E66', 'ECS000009', 1, 2757.60, 2298.00, '', 0, 1, '', 0, 0, ''),
(9, 8, 20, '三星BC01', 'ECS000020', 1, 336.00, 238.00, '', 0, 1, '', 0, 0, ''),
(10, 8, 8, '飞利浦9@9v', 'ECS000008', 1, 478.79, 385.00, '颜色:黑 \n', 0, 1, '', 0, 0, '231'),
(11, 9, 24, 'P806', 'ECS000024', 1, 2400.00, 2000.00, '', 0, 1, '', 0, 0, ''),
(12, 10, 24, 'P806', 'ECS000024', 1, 2400.00, 0.00, '', 0, 1, '', 0, 0, ''),
(13, 11, 23, '诺基亚N96', 'ECS000023', 1, 4440.00, 3800.00, '附加配件: 原装电池 [+100]', 0, 1, '', 0, 0, ''),
(14, 12, 20, '三星BC01', 'ECS000020', 1, 336.00, 238.00, '', 0, 1, '', 0, 0, ''),
(15, 13, 12, '摩托罗拉A810', 'ECS000012', 1, 1179.60, 960.00, '', 0, 1, '', 0, 0, ''),
(16, 14, 15, '摩托罗拉A810', 'ECS000015', 5, 705.60, 588.00, '', 0, 1, '', 0, 0, ''),
(17, 14, 20, '三星BC01', 'ECS000020', 1, 336.00, 238.00, '', 0, 1, '', 0, 0, ''),
(18, 14, 22, '多普达Touch HD', 'ECS000022', 1, 7198.80, 5999.00, '', 0, 1, '', 0, 0, ''),
(19, 14, 3, '诺基亚原装5800耳机', 'ECS000002', 4, 81.60, 68.00, '颜色:银色 \n', 0, 1, '', 0, 0, ''),
(20, 14, 9, '诺基亚E66', 'ECS000009', 2, 2757.60, 2298.00, '', 0, 1, '', 0, 0, ''),
(21, 15, 13, '诺基亚5320 XpressMusic', 'ECS000013', 3, 1583.20, 1210.00, '颜色:红[10] \n', 0, 1, '', 0, 0, ''),
(22, 15, 14, '诺基亚5800XM', 'ECS000014', 1, 3150.00, 2493.75, '', 0, 1, '', 0, 0, ''),
(23, 15, 24, 'P806', 'ECS000024', 4, 2400.00, 1900.00, '', 0, 1, '', 0, 0, ''),
(24, 15, 9, '诺基亚E66', 'ECS000009', 1, 2757.60, 2183.10, '', 0, 1, '', 0, 0, ''),
(25, 15, 8, '飞利浦9@9v', 'ECS000008', 3, 478.79, 379.05, '颜色:黑 \n', 0, 1, '', 0, 0, '231'),
(26, 16, 12, '摩托罗拉A810', 'ECS000012', 2, 1179.60, 933.85, '', 2, 1, '', 0, 0, ''),
(27, 16, 1, 'KD876', 'ECS000000', 1, 1665.60, 1318.60, '', 0, 1, '', 0, 0, ''),
(28, 17, 24, 'P806', 'ECS000024', 1, 2400.00, 1900.00, '', 0, 1, '', 0, 0, ''),
(29, 18, 24, 'P806', 'ECS000024', 5, 2400.00, 100.00, '', 0, 1, '', 0, 0, ''),
(30, 19, 12, '摩托罗拉A810', 'ECS000012', 2, 1179.60, 933.85, '', 2, 1, '', 0, 0, ''),
(31, 19, 24, 'P806', 'ECS000024', 2, 2400.00, 1850.00, '颜色:灰色 \n', 2, 1, '', 0, 0, '167');

--
-- `ecs_order_info`
--
INSERT INTO `ecs_order_info` (`order_id`, `order_sn`, `user_id`, `order_status`, `shipping_status`, `pay_status`, `consignee`, `country`, `province`, `city`, `district`, `address`, `zipcode`, `tel`, `mobile`, `email`, `best_time`, `sign_building`, `postscript`, `shipping_id`, `shipping_name`, `pay_id`, `pay_name`, `how_oos`, `how_surplus`, `pack_name`, `card_name`, `card_message`, `inv_payee`, `inv_content`, `goods_amount`, `shipping_fee`, `insure_fee`, `pay_fee`, `pack_fee`, `card_fee`, `money_paid`, `surplus`, `integral`, `integral_money`, `bonus`, `order_amount`, `from_ad`, `referer`, `add_time`, `confirm_time`, `pay_time`, `shipping_time`, `pack_id`, `card_id`, `bonus_id`, `invoice_no`, `extension_code`, `extension_id`, `to_buyer`, `pay_note`, `agency_id`, `inv_type`, `tax`, `is_separate`, `parent_id`, `discount`) VALUES
(1, '2009051298180', 1, 1, 2, 2, '刘先生', 1, 2, 52, 500, '[中国 北京 北京 海淀区] 中关村海兴大厦', '100085', '010-25851234', '13986765412', 'ecshop@ecshop.com', '中午', '法院', '', 5, '申通快递', 1, '余额支付', '等待所有商品备齐后再发', '', '', '', '', '', '', 385.00, 15.00, 0.00, 0.00, 0.00, 0.00, 0.00, 400.00, 0, 0.00, 0.00, 0.00, 0, '本站', 1242142274, 1242142274, 1242142274, 1242142432, 0, 0, 0, '122', '', 0, '', '', 0, '', 0.00, 0, 0, 0.00),
(2, '2009051255518', 1, 4, 0, 0, '刘先生', 1, 2, 52, 500, '[中国 北京 北京 海淀区] 中关村海兴大厦', '100085', '010-25851234', '13986765412', 'ecshop@ecshop.com', '中午', '法院', '', 3, '城际快递', 1, '余额支付', '等待所有商品备齐后再发', '', '精品包装', '祝福贺卡', '晚来的祝福', '', '', 960.00, 10.00, 0.00, 0.00, 0.00, 5.00, 0.00, 0.00, 0, 0.00, 0.00, 0.00, 0, '本站', 1242142324, 1242142324, 1242142324, 1242142389, 1, 1, 0, '111', '', 0, '', '', 0, '', 0.00, 0, 0, 0.00),
(3, '2009051267570', 1, 4, 0, 0, '刘先生', 1, 2, 52, 500, '[中国 北京 北京 海淀区] 中关村海兴大厦', '100085', '010-25851234', '13986765412', 'ecshop@ecshop.com', '中午', '法院', '', 3, '城际快递', 1, '余额支付', '等待所有商品备齐后再发', '', '', '', '', '', '', 2300.00, 10.00, 0.00, 0.00, 0.00, 0.00, 0.00, 0.00, 0, 0.00, 0.00, 0.00, 0, '本站', 1242142549, 1242142549, 1242142549, 1242142589, 0, 0, 0, '', '', 0, '', '', 0, '', 0.00, 0, 0, 0.00),
(4, '2009051230249', 1, 1, 0, 2, '刘先生', 1, 2, 52, 500, '[中国 北京 北京 海淀区] 中关村海兴大厦', '100085', '010-25851234', '13986765412', 'ecshop@ecshop.com', '中午', '法院', '', 3, '城际快递', 1, '余额支付', '等待所有商品备齐后再发', '', '', '', '', '', '', 5999.00, 10.00, 0.00, 0.00, 0.00, 0.00, 0.00, 5989.00, 0, 0.00, 20.00, 0.00, 0, '本站', 1242142681, 1242142681, 1242142681, 0, 0, 0, 1, '', '', 0, '', '', 0, '', 0.00, 0, 0, 0.00),
(5, '2009051276258', 1, 1, 3, 2, '刘先生', 1, 2, 52, 500, '[中国 北京 北京 海淀区] 中关村海兴大厦', '100085', '010-25851234', '13986765412', 'ecshop@ecshop.com', '中午', '法院', '', 3, '城际快递', 1, '余额支付', '等待所有商品备齐后再发', '', '', '', '', '', '', 8600.00, 10.00, 0.00, 0.00, 0.00, 0.00, 0.00, 8610.00, 0, 0.00, 0.00, 0.00, 0, '本站', 1242142808, 1242142808, 1242142808, 0, 0, 0, 0, '', '', 0, '', '', 0, '', 0.00, 0, 0, 0.00),
(6, '2009051217221', 3, 3, 0, 0, '叶先生', 1, 2, 52, 510, '通州区旗舰凯旋小区', '', '13588104710', '', 'text@ecshop.com', '', '', '', 5, '申通快递', 2, '银行汇款/转帐', '等待所有商品备齐后再发', '', '', '', '', '', '', 20.00, 15.00, 0.00, 0.00, 0.00, 0.00, 0.00, 0.00, 0, 0.00, 0.00, 35.00, 0, '', 1242143292, 0, 0, 0, 0, 0, 0, '', '', 0, '', '', 0, '', 0.00, 0, 0, 0.00),
(7, '2009051227085', 3, 1, 0, 0, '叶先生', 1, 2, 52, 510, '通州区旗舰凯旋小区', '', '13588104710', '', 'text@ecshop.com', '', '', '', 5, '申通快递', 2, '银行汇款/转帐', '等待所有商品备齐后再发', '', '', '', '', '', '', 2298.00, 15.00, 0.00, 0.00, 0.00, 0.00, 0.00, 1000.00, 0, 0.00, 0.00, 1198.10, 0, '', 1242143383, 1242143454, 0, 0, 0, 0, 0, '', '', 0, '', '', 0, '', 0.00, 0, 0, 114.90),
(8, '2009051299732', 3, 0, 0, 0, '叶先生', 1, 2, 52, 510, '通州区旗舰凯旋小区', '', '13588104710', '', 'text@ecshop.com', '', '', '', 5, '申通快递', 2, '银行汇款/转帐', '等待所有商品备齐后再发', '', '', '', '', '', '', 623.00, 15.00, 0.00, 0.00, 0.00, 0.00, 0.00, 0.00, 0, 0.00, 0.00, 638.00, 0, '', 1242143444, 0, 0, 0, 0, 0, 0, '', '', 0, '', '', 0, '', 0.00, 0, 0, 0.00),
(9, '2009051210718', 3, 0, 0, 0, '叶先生', 1, 2, 52, 510, '通州区旗舰凯旋小区', '', '13588104710', '', 'text@ecshop.com', '', '', '', 5, '申通快递', 2, '银行汇款/转帐', '等待所有商品备齐后再发', '', '', '', '', '', '', 2000.00, 15.00, 0.00, 0.00, 0.00, 0.00, 0.00, 0.00, 0, 0.00, 0.00, 2015.00, 0, '', 1242143732, 0, 0, 0, 0, 0, 0, '', '', 0, '', '', 0, '', 0.00, 0, 0, 0.00),
(10, '2009051268194', 1, 1, 0, 2, '刘先生', 1, 2, 52, 500, '海兴大厦', '', '010-25851234', '13986765412', 'ecshop@ecshop.com', '', '', '', 3, '城际快递', 1, '余额支付', '等待所有商品备齐后再发', '', '', '', '', '', '', 0.00, 10.00, 0.00, 0.00, 0.00, 0.00, 0.00, 10.00, 17000, 0.00, 0.00, 0.00, 0, '', 1242143920, 1242143920, 1242143920, 0, 0, 0, 0, '', 'exchange_goods', 24, '', '', 0, '', 0.00, 0, 0, 0.00),
(11, '2009051264945', 0, 1, 0, 0, '林小姐', 1, 2, 52, 500, '中关村海兴大厦', '', '135474510', '', 'linzi@116.com', '', '', '', 3, '城际快递', 2, '银行汇款/转帐', '', '', '', '', '', '', '', 3800.00, 10.00, 0.00, 0.00, 0.00, 0.00, 0.00, 0.00, 0, 0.00, 0.00, 3810.00, 0, '管理员添加', 1242144250, 1242144363, 0, 0, 0, 0, 0, '', '', 0, '', '', 0, '', 0.00, 0, 0, 0.00),
(12, '2009051712919', 1, 2, 0, 0, '刘先生', 1, 2, 52, 502, '海兴大厦', '', '010-25851234', '13986765412', 'ecshop@ecshop.com', '', '', '', 3, '城际快递', 3, '货到付款', '等待所有商品备齐后再发', '', '', '', '', '', '', 238.00, 10.00, 0.00, 5.00, 0.00, 0.00, 0.00, 0.00, 0, 0.00, 0.00, 253.00, 0, '本站', 1242576304, 0, 0, 0, 0, 0, 0, '', '', 0, '', '', 0, '', 0.00, 0, 0, 0.00),
(13, '2009051719232', 1, 1, 1, 0, '刘先生', 1, 2, 52, 502, '海兴大厦', '', '010-25851234', '13986765412', 'ecshop@ecshop.com', '', '', '', 3, '城际快递', 3, '货到付款', '等待所有商品备齐后再发', '', '', '', '', '', '', 960.00, 10.00, 0.00, 5.00, 0.00, 0.00, 0.00, 0.00, 0, 0.00, 0.00, 975.00, 0, '本站', 1242576341, 1242576445, 0, 1242576445, 0, 0, 0, '', '', 0, '', '', 0, '', 0.00, 0, 0, 0.00),
(14, '2009052224892', 1, 1, 1, 2, '刘先生', 1, 2, 52, 502, '海兴大厦', '', '010-25851234', '13986765412', 'ecshop@ecshop.com', '', '', '', 3, '城际快递', 1, '余额支付', '等待所有商品备齐后再发', '', '', '', '', '', '', 14045.00, 10.00, 0.00, 0.00, 0.00, 0.00, 0.00, 13806.60, 0, 0.00, 5.00, 0.00, 0, '本站', 1242976699, 1242976699, 1242976699, 1242976740, 0, 0, 2, '1123344', '', 0, '', '', 0, '', 0.00, 0, 0, 243.40),
(15, '2009061585887', 1, 4, 0, 0, '刘先生', 1, 2, 52, 502, '海兴大厦', '', '010-25851234', '13986765412', 'ecshop@ecshop.com', '', '', '', 3, '城际快递', 2, '银行汇款/转帐', '等待所有商品备齐后再发', '', '', '', '', '', '', 17044.00, 10.00, 0.00, 0.00, 0.00, 0.00, 0.00, 0.00, 0, 0.00, 0.00, 17054.00, 0, '本站', 1245044533, 1245044587, 1245044644, 1245045443, 0, 0, 0, '', '', 0, '', '', 0, '', 0.00, 0, 0, 0.00),
(16, '2009061525429', 1, 1, 4, 2, '刘先生', 1, 2, 52, 502, '海兴大厦', '', '010-25851234', '13986765412', 'ecshop@ecshop.com', '', '', '', 3, '城际快递', 1, '余额支付', '等待所有商品备齐后再发', '', '', '', '', '', '', 3186.30, 10.00, 0.00, 0.00, 0.00, 0.00, 0.00, 3196.30, 0, 0.00, 0.00, 0.00, 0, '本站', 1245045672, 1245045672, 1245045672, 1245045723, 0, 0, 0, '2009061525121', '', 0, '', '', 0, '', 0.00, 0, 0, 0.00),
(17, '2009061503335', 1, 4, 0, 0, '刘先生', 1, 2, 52, 502, '海兴大厦', '', '010-25851234', '13986765412', 'ecshop@ecshop.com', '', '', '', 3, '城际快递', 1, '余额支付', '等待所有商品备齐后再发', '', '', '', '', '', '', 1900.00, 10.00, 0.00, 0.00, 0.00, 0.00, 0.00, 0.00, 0, 0.00, 0.00, 0.00, 0, '本站', 1245047978, 1245047978, 1245047978, 1245048189, 0, 0, 0, '', '', 0, '', '', 0, '', 0.00, 0, 0, 0.00),
(18, '2009061510313', 1, 1, 0, 2, '刘先生', 1, 2, 52, 502, '海兴大厦', '', '010-25851234', '13986765412', 'ecshop@ecshop.com', '', '', '', 3, '城际快递', 1, '余额支付', '等待所有商品备齐后再发', '', '', '', '', '', '', 500.00, 10.00, 0.00, 0.00, 0.00, 0.00, 0.00, 500.00, 0, 0.00, 0.00, 0.00, 0, '本站', 1245048585, 1245048585, 1245048585, 0, 0, 0, 0, '', 'group_buy', 8, '', '', 0, '', 0.00, 0, 0, 0.00),
(19, '2009061909851', 1, 1, 1, 2, '刘先生', 1, 2, 52, 502, '海兴大厦', '', '010-25851234', '13986765412', 'ecshop@ecshop.com', '', '', '', 3, '城际快递', 1, '余额支付', '等待所有商品备齐后再发', '', '', '', '', '', '', 5567.70, 10.00, 0.00, 0.00, 0.00, 0.00, 0.00, 5577.70, 0, 0.00, 0.00, 0.00, 0, '本站', 1245384008, 1245384008, 1245384008, 1245384049, 0, 0, 0, '232421', '', 0, '', '', 0, '', 0.00, 0, 0, 0.00);

--
-- `ecs_pack`
--
INSERT INTO `ecs_pack` (`pack_id`, `pack_name`, `pack_img`, `pack_fee`, `free_money`, `pack_desc`) VALUES
(1, '精品包装', '1242108360911825791.jpg', 5, 800, '精品包装，尽心为您设计一份不一样的礼物');

--
-- `ecs_package_goods`
--
INSERT INTO `ecs_package_goods` (`package_id`, `goods_id`, `goods_number`, `admin_id`) VALUES
(5, 6, 1, 1),
(5, 5, 1, 1),
(6, 4, 1, 1),
(6, 7, 1, 1),
(6, 32, 1, 1),
(5, 31, 1, 1);

--
-- `ecs_payment`
--
INSERT INTO `ecs_payment` (`pay_id`, `pay_code`, `pay_name`, `pay_fee`, `pay_desc`, `pay_order`, `pay_config`, `enabled`, `is_cod`, `is_online`) VALUES
(1, 'balance', '余额支付', '0', '使用帐户余额支付。只有会员才能使用，通过设置信用额度，可以透支。', 0, 'a:0:{}', 1, 0, 1),
(2, 'bank', '银行汇款/转帐', '0', '银行名称\n收款人信息：全称 ××× ；帐号或地址 ××× ；开户行 ×××。\n注意事项：办理电汇时，请在电汇单“汇款用途”一栏处注明您的订单号。', 0, 'a:0:{}', 1, 0, 0),
(3, 'cod', '货到付款', '0', '开通城市：×××\n货到付款区域：×××', 0, 'a:0:{}', 1, 1, 0);

--
-- `ecs_pay_log`
--
INSERT INTO `ecs_pay_log` (`log_id`, `order_id`, `order_amount`, `order_type`, `is_paid`) VALUES
(1, 1, 0.00, 0, 0),
(2, 2, 0.00, 0, 0),
(3, 3, 0.00, 0, 0),
(4, 4, 0.00, 0, 0),
(5, 5, 0.00, 0, 0),
(6, 6, 35.00, 0, 0),
(7, 7, 2198.10, 0, 0),
(8, 8, 638.00, 0, 0),
(9, 9, 2015.00, 0, 0),
(10, 10, 0.00, 0, 0),
(11, 11, 3810.00, 0, 0),
(12, 12, 253.00, 0, 0),
(13, 13, 975.00, 0, 0),
(14, 14, 0.00, 0, 0),
(15, 15, 17054.00, 0, 0),
(16, 16, 0.00, 0, 0),
(17, 17, 0.00, 0, 0),
(18, 18, 0.00, 0, 0);

--
-- `ecs_shipping`
--
INSERT INTO `ecs_shipping` (`shipping_id`, `shipping_code`, `shipping_name`, `shipping_desc`, `insure`, `support_cod`, `enabled`, `shipping_print`) VALUES
(1, 'post_express', '邮政快递包裹', '邮政快递包裹的描述内容。', '1%', 0, 1, ''),
(2, 'yto', '圆通速递', '上海圆通物流（速递）有限公司经过多年的网络快速发展，在中国速递行业中一直处于领先地位。为了能更好的发展国际快件市场，加快与国际市场的接轨，强化圆通的整体实力，圆通已在东南亚、欧美、中东、北美洲、非洲等许多城市运作国际快件业务', '0', 1, 1, ''),
(3, 'city_express', '城际快递', '配送的运费是固定的', '0', 1, 1, ''),
(4, 'flat', '市内快递', '固定运费的配送方式内容', '0', 1, 1, ''),
(5, 'sto_express', '申通快递', '江、浙、沪地区首重为15元/KG，其他地区18元/KG， 续重均为5-6元/KG， 云南地区为8元', '0', 0, 1, ''),
(6, 'post_mail', '邮局平邮', '邮局平邮的描述内容。', '0', 0, 1, ''),
(7, 'fpd', '运费到付', '所购商品到达即付运费', '0', 0, 1, '');

--
-- `ecs_shipping_area`
--
INSERT INTO `ecs_shipping_area` (`shipping_area_id`, `shipping_area_name`, `shipping_id`, `configure`) VALUES
(1, '申通', 5, 'a:5:{i:0;a:2:{s:4:"name";s:8:"item_fee";s:5:"value";s:2:"15";}i:1;a:2:{s:4:"name";s:8:"base_fee";s:5:"value";s:2:"15";}i:2;a:2:{s:4:"name";s:8:"step_fee";s:5:"value";s:1:"5";}i:3;a:2:{s:4:"name";s:10:"free_money";s:5:"value";s:1:"0";}i:4;a:2:{s:4:"name";s:16:"fee_compute_mode";s:5:"value";s:9:"by_weight";}}'),
(2, '1', 3, 'a:4:{i:0;a:2:{s:4:"name";s:8:"base_fee";s:5:"value";s:2:"10";}i:1;a:2:{s:4:"name";s:10:"free_money";s:5:"value";s:6:"100000";}i:2;a:2:{s:4:"name";s:16:"fee_compute_mode";s:5:"value";N;}i:3;a:2:{s:4:"name";s:7:"pay_fee";s:5:"value";s:1:"5";}}'),
(3, '邮局', 6, 'a:7:{i:0;a:2:{s:4:"name";s:8:"item_fee";s:5:"value";s:1:"4";}i:1;a:2:{s:4:"name";s:8:"base_fee";s:5:"value";s:3:"3.5";}i:2;a:2:{s:4:"name";s:8:"step_fee";s:5:"value";s:3:"2.5";}i:3;a:2:{s:4:"name";s:9:"step_fee1";s:5:"value";N;}i:4;a:2:{s:4:"name";s:8:"pack_fee";s:5:"value";s:1:"0";}i:5;a:2:{s:4:"name";s:10:"free_money";s:5:"value";s:5:"50000";}i:6;a:2:{s:4:"name";s:16:"fee_compute_mode";s:5:"value";s:9:"by_weight";}}'),
(4, '运费到付', 7, 'a:2:{i:0;a:2:{s:4:"name";s:10:"free_money";s:5:"value";s:5:"50000";}i:1;a:2:{s:4:"name";s:16:"fee_compute_mode";s:5:"value";N;}}');

--
-- `ecs_snatch_log`
--
INSERT INTO `ecs_snatch_log` (`log_id`, `snatch_id`, `user_id`, `bid_price`, `bid_time`) VALUES
(1, 2, 1, 17.00, 1242142910),
(2, 1, 1, 50.00, 1242142935);

--
-- `ecs_stats`
--
INSERT INTO `ecs_stats` (`access_time`, `ip_address`, `visit_times`, `browser`, `system`, `language`, `area`, `referer_domain`, `referer_path`, `access_url`) VALUES
(1240294063, '0.0.0.0', 196, 'FireFox 3.0.8', 'Windows XP', 'zh-cn', 'IANA', 'http://localhost:8080', '/shoujitiyan/admin/index.php?act=top', '/shoujitiyan/index.php'),
(1240298833, '0.0.0.0', 198, 'FireFox 3.0.8', 'Windows XP', 'zh-cn', 'IANA', 'http://localhost:8080', '/shoujitiyan/admin/index.php?act=top', '/shoujitiyan/index.php'),
(1240380013, '0.0.0.0', 204, 'FireFox 3.0.8', 'Windows XP', 'zh-cn', 'IANA', 'http://localhost:8080', '/', '/shoujitiyan/index.php'),
(1240463462, '0.0.0.0', 208, 'FireFox 3.0.9', 'Windows XP', 'zh-cn', 'IANA', 'http://localhost:8080', '/shoujitiyan/admin/index.php?act=top', '/shoujitiyan/index.php'),
(1240800901, '0.0.0.0', 222, 'FireFox 3.0.9', 'Windows XP', 'zh-cn', 'IANA', 'http://localhost:8080', '/shoujitiyan/admin/index.php?act=top', '/shoujitiyan/index.php'),
(1240803254, '0.0.0.0', 227, 'FireFox 3.0.9', 'Windows XP', 'zh-cn', 'IANA', 'http://localhost:8080', '/shoujitiyan/admin/index.php?act=top', '/shoujitiyan/index.php'),
(1240904381, '0.0.0.0', 237, 'FireFox 3.0.9', 'Windows XP', 'zh-cn', 'IANA', 'http://localhost:8080', '/shoujitiyan/admin/index.php?act=top', '/shoujitiyan/index.php'),
(1241419322, '0.0.0.0', 250, 'FireFox 3.0.10', 'Windows XP', 'zh-cn', 'IANA', 'http://localhost:8080', '/shoujitiyan/admin/goods.php?act=list', '/shoujitiyan/goods.php'),
(1241420999, '0.0.0.0', 252, 'FireFox 3.0.10', 'Windows XP', 'zh-cn', 'IANA', 'http://localhost:8080', '/shoujitiyan/admin/index.php?act=top', '/shoujitiyan/index.php'),
(1241424831, '0.0.0.0', 253, 'FireFox 3.0.10', 'Windows XP', 'zh-cn', 'IANA', 'http://localhost:8080', '/shoujitiyan/admin/goods.php?act=list', '/shoujitiyan/goods.php'),
(1241498580, '0.0.0.0', 257, 'FireFox 3.0.10', 'Windows XP', 'zh-cn', 'IANA', 'http://localhost:8080', '/shoujitiyan/admin/index.php?act=top', '/shoujitiyan/index.php'),
(1241511324, '0.0.0.0', 262, 'FireFox 3.0.10', 'Windows XP', 'zh-cn', 'IANA', 'http://localhost:8080', '/shoujitiyan/admin/goods.php?act=list', '/shoujitiyan/goods.php'),
(1241514671, '0.0.0.0', 263, 'FireFox 3.0.10', 'Windows XP', 'zh-cn', 'IANA', 'http://localhost:8080', '/shoujitiyan/admin/index.php?act=top', '/shoujitiyan/index.php'),
(1241517726, '0.0.0.0', 265, 'FireFox 3.0.10', 'Windows XP', 'zh-cn', 'IANA', '', '', '/shoujitiyan/index.php'),
(1241946350, '127.0.0.1', 39, 'FireFox 2.0.0.20', 'Windows XP', 'zh-cn', 'LAN', 'http://localhost:8080', '/shoujitiyan/admin/index.php?act=top', '/shoujitiyan/index.php'),
(1241965138, '127.0.0.1', 41, 'FireFox 2.0.0.20', 'Windows XP', 'zh-cn', 'LAN', 'http://localhost:8080', '/', '/shoujitiyan/index.php'),
(1241966751, '127.0.0.1', 43, 'FireFox 2.0.0.20', 'Windows XP', 'zh-cn', 'LAN', 'http://localhost:8080', '/shoujitiyan/admin/index.php?act=top', '/shoujitiyan/index.php'),
(1241970153, '127.0.0.1', 45, 'FireFox 2.0.0.20', 'Windows XP', 'zh-cn', 'LAN', 'http://localhost:8080', '/shoujitiyan/admin/goods.php?act=list', '/shoujitiyan/goods.php'),
(1241970640, '127.0.0.1', 47, 'FireFox 2.0.0.20', 'Windows XP', 'zh-cn', 'LAN', 'http://localhost:8080', '/shoujitiyan/admin/index.php?act=top', '/shoujitiyan/index.php'),
(1242105962, '0.0.0.0', 310, 'FireFox 3.0.10', 'Windows XP', 'zh-cn', 'IANA', 'http://localhost:8080', '/shoujitiyan/admin/goods.php?act=list', '/shoujitiyan/goods.php'),
(1242140915, '127.0.0.1', 52, 'FireFox 2.0.0.20', 'Windows XP', 'zh-cn', 'LAN', 'http://localhost:8080', '/shoujitiyan/admin/index.php?act=top', '/shoujitiyan/index.php'),
(1242141002, '127.0.0.1', 54, 'FireFox 2.0.0.20', 'Windows XP', 'zh-cn', 'LAN', 'http://localhost:8080', '/shoujitiyan/user.php', '/shoujitiyan/user.php'),
(1242141352, '127.0.0.1', 57, 'FireFox 2.0.0.20', 'Windows XP', 'zh-cn', 'LAN', 'http://localhost:8080', '/shoujitiyan/user.php?act=address_list', '/shoujitiyan/user.php'),
(1242141605, '127.0.0.1', 59, 'FireFox 2.0.0.20', 'Windows XP', 'zh-cn', 'LAN', 'http://localhost:8080', '/shoujitiyan/user.php', '/shoujitiyan/user.php'),
(1242576210, '127.0.0.1', 72, 'FireFox 2.0.0.20', 'Windows XP', 'zh-cn', 'LAN', 'http://localhost:8080', '/shoujitiyan/admin/index.php?act=top', '/shoujitiyan/index.php'),
(1242576982, '127.0.0.1', 74, 'FireFox 2.0.0.20', 'Windows XP', 'zh-cn', 'LAN', 'http://localhost:8080', '/shoujitiyan/admin/article.php?act=list&uselastfilter=1', '/shoujitiyan/article.php'),
(1242577205, '127.0.0.1', 76, 'FireFox 2.0.0.20', 'Windows XP', 'zh-cn', 'LAN', 'http://localhost:8080', '/shoujitiyan/admin/article.php?act=list', '/shoujitiyan/article.php'),
(1242579230, '127.0.0.1', 78, 'FireFox 2.0.0.20', 'Windows XP', 'zh-cn', 'LAN', 'http://localhost:8080', '/shoujitiyan/admin/index.php?act=top', '/shoujitiyan/index.php'),
(1242973907, '0.0.0.0', 375, 'FireFox 3.0.10', 'Windows XP', 'zh-cn', 'IANA', 'http://localhost:8080', '/shoujitiyan/admin/index.php?act=top', '/shoujitiyan/index.php'),
(1242974337, '0.0.0.0', 377, 'FireFox 3.0.10', 'Windows XP', 'zh-cn', 'IANA', 'http://localhost:8080', '/shoujitiyan/', '/shoujitiyan/search.php'),
(1242976474, '0.0.0.0', 379, 'FireFox 3.0.10', 'Windows XP', 'zh-cn', 'IANA', 'http://localhost:8080', '/shoujitiyan/admin/index.php?act=top', '/shoujitiyan/index.php'),
(1244189098, '0.0.0.0', 418, 'FireFox 3.0.10', 'Windows XP', 'zh-cn', 'IANA', 'http://localhost:8080', '/shoujitiyan/admin/index.php?act=top', '/shoujitiyan/index.php'),
(1244191271, '0.0.0.0', 420, 'FireFox 3.0.10', 'Windows XP', 'zh-cn', 'IANA', 'http://localhost:8080', '/shoujitiyan/index.php', '/shoujitiyan/article.php'),
(1244191479, '0.0.0.0', 422, 'FireFox 3.0.10', 'Windows XP', 'zh-cn', 'IANA', 'http://localhost:8080', '/shoujitiyan/admin/index.php?act=top', '/shoujitiyan/index.php'),
(1244193068, '0.0.0.0', 426, 'FireFox 3.0.10', 'Windows XP', 'zh-cn', 'IANA', 'http://localhost:8080', '/shoujitiyan/article.php?id=33', '/shoujitiyan/index.php'),
(1244772987, '0.0.0.0', 466, 'FireFox 3.0.10', 'Windows XP', 'zh-cn', 'IANA', 'http://localhost:8080', '/shoujitiyan/admin/index.php?act=top', '/shoujitiyan/index.php'),
(1245042503, '0.0.0.0', 472, 'FireFox 3.0.11', 'Windows XP', 'zh-cn', 'IANA', 'http://localhost:8080', '/shouji/admin/privilege.php?act=login', '/shouji/index.php'),
(1245042507, '0.0.0.0', 472, 'FireFox 3.0.11', 'Windows XP', 'zh-cn', 'IANA', 'http://localhost:8080', '/shouji/admin/index.php?act=top', '/shouji/index.php'),
(1245046089, '0.0.0.0', 474, 'FireFox 3.0.11', 'Windows XP', 'zh-cn', 'IANA', 'http://localhost:8080', '/shouji/admin/index.php?act=top', '/shouji/index.php'),
(1245047906, '0.0.0.0', 476, 'FireFox 3.0.11', 'Windows XP', 'zh-cn', 'IANA', 'http://localhost:8080', '/shouji/goods.php?id=24', '/shouji/user.php'),
(1245047951, '0.0.0.0', 478, 'FireFox 3.0.11', 'Windows XP', 'zh-cn', 'IANA', 'http://localhost:8080', '/shouji/group_buy.php?act=view&id=8', '/shouji/goods.php'),
(1245048514, '0.0.0.0', 480, 'FireFox 3.0.11', 'Windows XP', 'zh-cn', 'IANA', 'http://localhost:8080', '/shouji/flow.php?step=checkout', '/shouji/index.php'),
(1245139613, '0.0.0.0', 488, 'FireFox 3.0.11', 'Windows XP', 'zh-cn', 'IANA', 'http://localhost:8080', '/shouji/admin/index.php?act=top', '/shouji/index.php'),
(1245140082, '0.0.0.0', 490, 'FireFox 3.0.11', 'Windows XP', 'zh-cn', 'IANA', '', '', '/shouji/article.php'),
(1245145064, '0.0.0.0', 493, 'FireFox 3.0.11', 'Windows XP', 'zh-cn', 'IANA', 'http://localhost:8080', '/shouji/admin/index.php?act=top', '/shouji/index.php'),
(1245217308, '0.0.0.0', 498, 'FireFox 3.0.11', 'Windows XP', 'zh-cn', 'IANA', 'http://localhost:8080', '/', '/shouji/index.php'),
(1245219380, '0.0.0.0', 499, 'FireFox 3.0.11', 'Windows XP', 'zh-cn', 'IANA', 'http://localhost:8080', '/shouji/admin/index.php?act=top', '/shouji/index.php'),
(1245222219, '0.0.0.0', 500, 'FireFox 3.0.11', 'Windows XP', 'zh-cn', 'IANA', 'http://localhost:8080', '/shouji/admin/goods.php?act=list', '/shouji/goods.php');

--
-- `ecs_suppliers`
--
INSERT INTO `ecs_suppliers` (`suppliers_id`, `suppliers_name`, `suppliers_desc`) VALUES
(1, '北京供货商', '北京供货商'),
(2, '上海供货商', '上海供货商');

--
-- `ecs_tag`
--
INSERT INTO `ecs_tag` (`tag_id`, `user_id`, `goods_id`, `tag_words`) VALUES
(1, 0, 13, '音乐手机'),
(2, 0, 14, '音乐手机'),
(3, 0, 23, '音乐手机'),
(4, 0, 23, '智能手机'),
(5, 0, 14, '智能手机'),
(6, 0, 22, '智能手机'),
(7, 0, 31, '音乐手机');

--
-- `ecs_topic`
--
INSERT INTO `ecs_topic` (`topic_id`, `title`, `intro`, `start_time`, `end_time`, `data`, `template`, `css`) VALUES
(1, '夏新优惠大酬宾', '<p>夏新产品优惠开始了</p>', 1241107200, 1246291200, 'O:8:"stdClass":1:{s:7:"default";a:1:{i:0;s:11:"夏新N7|17";}}', '', '');

--
-- `ecs_users`
--
INSERT INTO `ecs_users` (`user_id`, `email`, `user_name`, `password`, `question`, `answer`, `sex`, `birthday`, `user_money`, `frozen_money`, `pay_points`, `rank_points`, `address_id`, `reg_time`, `last_login`, `last_time`, `last_ip`, `visit_count`, `user_rank`, `is_special`, `salt`, `parent_id`, `flag`, `alias`, `msn`, `qq`, `office_phone`, `home_phone`, `mobile_phone`, `is_validated`, `credit_line`) VALUES
(1, 'ecshop@ecshop.com', 'ecshop', '554fcae493e564ee0dc75bdf2ebf94ca', '', '', 0, '1960-03-03', 0.00, 0.00, 98388, 15390, 1, 0, 1245048540, '0000-00-00 00:00:00', '0.0.0.0', 11, 0, 0, '0', 0, 0, '', '', '', '', '', '', 0, 0.00),
(2, 'vip@ecshop.com', 'vip', '232059cb5361a9336ccf1b8c2ba7657a', '', '', 0, '1949-01-01', 0.00, 0.00, 0, 0, 0, 0, 0, '0000-00-00 00:00:00', '', 0, 0, 0, '0', 0, 0, '', '', '', '', '', '', 0, 0.00),
(3, 'text@ecshop.com', 'text', '1cb251ec0d568de6a929b520c4aed8d1', '', '', 0, '1949-01-01', 0.00, 0.00, 0, 0, 2, 0, 1242973574, '0000-00-00 00:00:00', '0.0.0.0', 2, 0, 0, '0', 0, 0, '', '', '', '', '', '', 0, 0.00),
(5, 'zuanshi@ecshop.com', 'zuanshi', '815a71fb334412e7ba4595741c5a111d', '', '', 0, '1949-01-01', 0.00, 10000.00, 0, 0, 0, 0, 0, '0000-00-00 00:00:00', '', 0, 3, 0, '0', 0, 0, '', '', '', '', '', '', 0, 0.00);

--
-- `ecs_user_address`
--
INSERT INTO `ecs_user_address` (`address_id`, `address_name`, `user_id`, `consignee`, `email`, `country`, `province`, `city`, `district`, `address`, `zipcode`, `tel`, `mobile`, `sign_building`, `best_time`) VALUES
(1, '', 1, '刘先生', 'ecshop@ecshop.com', 1, 2, 52, 502, '海兴大厦', '', '010-25851234', '13986765412', '', ''),
(2, '', 3, '叶先生', 'text@ecshop.com', 1, 2, 52, 510, '通州区旗舰凯旋小区', '', '13588104710', '', '', '');

--
-- `ecs_user_bonus`
--
INSERT INTO `ecs_user_bonus` (`bonus_id`, `bonus_type_id`, `bonus_sn`, `user_id`, `used_time`, `order_id`, `emailed`) VALUES
(1, 3, 0, 1, 1242142681, 4, 0),
(2, 4, 1000003379, 1, 1242976699, 14, 0),
(3, 4, 1000018450, 0, 0, 0, 0),
(4, 4, 1000023774, 0, 0, 0, 0),
(5, 4, 1000039394, 0, 0, 0, 0),
(6, 4, 1000049305, 0, 0, 0, 0),
(7, 4, 1000052248, 0, 0, 0, 0),
(8, 4, 1000061542, 0, 0, 0, 0),
(9, 4, 1000070278, 0, 0, 0, 0),
(10, 4, 1000080588, 0, 0, 0, 0),
(11, 4, 1000091405, 0, 0, 0, 0),
(24, 3, 0, 1, 0, 0, 0),
(25, 3, 0, 1, 0, 0, 0),
(26, 3, 0, 1, 0, 0, 0),
(27, 3, 0, 1, 0, 0, 0),
(28, 3, 0, 1, 0, 0, 0),
(29, 3, 0, 1, 0, 0, 0),
(30, 3, 0, 1, 0, 0, 0),
(31, 3, 0, 1, 0, 0, 0);

--
-- `ecs_user_rank`
--

INSERT INTO `ecs_user_rank` (`rank_id`, `rank_name`, `min_points`, `max_points`, `discount`, `show_price`, `special_rank`) VALUES
(2, 'vip', 10000, 10000000, 95, 1, 0),
(3, '代销用户', 0, 0, 90, 0, 1);

--
-- `ecs_virtual_card`
--
INSERT INTO `ecs_virtual_card` (`card_id`, `goods_id`, `card_sn`, `card_password`, `add_date`, `end_date`, `is_saled`, `order_sn`, `crc32`) VALUES
(1, 25, 'RVlYQhFY', 'RVlYQhFYQg', 1241972716, 1273449600, 0, '', -1958172277),
(2, 25, 'RVlYQhFYQhFQEg', 'RVlYQhFYQhFQEg', 1241972726, 1273449600, 0, '', -1958172277),
(3, 26, 'RVlYQhFYQg', 'RVlYQhFYQg', 1241972801, 1273449600, 0, '', -1958172277),
(4, 26, 'RVlYQhFYQhFQEVo', 'RVlYQhFYQhFQEVo', 1241972811, 1273449600, 0, '', -1958172277),
(5, 27, 'RlpbQRI', 'RlpbQRJbQQ', 1241972903, 1273449600, 0, '', -1958172277),
(6, 27, 'RlpbQRJbQg', 'RVpbQBJaQRE', 1241972911, 1273449600, 0, '', -1958172277),
(7, 30, 'RVtbQBJYQBJQE1lU', 'R1pYRxJaQhRTEVhXSEdaWA', 1241973121, 1273449600, 0, '', -1958172277),
(8, 30, 'R1pYRxJYRxNTFV9S', 'TF5cQBVdQA', 1241973127, 1273449600, 0, '', -1958172277),
(9, 30, 'Q15cSxZeRhhWFg', 'TV9fSxdfSxdXGFxTQUI', 1241973134, 1273449600, 0, '', -1958172277),
(10, 30, 'QVxaRhRaRhRSF11d', 'TFBeRRheRRhWFlJdSU1Q', 1241973146, 1273449600, 0, '', -1958172277),
(11, 30, 'R1xaRxNcRw', 'QF1dRRVdRBY', 1241973157, 1273449600, 0, '', -1958172277),
(12, 30, 'RlpbQRNdQBJU', 'R1xaQRRaQRVSEg', 1241973164, 1273449600, 0, '', -1958172277),
(13, 30, 'RltdQBRaQQ', 'Rl1dRRheRRhYF10', 1241973170, 1273449600, 0, '', -1958172277),
(14, 30, 'RltdQBVeRhg', 'RlxaQRZeRhVV', 1241973178, 1273449600, 0, '', -1958172277),
(15, 30, 'QFtbRhRaQRZVEw', 'Rl1aQRRaQRZUElg', 1241973185, 1273449600, 0, '', -1958172277);

--
-- `ecs_volume_price`
--
INSERT INTO `ecs_volume_price` (`price_type`, `goods_id`, `volume_number`, `volume_price`) VALUES
(1, 1, 5, 1366.00),
(1, 9, 3, 2200.00),
(1, 9, 5, 2100.00),
(1, 13, 5, 1150.00),
(1, 13, 3, 1200.00);

--
-- `ecs_vote`
--
INSERT INTO `ecs_vote` (`vote_id`, `vote_name`, `start_time`, `end_time`, `can_multi`, `vote_count`) VALUES
(1, '您从哪里知道我们的网站', 1213200000, 1274803200, 0, 0);

--
-- `ecs_vote_option`
--
INSERT INTO `ecs_vote_option` (`option_id`, `vote_id`, `option_name`, `option_count`) VALUES
(1, 1, '论坛', 0),
(2, 1, '朋友', 0),
(3, 1, '友情链接', 0);

--
-- `ecs_wholesale`
--
INSERT INTO `ecs_wholesale` (`act_id`, `goods_id`, `goods_name`, `rank_ids`, `prices`, `enabled`) VALUES
(1, 21, '金立 A30', '1,2', 'a:1:{i:0;a:2:{s:4:"attr";a:1:{i:120;s:1:"0";}s:7:"qp_list";a:2:{i:0;a:2:{s:8:"quantity";i:50;s:5:"price";d:1700;}i:1;a:2:{s:8:"quantity";i:100;s:5:"price";d:1680;}}}}', 1);

--
-- `ecs_nav`
--
INSERT INTO `ecs_nav` (`id`, `ctype`, `cid`, `name`, `ifshow`, `vieworder`, `opennew`, `url`, `type`) VALUES
(2, NULL, NULL, '选购中心', 1, 2, 0, 'pick_out.php', 'top'),
(3, '', 0, '查看购物车', 1, 0, 0, 'flow.php', 'top'),
(4, '', 0, '团购商品', 1, 20, 0, 'group_buy.php', 'middle'),
(5, '', 0, '夺宝奇兵', 1, 22, 0, 'snatch.php', 'middle'),
(6, NULL, NULL, '标签云', 1, 5, 6, 'tag_cloud.php', 'top'),
(7, NULL, NULL, '免责条款', 1, 1, 0, 'article.php?id=1', 'bottom'),
(8, NULL, NULL, '隐私保护', 1, 2, 0, 'article.php?id=2', 'bottom'),
(9, NULL, NULL, '咨询热点', 1, 3, 0, 'article.php?id=3', 'bottom'),
(10, NULL, NULL, '联系我们', 1, 4, 0, 'article.php?id=4', 'bottom'),
(11, NULL, NULL, '公司简介', 1, 5, 0, 'article.php?id=5', 'bottom'),
(12, NULL, NULL, '批发方案', 1, 6, 0, 'wholesale.php', 'bottom'),
(14, NULL, NULL, '配送方式', 1, 7, 0, 'myship.php', 'bottom'),
(15, NULL, NULL, '留言板', 1, 99, 0, 'message.php', 'middle'),
(18, 'c', 4, '双模手机', 1, 14, 0, 'category.php?id=5', 'middle'),
(20, '', 0, 'EC论坛', 1, 100, 1, 'http://bbs.ecshop.com/', 'middle'),
(21, NULL, NULL, '优惠活动', 1, 21, 0, 'activity.php', 'middle'),
(23, NULL, NULL, '报价单', 1, 6, 0, 'quotation.php', 'top'),
(24, NULL, NULL, '拍卖活动', 1, 23, 0, 'auction.php', 'middle'),
(25, NULL, NULL, '积分商城', 1, 24, 0, 'exchange.php', 'middle'),
(26, 'c', 3, 'GSM手机', 1, 13, 0, 'category.php?id=3', 'middle'),
(27, 'c', 6, '手机配件', 1, 15, 0, 'category.php?id=6', 'middle');

--
-- `ecs_admin_user`
--

INSERT INTO `ecs_admin_user` (`user_id`, `user_name`, `email`, `password`, `add_time`, `last_login`, `last_ip`, `action_list`, `nav_list`, `lang_type`, `agency_id`, `suppliers_id`, `todolist`) VALUES
(2, 'bjgonghuo1', 'bj@163.com', 'd0c015b6eb9a280f318a4c0510581e7e', 1245044099, 0, '', '', '商品列表|goods.php?act=list,订单列表|order.php?act=list,用户评论|comment_manage.php?act=list,会员列表|users.php?act=list,商店设置|shop_config.php?act=list_edit', '', 0, 1, ''),
(3, 'shhaigonghuo1', 'shanghai@163.com', '4146fecce77907d264f6bd873f4ea27b', 1245044202, 0, '', '', '商品列表|goods.php?act=list,订单列表|order.php?act=list,用户评论|comment_manage.php?act=list,会员列表|users.php?act=list,商店设置|shop_config.php?act=list_edit', '', 0, 2, '');

--
-- `ecs_shop_config`
--

UPDATE `ecs_shop_config` SET value='欢迎光临手机网,我们的宗旨：诚信经营、服务客户！\r\n<MARQUEE onmouseover=this.stop() onmouseout=this.start() \r\nscrollAmount=3><U><FONT color=red>\r\n<P>咨询电话010-10124444  010-21252454 8465544</P></FONT></U></MARQUEE>' WHERE id=121;

-- `ecs_products`
--
INSERT INTO `ecs_products` (`product_id`, `goods_id`, `goods_attr`, `product_sn`, `product_number`) VALUES
(1, 32, '163', '', 100),
(2, 24, '167', '', 100),
(3, 23, '175', '', 100),
(4, 21, '188', '', 20),
(5, 20, '194', '', 13),
(6, 17, '201', '', 1),
(7, 14, '213', '', 4),
(8, 13, '217', '', 8),
(9, 10, '239', '', 6),
(10, 10, '240', '', 12),
(11, 9, '227', '', 12),
(12, 9, '226', '', 3),
(13, 8, '231', '', 17),
(14, 1, '237', '', 1);

