--
-- `ecs_account_log`
--

INSERT INTO `ecs_account_log` (`log_id`, `user_id`, `user_money`, `frozen_money`, `rank_points`, `pay_points`, `change_time`, `change_desc`, `change_type`) VALUES
(1, 5, 1100000.00, 0.00, 0, 0, 1242140736, '11', 2),
(2, 3, 400000.00, 0.00, 0, 0, 1242140752, '21312', 2),
(3, 2, 300000.00, 0.00, 0, 0, 1242140775, '300000', 2),
(4, 1, 50000.00, 0.00, 0, 0, 1242140811, '50', 2),
(5, 5, 0.00, 10000.00, 0, 0, 1242140853, '32', 2),
(6, 1, -400.00, 0.00, 0, 0, 1242142274, '支付訂單 2009051298180', 99),
(7, 1, -975.00, 0.00, 0, 0, 1242142324, '支付訂單 2009051255518', 99),
(8, 1, 0.00, 0.00, 960, 960, 1242142390, '訂單 2009051255518 贈送的積分', 99),
(9, 1, 0.00, 0.00, 385, 385, 1242142432, '訂單 2009051298180 贈送的積分', 99),
(10, 1, -2310.00, 0.00, 0, 0, 1242142549, '支付訂單 2009051267570', 99),
(11, 1, 0.00, 0.00, 2300, 2300, 1242142589, '訂單 2009051267570 贈送的積分', 99),
(12, 1, -5989.00, 0.00, 0, 0, 1242142681, '支付訂單 2009051230249', 99),
(13, 1, -8610.00, 0.00, 0, 0, 1242142808, '支付訂單 2009051276258', 99),
(14, 1, 0.00, 0.00, 0, -1, 1242142910, '參加奪寶奇兵奪寶奇兵之夏新N7 ', 99),
(15, 1, 0.00, 0.00, 0, -1, 1242142935, '參加奪寶奇兵奪寶奇兵之諾基亞N96 ', 99),
(16, 1, 0.00, 0.00, 0, 100000, 1242143867, '獎勵', 2),
(17, 1, -10.00, 0.00, 0, 0, 1242143920, '支付訂單 2009051268194', 99),
(18, 1, 0.00, 0.00, 0, -17000, 1242143920, '支付訂單 2009051268194', 99),
(19, 1, 0.00, 0.00, -960, -960, 1242144185, '由於退貨或未發貨操作，退回訂單 2009051255518 贈送的積分', 99),
(20, 1, 975.00, 0.00, 0, 0, 1242144185, '由於取消、無效或退貨操作，退回支付訂單 2009051255518 時使用的預付款', 99),
(21, 1, 0.00, 0.00, 960, 960, 1242576445, '訂單 2009051719232 贈送的積分', 99),
(22, 3, -1000.00, 0.00, 0, 0, 1242973612, '追加使用余額支付訂單：2009051227085', 99),
(23, 1, -13806.60, 0.00, 0, 0, 1242976699, '支付訂單 2009052224892', 99),
(24, 1, 0.00, 0.00, 14045, 14045, 1242976740, '訂單 2009052224892 贈送的積分', 99),
(25, 1, 0.00, 0.00, -2300, -2300, 1245045334, '由於退貨或未發貨操作，退回訂單 2009051267570 贈送的積分', 99),
(26, 1, 2310.00, 0.00, 0, 0, 1245045334, '由於取消、無效或退貨操作，退回支付訂單 2009051267570 時使用的預付款', 99),
(27, 1, 0.00, 0.00, 17044, 17044, 1245045443, '訂單 2009061585887 贈送的積分', 99),
(28, 1, 17054.00, 0.00, 0, 0, 1245045515, '1', 99),
(29, 1, 0.00, 0.00, -17044, -17044, 1245045515, '由於退貨或未發貨操作，退回訂單 2009061585887 贈送的積分', 99),
(30, 1, -3196.30, 0.00, 0, 0, 1245045672, '支付訂單 2009061525429', 99),
(31, 1, -1910.00, 0.00, 0, 0, 1245047978, '支付訂單 2009061503335', 99),
(32, 1, 0.00, 0.00, 1900, 1900, 1245048189, '訂單 2009061503335 贈送的積分', 99),
(33, 1, 0.00, 0.00, -1900, -1900, 1245048212, '由於退貨或未發貨操作，退回訂單 2009061503335 贈送的積分', 99),
(34, 1, 1910.00, 0.00, 0, 0, 1245048212, '由於取消、無效或退貨操作，退回支付訂單 2009061503335 時使用的預付款', 99),
(35, 1, -500.00, 0.00, 0, 0, 1245048585, '支付訂單 2009061510313', 99);

--
-- `ecs_admin_log`
--

INSERT INTO `ecs_admin_log` (`log_id`, `log_time`, `user_id`, `log_info`, `ip_address`) VALUES
(1, 1240294375, 1, '添加品牌管理: 諾基亞', '0.0.0.0'),
(2, 1240295621, 1, '添加屬性: 網絡類型', '0.0.0.0'),
(3, 1240295930, 1, '添加屬性: 擴展卡', '0.0.0.0'),
(4, 1240295980, 1, '添加屬性: 操作系統', '0.0.0.0'),
(5, 1240296082, 1, '添加屬性: 通話時間（分）', '0.0.0.0'),
(6, 1240296102, 1, '添加屬性: 待機時間（小時）', '0.0.0.0'),
(7, 1240296379, 1, '添加屬性: 上市時間', '0.0.0.0'),
(8, 1240296403, 1, '編輯屬性: 網絡類型', '0.0.0.0'),
(9, 1240296415, 1, '編輯屬性: 擴展卡', '0.0.0.0'),
(10, 1240298784, 1, '添加屬性: 手機顏色', '0.0.0.0'),
(11, 1240300896, 1, '添加屬性: 基本配件', '0.0.0.0'),
(12, 1240301110, 1, '添加屬性: 附加配件', '0.0.0.0'),
(13, 1240301295, 1, '添加屬性: 和鉉鈴聲', '0.0.0.0'),
(14, 1240301371, 1, '添加屬性: 相機像數', '0.0.0.0'),
(15, 1240301487, 1, '添加屬性: 感光元件', '0.0.0.0'),
(16, 1240301508, 1, '編輯屬性: 和鉉鈴聲', '0.0.0.0'),
(17, 1240301518, 1, '編輯屬性: 基本配件', '0.0.0.0'),
(18, 1240301570, 1, '添加屬性: 移動qq', '0.0.0.0'),
(19, 1240301611, 1, '添加屬性: gps', '0.0.0.0'),
(20, 1240301650, 1, '添加屬性: FM收音機', '0.0.0.0'),
(21, 1240301665, 1, '編輯屬性: GPS', '0.0.0.0'),
(22, 1240301679, 1, '編輯屬性: FM收音機', '0.0.0.0'),
(23, 1240301705, 1, '添加屬性: 話機電話薄（條）', '0.0.0.0'),
(24, 1240301715, 1, '添加屬性: K-JAVA', '0.0.0.0'),
(25, 1240301788, 1, '添加屬性: 價格檔位', '0.0.0.0'),
(26, 1240305032, 1, '添加屬性: 手機樣式', '0.0.0.0'),
(27, 1240380338, 1, '添加屬性: 圖形菜單', '0.0.0.0'),
(28, 1240380399, 1, '添加屬性: 中文短消息', '0.0.0.0'),
(29, 1240380444, 1, '添加屬性: 內置遊戲', '0.0.0.0'),
(30, 1240380507, 1, '添加屬性: Wap 上網', '0.0.0.0'),
(31, 1240380533, 1, '添加屬性: Wap 上網', '0.0.0.0'),
(32, 1240380552, 1, '編輯屬性: Wap 上網', '0.0.0.0'),
(33, 1240380574, 1, '編輯屬性: Wap 上網', '0.0.0.0'),
(34, 1240380587, 1, '編輯屬性: Wap 上網', '0.0.0.0'),
(35, 1240380646, 1, '添加屬性: 數據功能', '0.0.0.0'),
(36, 1240380743, 1, '添加屬性: 移動QQ', '0.0.0.0'),
(37, 1240380759, 1, '添加屬性: 視頻格式', '0.0.0.0'),
(38, 1240380831, 1, '添加屬性: 擴張卡', '0.0.0.0'),
(39, 1240380875, 1, '添加屬性: 手機顏色', '0.0.0.0'),
(40, 1240380920, 1, '添加屬性: 來電防火墻', '0.0.0.0'),
(41, 1240380945, 1, '添加屬性: 英漢詞典', '0.0.0.0'),
(42, 1240380957, 1, '添加屬性: 多語言顯示', '0.0.0.0'),
(43, 1240381002, 1, '添加屬性: 電子書', '0.0.0.0'),
(44, 1240381052, 1, '添加屬性: 移動 MSN', '0.0.0.0'),
(45, 1240381088, 1, '添加屬性: 音頻格式', '0.0.0.0'),
(46, 1240381143, 1, '添加屬性: 上市時間', '0.0.0.0'),
(47, 1240381206, 1, '添加屬性: 語音撥號', '0.0.0.0'),
(48, 1240381229, 1, '添加屬性: 語音菜單', '0.0.0.0'),
(49, 1240381356, 1, '添加屬性: 外觀樣式', '0.0.0.0'),
(50, 1240381382, 1, '添加屬性: 天線位置', '0.0.0.0'),
(51, 1240381425, 1, '編輯屬性: K-JAVA', '0.0.0.0'),
(52, 1240381430, 1, '添加屬性: K-JAVA', '0.0.0.0'),
(53, 1240381464, 1, '添加屬性: PDA 功能', '0.0.0.0'),
(54, 1240381480, 1, '添加屬性: 操作系統', '0.0.0.0'),
(55, 1240381512, 1, '添加屬性: 外殼材質', '0.0.0.0'),
(56, 1240381561, 1, '編輯屬性: 基本配件', '0.0.0.0'),
(57, 1240381572, 1, '添加屬性: 基本配件', '0.0.0.0'),
(58, 1240381580, 1, '編輯屬性: 附加配件', '0.0.0.0'),
(59, 1240381602, 1, '添加屬性: 附加配件', '0.0.0.0'),
(60, 1240381627, 1, '編輯屬性: 附加配件', '0.0.0.0'),
(61, 1240381694, 1, '添加屬性: 自動開關機', '0.0.0.0'),
(62, 1240381717, 1, '添加屬性: 視頻分辨率', '0.0.0.0'),
(63, 1240381731, 1, '添加屬性: 影音編輯器', '0.0.0.0'),
(64, 1240381741, 1, '添加屬性: 圖像編輯器', '0.0.0.0'),
(65, 1240381759, 1, '添加屬性: 可用內存', '0.0.0.0'),
(66, 1240381775, 1, '添加屬性: 主屏幕像素', '0.0.0.0'),
(67, 1240381786, 1, '添加屬性: 副屏幕像素', '0.0.0.0'),
(68, 1240382037, 1, '添加屬性: 更換外殼', '0.0.0.0'),
(69, 1240382801, 1, '添加屬性: 辦公功能', '0.0.0.0'),
(70, 1240382823, 1, '添加屬性: 傳感器', '0.0.0.0'),
(71, 1240382844, 1, '添加屬性: CPU頻率', '0.0.0.0'),
(72, 1240382866, 1, '添加屬性: 理論待機時間', '0.0.0.0'),
(73, 1240382875, 1, '添加屬性: 理論通話時間', '0.0.0.0'),
(74, 1240383267, 1, '編輯商品類型: 3g手機', '0.0.0.0'),
(75, 1240383268, 1, '編輯商品類型: 手機', '0.0.0.0'),
(76, 1240383269, 1, '編輯商品類型: 3g手機', '0.0.0.0'),
(77, 1240383397, 1, '刪除商品類型: 圖形菜單', '0.0.0.0'),
(78, 1240383432, 1, '添加屬性: 圖形菜單', '0.0.0.0'),
(79, 1240383491, 1, '添加屬性: EFR 服務', '0.0.0.0'),
(80, 1240383509, 1, '添加屬性: STK 服務', '0.0.0.0'),
(81, 1240383528, 1, '添加屬性: 通話錄音', '0.0.0.0'),
(82, 1240383554, 1, '添加屬性: 語音菜單', '0.0.0.0'),
(83, 1240383575, 1, '添加屬性: 中文輸入法', '0.0.0.0'),
(84, 1240383594, 1, '編輯屬性: 中文輸入法', '0.0.0.0'),
(85, 1240383613, 1, '編輯屬性: 語音菜單', '0.0.0.0'),
(86, 1240383635, 1, '添加屬性: 和弦鈴聲', '0.0.0.0'),
(87, 1240383651, 1, '添加屬性: 主屏幕色彩', '0.0.0.0'),
(88, 1240383658, 1, '添加屬性: 副屏幕色彩', '0.0.0.0'),
(89, 1240383682, 1, '添加屬性: 天線位置', '0.0.0.0'),
(90, 1240383700, 1, '添加屬性: 數據功能', '0.0.0.0'),
(91, 1240392733, 1, '安裝配送方式: 郵政快遞包裹', '0.0.0.0'),
(92, 1240392748, 1, '安裝配送方式: 圓通速遞', '0.0.0.0'),
(93, 1240392761, 1, '安裝配送方式: 城際快遞', '0.0.0.0'),
(94, 1240392769, 1, '安裝配送方式: 市內快遞', '0.0.0.0'),
(95, 1240463689, 1, '添加屬性: 連拍', '0.0.0.0'),
(96, 1240463709, 1, '添加屬性: 定時拍攝', '0.0.0.0'),
(97, 1240463729, 1, '添加屬性: 照片打印', '0.0.0.0'),
(98, 1240463748, 1, '添加屬性: 照片特效', '0.0.0.0'),
(99, 1240463766, 1, '添加屬性: 電子書', '0.0.0.0'),
(100, 1240463777, 1, '添加屬性: 外殼材質', '0.0.0.0'),
(101, 1240463793, 1, '添加屬性: 名片掃描', '0.0.0.0'),
(102, 1240463803, 1, '添加屬性: GPU', '0.0.0.0'),
(103, 1240463814, 1, '添加屬性: CPU頻率', '0.0.0.0'),
(104, 1240463830, 1, '添加屬性: TV-OUT電視輸出', '0.0.0.0'),
(105, 1240463843, 1, '添加屬性: 來電圖片識別', '0.0.0.0'),
(106, 1240463855, 1, '添加屬性: 來電防火墻', '0.0.0.0'),
(107, 1240463865, 1, '添加屬性: 背光自動調節', '0.0.0.0'),
(108, 1240463873, 1, '添加屬性: 照片分辨率', '0.0.0.0'),
(109, 1240463880, 1, '添加屬性: 變焦模式', '0.0.0.0'),
(110, 1240463903, 1, '添加屬性: 英漢詞典', '0.0.0.0'),
(111, 1240463925, 1, '添加屬性: 多語言顯示', '0.0.0.0'),
(112, 1240463974, 1, '添加屬性: 數據線功能', '0.0.0.0'),
(113, 1240463992, 1, '添加屬性: 留言應答', '0.0.0.0'),
(114, 1240464004, 1, '添加屬性: 可用內存(MB)', '0.0.0.0'),
(115, 1240464015, 1, '添加屬性: GPS', '0.0.0.0'),
(116, 1240464022, 1, '添加屬性: 相機閃光燈', '0.0.0.0'),
(117, 1240464030, 1, '添加屬性: 移動 MSN', '0.0.0.0'),
(118, 1240464038, 1, '添加屬性: 移動QQ', '0.0.0.0'),
(119, 1240464050, 1, '添加屬性: 內置媒體播放器', '0.0.0.0'),
(120, 1240464066, 1, '添加屬性: 電子郵件', '0.0.0.0'),
(121, 1240464220, 1, '編輯屬性: 待機時間（小時）', '0.0.0.0'),
(122, 1240464272, 1, '編輯屬性: 網絡類型', '0.0.0.0'),
(123, 1240464277, 1, '編輯屬性: 網絡類型', '0.0.0.0'),
(124, 1240464331, 1, '編輯屬性: 網絡類型', '0.0.0.0'),
(125, 1240464631, 1, '編輯屬性: 網絡類型', '0.0.0.0'),
(126, 1240464639, 1, '編輯屬性: 擴展卡', '0.0.0.0'),
(127, 1240464650, 1, '編輯屬性: 操作系統', '0.0.0.0'),
(128, 1240464709, 1, '編輯屬性: 通話時間（分）', '0.0.0.0'),
(129, 1240464720, 1, '編輯屬性: 待機時間（小時）', '0.0.0.0'),
(130, 1240464737, 1, '編輯屬性: 上市時間', '0.0.0.0'),
(131, 1240464748, 1, '編輯屬性: 手機顏色', '0.0.0.0'),
(132, 1240464758, 1, '編輯屬性: 基本配件', '0.0.0.0'),
(133, 1240464770, 1, '編輯屬性: 和鉉鈴聲', '0.0.0.0'),
(134, 1240464783, 1, '編輯屬性: 相機像數', '0.0.0.0'),
(135, 1240464794, 1, '編輯屬性: 移動qq', '0.0.0.0'),
(136, 1240464806, 1, '編輯屬性: 感光元件', '0.0.0.0'),
(137, 1240464816, 1, '編輯屬性: GPS', '0.0.0.0'),
(138, 1240464827, 1, '編輯屬性: FM收音機', '0.0.0.0'),
(139, 1240464853, 1, '編輯屬性: FM收音機', '0.0.0.0'),
(140, 1240464869, 1, '編輯屬性: 話機電話薄（條）', '0.0.0.0'),
(141, 1240464880, 1, '編輯屬性: 擴展卡', '0.0.0.0'),
(142, 1240464896, 1, '編輯屬性: 擴展卡', '0.0.0.0'),
(143, 1240464917, 1, '編輯屬性: K-JAVA', '0.0.0.0'),
(144, 1240464931, 1, '編輯屬性: 價格檔位', '0.0.0.0'),
(145, 1240464945, 1, '編輯屬性: 手機樣式', '0.0.0.0'),
(146, 1240464959, 1, '編輯屬性: Wap 上網', '0.0.0.0'),
(147, 1240800622, 1, '添加商品分類: 手機類型', '0.0.0.0'),
(148, 1240800687, 1, '添加商品分類: GSM手機', '0.0.0.0'),
(149, 1240800745, 1, '添加商品分類: GSM手機', '0.0.0.0'),
(150, 1240800791, 1, '添加商品分類: 3G手機', '0.0.0.0'),
(151, 1240800845, 1, '添加商品分類: 雙模手機', '0.0.0.0'),
(152, 1240800877, 1, '編輯商品分類: GSM手機', '0.0.0.0'),
(153, 1240802922, 1, '添加品牌管理: 摩托羅拉', '0.0.0.0'),
(154, 1240803062, 1, '編輯品牌管理: 諾基亞', '0.0.0.0'),
(155, 1240803144, 1, '添加品牌管理: 多普達', '0.0.0.0'),
(156, 1240803248, 1, '添加品牌管理: 飛利浦', '0.0.0.0'),
(157, 1240803352, 1, '添加品牌管理: 夏新', '0.0.0.0'),
(158, 1240803412, 1, '添加品牌管理: 三星', '0.0.0.0'),
(159, 1240803482, 1, '添加品牌管理: 索愛', '0.0.0.0'),
(160, 1240803526, 1, '添加品牌管理: LG', '0.0.0.0'),
(161, 1240803578, 1, '添加品牌管理: 聯想', '0.0.0.0'),
(162, 1240803689, 1, '添加品牌管理: 金立', '0.0.0.0'),
(163, 1240803736, 1, '添加品牌管理: 恒基偉業', '0.0.0.0'),
(164, 1240803750, 1, '編輯品牌管理: 恒基偉業', '0.0.0.0'),
(165, 1240804593, 1, '編輯商品分類: CDMA手機', '0.0.0.0'),
(166, 1240902890, 1, '添加商品: KD876', '0.0.0.0'),
(167, 1240904370, 1, '編輯商品: KD876', '0.0.0.0'),
(168, 1240904461, 1, '編輯商品: KD876', '0.0.0.0'),
(169, 1240912338, 1, '刪除商品類型: 手機配件', '0.0.0.0'),
(170, 1240912361, 1, '添加商品分類: 手機配件', '0.0.0.0'),
(171, 1240912385, 1, '添加商品分類: 充電器', '0.0.0.0'),
(172, 1240912477, 1, '添加商品分類: 耳機', '0.0.0.0'),
(173, 1240912489, 1, '添加商品分類: 電池', '0.0.0.0'),
(174, 1241420935, 1, '添加商品分類: 111', '0.0.0.0'),
(175, 1241420966, 1, '添加商品: 斤', '0.0.0.0'),
(176, 1241421093, 1, '回收商品: 斤', '0.0.0.0'),
(177, 1241421104, 1, '刪除商品: 斤', '0.0.0.0'),
(178, 1241421110, 1, '刪除商品分類: 111', '0.0.0.0'),
(179, 1241421127, 1, '編輯商品分類: GSM手機', '0.0.0.0'),
(180, 1241422082, 1, '添加商品: 諾基亞原裝5800耳機', '0.0.0.0'),
(181, 1241422137, 1, '添加屬性: 卡的類型', '0.0.0.0'),
(182, 1241422163, 1, '添加屬性: 卡的大小', '0.0.0.0'),
(183, 1241422236, 1, '添加屬性: 顏色', '0.0.0.0'),
(184, 1241422272, 1, '編輯屬性: 卡的容量', '0.0.0.0'),
(185, 1241422289, 1, '添加屬性: 電池容量', '0.0.0.0'),
(186, 1241422347, 1, '編輯商品: 諾基亞原裝5800耳機', '0.0.0.0'),
(187, 1241422402, 1, '添加商品: 諾基亞N85原裝充電器', '0.0.0.0'),
(188, 1241422416, 1, '編輯商品: KD876', '0.0.0.0'),
(189, 1241422518, 1, '添加商品: 索愛原裝M2卡讀卡器', '0.0.0.0'),
(190, 1241422573, 1, '添加商品: 勝創KINGMAX內存卡', '0.0.0.0'),
(191, 1241422615, 1, '編輯商品: 勝創KINGMAX內存卡', '0.0.0.0'),
(192, 1241422626, 1, '編輯商品: 諾基亞N85原裝充電器', '0.0.0.0'),
(193, 1241422785, 1, '添加商品: 諾基亞N85原裝立體聲耳機HS-82 查看商品相冊 諾基亞N85原裝立體聲耳機HS-82', '0.0.0.0'),
(194, 1241425512, 1, '添加商品: 飛利浦9@9v ', '0.0.0.0'),
(195, 1241425836, 1, '編輯商品: 飛利浦9@9v ', '0.0.0.0'),
(196, 1241425891, 1, '編輯商品: 飛利浦9@9v ', '0.0.0.0'),
(197, 1241426819, 1, '添加文章分類: 3G手機資訊', '0.0.0.0'),
(198, 1241426864, 1, '添加文章: 三星電子宣布將在中國發布15款3G手機', '0.0.0.0'),
(199, 1241426898, 1, '編輯文章: 三星電子宣布將在中國發布15款3G手機', '0.0.0.0'),
(200, 1241427051, 1, '添加文章: 薄銳極限 電信3G定制摩托羅拉V10發布', '0.0.0.0'),
(201, 1241427449, 1, '編輯文章: 薄銳極限 電信3G定制摩托羅拉V10發布', '0.0.0.0'),
(202, 1241427779, 1, '編輯文章: 諾基亞牽手移動 5款熱門TD手機機型推薦', '0.0.0.0'),
(203, 1241427850, 1, '編輯文章: 諾基亞牽手移動 5款熱門TD手機機型推薦', '0.0.0.0'),
(204, 1241511486, 1, '編輯商品: 飛利浦9@9v', '0.0.0.0'),
(205, 1241511514, 1, '編輯屬性: FM收音機', '0.0.0.0'),
(206, 1241511871, 1, '添加商品: 諾基亞E66', '0.0.0.0'),
(207, 1241512315, 1, '編輯商品: 諾基亞E66', '0.0.0.0'),
(208, 1241512443, 1, '刪除商品類型: 手機', '0.0.0.0'),
(209, 1241512563, 1, '添加屬性: 手機制式', '0.0.0.0'),
(210, 1241512693, 1, '添加屬性: 外觀樣式', '0.0.0.0'),
(211, 1241512704, 1, '添加屬性: 上市時間', '0.0.0.0'),
(212, 1241512712, 1, '添加屬性: 屏幕參數', '0.0.0.0'),
(213, 1241512720, 1, '添加屬性: 攝像功能', '0.0.0.0'),
(214, 1241512728, 1, '添加屬性: 其它功能', '0.0.0.0'),
(215, 1241512737, 1, '添加屬性: 產品配置', '0.0.0.0'),
(216, 1241512762, 1, '添加屬性: 理論通話時間', '0.0.0.0'),
(217, 1241512772, 1, '添加屬性: 理論待機時間', '0.0.0.0'),
(218, 1241512804, 1, '添加屬性: 中文短消息', '0.0.0.0'),
(219, 1241512813, 1, '添加屬性: 存儲卡格式', '0.0.0.0'),
(220, 1241512842, 1, '添加屬性: 外殼材質', '0.0.0.0'),
(221, 1241512868, 1, '添加屬性: # 情景模式', '0.0.0.0'),
(222, 1241512907, 1, '添加屬性: 藍牙接口', '0.0.0.0'),
(223, 1241512939, 1, '添加屬性: GPS', '0.0.0.0'),
(224, 1241512966, 1, '添加屬性: MP3播放器', '0.0.0.0'),
(225, 1241512977, 1, '添加屬性: 視頻播放', '0.0.0.0'),
(226, 1241513003, 1, '添加屬性: 內置遊戲', '0.0.0.0'),
(227, 1241513036, 1, '編輯屬性: 情景模式', '0.0.0.0'),
(228, 1241513132, 1, '添加屬性: 價位', '0.0.0.0'),
(229, 1241513210, 1, '添加屬性: 顏色', '0.0.0.0'),
(230, 1241513508, 1, '編輯商品: 飛利浦9@9v', '0.0.0.0'),
(231, 1241513571, 1, '編輯屬性: MP3播放器', '0.0.0.0'),
(232, 1241513596, 1, '編輯屬性: 外殼材質', '0.0.0.0'),
(233, 1241513630, 1, '編輯商品: 飛利浦9@9v', '0.0.0.0'),
(234, 1241513750, 1, '編輯屬性: MP3播放器', '0.0.0.0'),
(235, 1241513771, 1, '添加屬性: 附加配件', '0.0.0.0'),
(236, 1241513918, 1, '編輯屬性: 像數（萬）', '0.0.0.0'),
(237, 1241513939, 1, '編輯商品: 飛利浦9@9v', '0.0.0.0'),
(238, 1241513959, 1, '編輯屬性: 像數（萬）', '0.0.0.0'),
(239, 1241518314, 1, '編輯屬性: 外殼材質', '0.0.0.0'),
(240, 1241518329, 1, '編輯屬性: 價位', '0.0.0.0'),
(241, 1241946343, 1, '還原數據庫備份: 備份時間2009-05-05 10:36:29', '127.0.0.1'),
(242, 1241965622, 1, '添加商品: 索愛C702c', '127.0.0.1'),
(243, 1241965816, 1, '添加商品: 索愛C702c', '127.0.0.1'),
(244, 1241965859, 1, '編輯品牌管理: 摩托羅拉', '127.0.0.1'),
(245, 1241965978, 1, '添加商品: 摩托羅拉A810', '127.0.0.1'),
(246, 1241966023, 1, '編輯商品: 摩托羅拉A810', '127.0.0.1'),
(247, 1241966218, 1, '編輯商品: 摩托羅拉A810', '127.0.0.1'),
(248, 1241966408, 1, '編輯商品: 摩托羅拉A810', '127.0.0.1'),
(249, 1241966536, 1, '編輯品牌管理: 諾基亞', '127.0.0.1'),
(250, 1241966874, 1, '編輯商品: 摩托羅拉A810', '127.0.0.1'),
(251, 1241966922, 1, '回收商品: 索愛C702c', '127.0.0.1'),
(252, 1241966951, 1, '還原商品: 索愛C702c', '127.0.0.1'),
(253, 1241966963, 1, '回收商品: 索愛C702c', '127.0.0.1'),
(254, 1241967340, 1, '編輯商品: 諾基亞E66', '127.0.0.1'),
(255, 1241967424, 1, '編輯商品: 諾基亞N85原裝立體聲耳機HS-82', '127.0.0.1'),
(256, 1241967465, 1, '編輯商品: 索愛原裝M2卡讀卡器', '127.0.0.1'),
(257, 1241967487, 1, '編輯商品: 諾基亞N85原裝充電器', '127.0.0.1'),
(258, 1241967556, 1, '編輯商品: KD876', '127.0.0.1'),
(259, 1241967667, 1, '編輯商品: 飛利浦9@9v', '127.0.0.1'),
(260, 1241967762, 1, '添加商品: 諾基亞5320 XpressMusic', '127.0.0.1'),
(261, 1241968002, 1, '編輯商品: 諾基亞5320 XpressMusic', '127.0.0.1'),
(262, 1241968058, 1, '編輯商品: 諾基亞5320 XpressMusic', '127.0.0.1'),
(263, 1241968492, 1, '添加商品: 諾基亞5800XM', '127.0.0.1'),
(264, 1241968703, 1, '添加商品: 摩托羅拉A810', '127.0.0.1'),
(265, 1241968949, 1, '添加商品: 恒基偉業G101', '127.0.0.1'),
(266, 1241969394, 1, '添加商品: 夏新N7', '127.0.0.1'),
(267, 1241969533, 1, '添加商品: 夏新T5', '127.0.0.1'),
(268, 1241969541, 1, '回收商品: 夏新T5', '127.0.0.1'),
(269, 1241970139, 1, '添加商品: 三星SGH-F258', '127.0.0.1'),
(270, 1241970175, 1, '編輯商品: 三星SGH-F258', '127.0.0.1'),
(271, 1241970417, 1, '添加商品: 三星BC01', '127.0.0.1'),
(272, 1241970634, 1, '添加商品: 金立 A30', '127.0.0.1'),
(273, 1241970743, 1, '編輯商品: 飛利浦9@9v', '127.0.0.1'),
(274, 1241971076, 1, '添加商品: 多普達Touch HD', '127.0.0.1'),
(275, 1241971488, 1, '添加商品: 諾基亞N96', '127.0.0.1'),
(276, 1241971556, 1, '編輯商品: 諾基亞N96', '127.0.0.1'),
(277, 1241971981, 1, '添加商品: P806', '127.0.0.1'),
(278, 1241972305, 1, '編輯商品: 飛利浦9@9v', '127.0.0.1'),
(279, 1241972339, 1, '編輯商品: 恒基偉業G101', '127.0.0.1'),
(280, 1241972512, 1, '添加商品分類: 充值卡', '127.0.0.1'),
(281, 1241972554, 1, '添加商品分類: 小靈通/固話充值卡', '127.0.0.1'),
(282, 1241972598, 1, '添加商品分類: 移動手機充值卡', '127.0.0.1'),
(283, 1241972634, 1, '添加商品分類: 聯通手機充值卡', '127.0.0.1'),
(284, 1241972709, 1, '添加商品: 小靈通/固話50元充值卡', '127.0.0.1'),
(285, 1241972789, 1, '添加商品: 小靈通/固話20元充值卡', '127.0.0.1'),
(286, 1241972894, 1, '添加商品: 聯通100元充值卡', '127.0.0.1'),
(287, 1241972976, 1, '添加商品: 聯通50元充值卡', '127.0.0.1'),
(288, 1241973022, 1, '添加商品: 移動100元充值卡', '127.0.0.1'),
(289, 1241973114, 1, '添加商品: 移動20元充值卡', '127.0.0.1'),
(290, 1242105946, 1, '還原數據庫備份: 備份時間2009-05-10 16:33:51', '0.0.0.0'),
(291, 1242106383, 1, '編輯商品: 三星BC01', '0.0.0.0'),
(292, 1242106490, 1, '編輯商品: 三星BC01', '0.0.0.0'),
(293, 1242106594, 1, '添加會員賬號: ecshop', '0.0.0.0'),
(294, 1242106663, 1, '添加會員等級: vip', '0.0.0.0'),
(295, 1242106727, 1, '添加會員等級: 鉆石用戶', '0.0.0.0'),
(296, 1242106771, 1, '編輯商品: 諾基亞N96', '0.0.0.0'),
(297, 1242106836, 1, '編輯商品: 諾基亞5320 XpressMusic', '0.0.0.0'),
(298, 1242106894, 1, '添加會員賬號: vip', '0.0.0.0'),
(299, 1242106928, 1, '添加會員賬號: text', '0.0.0.0'),
(300, 1242106997, 1, '添加會員賬號: zhuangshi', '0.0.0.0'),
(301, 1242107017, 1, '刪除會員賬號: zhuangshi', '0.0.0.0'),
(302, 1242107045, 1, '添加會員賬號: zuanshi', '0.0.0.0'),
(303, 1242107052, 1, '編輯會員賬號: vip', '0.0.0.0'),
(304, 1242107224, 1, '編輯操作日誌: ', '0.0.0.0'),
(305, 1242107360, 1, '添加: 音樂手機', '0.0.0.0'),
(306, 1242107418, 1, '添加: 音樂手機', '0.0.0.0'),
(307, 1242107466, 1, '添加: 音樂手機', '0.0.0.0'),
(308, 1242107517, 1, '添加: 智能手機', '0.0.0.0'),
(309, 1242107557, 1, '添加: 智能手機', '0.0.0.0'),
(310, 1242107611, 1, '添加: 智能手機', '0.0.0.0'),
(311, 1242107825, 1, '添加奪寶奇兵: 奪寶奇兵之諾基亞N96', '0.0.0.0'),
(312, 1242107987, 1, '添加奪寶奇兵: 奪寶奇兵之夏新N7', '0.0.0.0'),
(313, 1242108026, 1, '添加紅包類型: 用戶紅包', '0.0.0.0'),
(314, 1242108084, 1, '添加紅包類型: 商品紅包', '0.0.0.0'),
(315, 1242108124, 1, '添加紅包類型: 訂單紅包', '0.0.0.0'),
(316, 1242108159, 1, '添加紅包類型: 線下紅包', '0.0.0.0'),
(317, 1242108754, 1, '添加商品賀卡: 祝福賀卡', '0.0.0.0'),
(318, 1242109088, 1, '添加團購商品: P806', '0.0.0.0'),
(319, 1242109198, 1, '編輯商品: 金立 A30', '0.0.0.0'),
(320, 1242109298, 1, '編輯商品: 金立 A30', '0.0.0.0'),
(321, 1242109354, 1, '添加批發活動: 金立 A30', '0.0.0.0'),
(322, 1242109644, 1, '編輯會員等級: 鉆石用戶', '0.0.0.0'),
(323, 1242109964, 1, '添加優惠活動: 5.1諾基亞優惠活動', '0.0.0.0'),
(324, 1242110117, 1, '添加拍賣活動: 拍賣活動——索愛C702c', '0.0.0.0'),
(325, 1242110412, 1, '添加商品: 摩托羅拉E8 ', '0.0.0.0'),
(326, 1242110451, 1, '添加: 音樂手機', '0.0.0.0'),
(327, 1242110566, 1, '添加超值禮包: 摩托羅拉E8 大禮包', '0.0.0.0'),
(328, 1242110760, 1, '添加商品: 諾基亞N85', '0.0.0.0'),
(329, 1242110880, 1, '添加超值禮包: 諾基亞N85大禮包', '0.0.0.0'),
(330, 1242140620, 1, '還原數據庫備份: 備份時間2009-05-12 06:48:22', '127.0.0.1'),
(331, 1242140683, 1, '添加積分可兌換的商品: 24', '127.0.0.1'),
(332, 1242141551, 1, '安裝支付方式: 余額支付', '127.0.0.1'),
(333, 1242141813, 1, '安裝配送方式: 申通快遞', '127.0.0.1'),
(334, 1242141841, 1, '添加配送區域: 申通', '127.0.0.1'),
(335, 1242141890, 1, '添加配送區域: 1', '127.0.0.1'),
(336, 1242141897, 1, '安裝配送方式: 郵局平郵', '127.0.0.1'),
(337, 1242141914, 1, '添加配送區域: 郵局', '127.0.0.1'),
(338, 1242141958, 1, '安裝配送方式: 運費到付', '127.0.0.1'),
(339, 1242142014, 1, '添加配送區域: 運費到付', '127.0.0.1'),
(340, 1242142081, 1, '安裝支付方式: 銀行匯款/轉帳', '127.0.0.1'),
(341, 1242142190, 1, '編輯配送區域: 1', '127.0.0.1'),
(342, 1242142210, 1, '編輯配送區域: 運費到付', '127.0.0.1'),
(343, 1242142227, 1, '編輯配送區域: 郵局', '127.0.0.1'),
(344, 1242142503, 1, '編輯紅包類型: 商品紅包', '127.0.0.1'),
(345, 1242143005, 1, '編輯團購商品: P806[3]', '127.0.0.1'),
(346, 1242143557, 1, '編輯商店設置: ', '127.0.0.1'),
(347, 1242144250, 1, '添加訂單: 2009051264945', '127.0.0.1'),
(348, 1242144268, 1, '編輯訂單: 2009051264945,訂單總金額由 0.00 變為 3800.00', '127.0.0.1'),
(349, 1242144348, 1, '編輯訂單: 2009051264945', '127.0.0.1'),
(350, 1242144353, 1, '編輯訂單: 2009051264945,訂單總金額由 3800.00 變為 3810.00', '127.0.0.1'),
(351, 1242144356, 1, '編輯訂單: 2009051264945', '127.0.0.1'),
(352, 1242144359, 1, '編輯訂單: 2009051264945', '127.0.0.1'),
(353, 1242144363, 1, '編輯訂單: 2009051264945', '127.0.0.1'),
(354, 1242576182, 1, '安裝支付方式: 貨到付款', '127.0.0.1'),
(355, 1242576584, 1, '添加文章分類: 新手上路 ', '127.0.0.1'),
(356, 1242576615, 1, '添加文章分類: 手機常識 ', '127.0.0.1'),
(357, 1242576627, 1, '添加文章分類: 配送與支付 ', '127.0.0.1'),
(358, 1242576634, 1, '添加文章分類: 服務保證 ', '127.0.0.1'),
(359, 1242576641, 1, '添加文章分類: 聯系我們 ', '127.0.0.1'),
(360, 1242576650, 1, '添加文章分類: 會員 ', '127.0.0.1'),
(361, 1242576700, 1, '添加文章: 售後流程', '127.0.0.1'),
(362, 1242576717, 1, '添加文章: 購物流程', '127.0.0.1'),
(363, 1242576727, 1, '添加文章: 訂購方式', '127.0.0.1'),
(364, 1242576826, 1, '添加文章: 如何分辨原裝電池', '127.0.0.1'),
(365, 1242576911, 1, '添加文章: 如何分辨水貨手機 ', '127.0.0.1'),
(366, 1242576927, 1, '添加文章: 如何享受全國聯保', '127.0.0.1'),
(367, 1242576971, 1, '編輯文章: 如何分辨原裝電池', '127.0.0.1'),
(368, 1242577023, 1, '添加文章: 貨到付款區域', '127.0.0.1'),
(369, 1242577032, 1, '添加文章: 配送支付智能查詢 ', '127.0.0.1'),
(370, 1242577041, 1, '添加文章: 支付方式說明', '127.0.0.1'),
(371, 1242577080, 1, '編輯文章分類: 會員中心', '127.0.0.1'),
(372, 1242577127, 1, '添加文章: 資金管理', '127.0.0.1'),
(373, 1242577178, 1, '添加文章: 我的收藏', '127.0.0.1'),
(374, 1242577199, 1, '添加文章: 我的訂單', '127.0.0.1'),
(375, 1242577230, 1, '編輯文章: 資金管理', '127.0.0.1'),
(376, 1242577293, 1, '添加文章: 退換貨原則', '127.0.0.1'),
(377, 1242577308, 1, '添加文章: 售後服務保證 ', '127.0.0.1'),
(378, 1242577326, 1, '添加文章: 產品質量保證 ', '127.0.0.1'),
(379, 1242577409, 1, '編輯文章分類: 聯系我們 ', '127.0.0.1'),
(380, 1242577432, 1, '添加文章: 網站故障報告', '127.0.0.1'),
(381, 1242577448, 1, '添加文章: 選機咨詢 ', '127.0.0.1'),
(382, 1242577459, 1, '添加文章: 投訴與建議 ', '127.0.0.1'),
(383, 1242577702, 1, '添加文章: 800萬像素超強拍照機 LG Viewty Smart再曝光', '127.0.0.1'),
(384, 1242577731, 1, '編輯商品: KD876', '127.0.0.1'),
(385, 1242577749, 1, '編輯商品: 三星BC01', '127.0.0.1'),
(386, 1242577768, 1, '編輯商品: 三星SGH-F258', '127.0.0.1'),
(387, 1242577791, 1, '編輯商品: 諾基亞N85', '127.0.0.1'),
(388, 1242577813, 1, '編輯商品: 諾基亞N96', '127.0.0.1'),
(389, 1242577838, 1, '編輯商品: 諾基亞N96', '127.0.0.1'),
(390, 1242577864, 1, '編輯商品: 諾基亞E66', '127.0.0.1'),
(391, 1242578018, 1, '添加文章分類: 本站手機促銷', '127.0.0.1'),
(392, 1242578199, 1, '添加文章: 飛利浦9@9促銷', '127.0.0.1'),
(393, 1242578365, 1, '編輯文章: 飛利浦9@9促銷', '127.0.0.1'),
(394, 1242578676, 1, '添加文章: 諾基亞5320 促銷', '127.0.0.1'),
(395, 1242578826, 1, '添加文章: 促銷諾基亞N96', '127.0.0.1'),
(396, 1242578885, 1, '添加文章分類: 站內快訊', '127.0.0.1'),
(397, 1242579069, 1, '添加文章: 諾基亞6681手機廣告欣賞', '127.0.0.1'),
(398, 1242579189, 1, '添加文章: 手機遊戲下載', '127.0.0.1'),
(399, 1242579559, 1, '添加文章: 三星SGHU308說明書下載', '127.0.0.1'),
(400, 1242579587, 1, '編輯文章: 三星SGHU308說明書下載', '127.0.0.1'),
(401, 1242579622, 1, '編輯文章: 手機遊戲下載', '127.0.0.1'),
(402, 1242580013, 1, '添加文章: 3G知識普及', '127.0.0.1'),
(403, 1242973211, 1, '還原數據庫備份: 備份時間2009-05-17 17:10:28', '0.0.0.0'),
(404, 1242973252, 1, '編輯商品分類: 聯通手機充值卡', '0.0.0.0'),
(405, 1242973362, 1, '編輯商品: 摩托羅拉A810', '0.0.0.0'),
(406, 1242973436, 1, '編輯商品: 索愛C702c', '0.0.0.0'),
(407, 1242973501, 1, '編輯文章分類: 3G資訊', '0.0.0.0'),
(408, 1242974080, 1, '添加拍賣活動: 拍賣活動——索愛C702c(第2期)', '0.0.0.0'),
(409, 1242974159, 1, '編輯拍賣活動: 拍賣活動——索愛C702c(第2期)', '0.0.0.0'),
(410, 1242974327, 1, '添加團購商品: P806', '0.0.0.0'),
(411, 1242974380, 1, '編輯團購商品: P806[8]', '0.0.0.0'),
(412, 1242974613, 1, '添加文章: “沃”的世界我做主', '0.0.0.0'),
(413, 1242976639, 1, '添加用戶紅包: 1000091405', '0.0.0.0'),
(414, 1244189181, 1, '編輯商品: 索愛C702c', '0.0.0.0'),
(415, 1244189344, 1, '編輯文章分類: 手機促銷', '0.0.0.0'),
(416, 1244190576, 1, '編輯文章: 三星SGHU308說明書下載', '0.0.0.0'),
(417, 1244190791, 1, '編輯文章: 三星SGHU308說明書下載', '0.0.0.0'),
(418, 1244190825, 1, '編輯文章: 三星SGHU308說明書下載', '0.0.0.0'),
(419, 1244190882, 1, '編輯文章: 三星SGHU308說明書下載', '0.0.0.0'),
(420, 1244190952, 1, '編輯文章: 三星SGHU308說明書下載', '0.0.0.0'),
(421, 1244191015, 1, '編輯文章: 三星SGHU308說明書下載', '0.0.0.0'),
(422, 1244191031, 1, '編輯文章: 三星SGHU308說明書下載', '0.0.0.0'),
(423, 1244773301, 1, '添加在線調查: 您從哪裏知道我們的網站', '0.0.0.0'),
(424, 1244773315, 1, '添加在線調查: 論壇', '0.0.0.0'),
(425, 1244773328, 1, '添加在線調查: 朋友', '0.0.0.0'),
(426, 1244773345, 1, '添加在線調查: 友情鏈接', '0.0.0.0'),
(427, 1245042408, 1, '還原數據庫備份: 備份時間2009-06-12 02:23:14', '0.0.0.0'),
(428, 1245042659, 1, '編輯商品分類: 手機類型', '0.0.0.0'),
(429, 1245042742, 1, '編輯商品分類: GSM手機', '0.0.0.0'),
(430, 1245042772, 1, '編輯商品分類: 手機類型', '0.0.0.0'),
(431, 1245043251, 1, '編輯文章: 三星SGHU308說明書下載', '0.0.0.0'),
(432, 1245043292, 1, '編輯文章: 三星SGHU308說明書下載', '0.0.0.0'),
(433, 1245044142, 1, '編輯權限管理: bjgonghuo1', '0.0.0.0'),
(434, 1245044234, 1, '添加供貨商管理: 北京供貨商', '0.0.0.0'),
(435, 1245044248, 1, '添加供貨商管理: 上海供貨商', '0.0.0.0'),
(436, 1245044469, 1, '編輯紅包類型: 訂單紅包', '0.0.0.0'),
(437, 1245044698, 1, '編輯供貨商管理: 北京供貨商', '0.0.0.0'),
(438, 1245044706, 1, '編輯供貨商管理: 上海供貨商', '0.0.0.0'),
(439, 1245136915, 1, '還原數據庫備份: 備份時間2009-06-15 06:54:05', '0.0.0.0'),
(440, 1245138481, 1, '還原數據庫備份: 備份時間2009-06-16 07:47:15', '0.0.0.0'),
(441, 1245220014, 1, '編輯商品: 諾基亞N85', '0.0.0.0'),
(442, 1245220040, 1, '編輯商品: 諾基亞N85', '0.0.0.0'),
(443, 1245220295, 1, '編輯商品: P806', '0.0.0.0'),
(444, 1245220617, 1, '編輯商品: 諾基亞N96', '0.0.0.0'),
(445, 1245220821, 1, '編輯商品: 多普達Touch HD', '0.0.0.0'),
(446, 1245221079, 1, '編輯商品: 金立 A30', '0.0.0.0'),
(447, 1245221279, 1, '編輯商品: 三星BC01', '0.0.0.0'),
(448, 1245221460, 1, '編輯商品: 三星SGH-F258', '0.0.0.0'),
(449, 1245221658, 1, '編輯商品: 夏新N7', '0.0.0.0'),
(450, 1245221889, 1, '編輯商品: 摩托羅拉A810', '0.0.0.0'),
(451, 1245222018, 1, '編輯商品: 諾基亞5800XM', '0.0.0.0'),
(452, 1245222169, 1, '編輯商品: 諾基亞5320 XpressMusic', '0.0.0.0'),
(453, 1245222267, 1, '回收商品: 摩托羅拉A810', '0.0.0.0'),
(454, 1245222409, 1, '編輯商品: 索愛C702c', '0.0.0.0'),
(455, 1245222545, 1, '編輯商品: 諾基亞E66', '0.0.0.0'),
(456, 1245222658, 1, '編輯商品: 飛利浦9@9v', '0.0.0.0'),
(457, 1245222832, 1, '編輯商品: KD876', '0.0.0.0'),
(458, 1245222978, 1, '編輯商店設置: ', '0.0.0.0'),
(459, 1245223043, 1, '編輯商品分類: 手機類型', '0.0.0.0'),
(460, 1245223128, 1, '編輯商品分類: GSM手機', '0.0.0.0'),
(461, 1245223340, 1, '編輯文章: 諾基亞牽手移動 5款熱門TD手機機型推薦', '0.0.0.0'),
(462, 1245223387, 1, '編輯文章: 諾基亞牽手移動 5款熱門TD手機機型推薦', '0.0.0.0'),
(463, 1245223611, 1, '還原數據庫備份: 備份時間2009-06-17 07:23:51', '0.0.0.0');

--
-- `ecs_area_region`
--
INSERT INTO `ecs_area_region` (`shipping_area_id`, `region_id`) VALUES
(1, 1),
(2, 1),
(3, 1),
(4, 3),
(4, 4),
(4, 6),
(4, 9),
(4, 30),
(4, 32);

--
-- `ecs_article`
--

INSERT INTO `ecs_article` (`article_id`, `cat_id`, `title`, `content`, `author`, `author_email`, `keywords`, `article_type`, `is_open`, `add_time`, `file_url`, `open_type`, `link`) VALUES
(7, 4, '三星電子宣布將在中國發布15款3G手機', '<p>全球領先的電子產品及第二大移動通信終端制造商三星電子今天在北京宣布，為全面支持中國開展3G移動通信業務，將在3G服務正式商用之際，向中國市場推出 15款3G手機。這些產品分別支持中國三大無線運營商的各種3G服務，並已經得到運營商的合作認可。憑借在電子和通信領域的整體技術實力和對消費者的準確 把握，三星電子已經開始全面發力中國的3G移動通信市場。<br />\n<br />\n&nbsp;&nbsp;&nbsp;&nbsp;2009年1月，中國政府宣布正式啟動3G移動通信服務。並根據中國的實際情況，決定由三大運營商分別采用全部三種3G網絡制式，&nbsp;即以中國自主知識產權為核心的TD-SCDMA，以歐洲為主要市場的WCDMA和源自北美的CDMA2000技術。<br />\n<br />\n&nbsp;&nbsp;&nbsp;&nbsp;多 年來，三星電子秉承&ldquo;做中國人民喜愛的企業，貢獻於中國社會的企業&rdquo;的企業理念，準確地把握了中國社會的發展和市場的需求，推出了一系列深受中國消費者喜 愛的電子產品。為了配合中國推進具有自主知識產權的3G移動通信標準TD-SCDMA，&nbsp;三星電子從2000年開始在中國設立了通信技術研究院，&nbsp;開始進 行TD-SCDMA技術的研究。作為最早承諾支持中國3G標準的手機制造企業，三星電子已經先後投入了上億元的研究費用，&nbsp;組建了幾百人的研發團隊。推出 的TD-SCDMA制式的產品，不僅通過了各級權威部門的試驗和檢測，也經歷了2008年北京奧運會的現場考驗。此次為中國移動定制的TD-SCDMA手 機，包括了滿足高端商務需求的雙待產品B7702C，以及數字電視手機、多媒體手機和時尚手機。<br />\n<br />\n&nbsp;&nbsp;&nbsp;&nbsp;作為世界第二大手機制造企業，三 星電子已經在全球3G市場積累了多年的技術和市場經驗。最新的統計表明，在完全采用WCDMA標準的歐洲，三星電子的市場份額已經排名第二。在為中國聯通 準備的產品中，不僅包括能夠支持HSDPA的高端多媒體手機S7520U，也涵蓋了能夠支持高速上網、在線電影、在線音樂等適合不同消費需求的各種產品。<br />\n<br />\n&nbsp;&nbsp;&nbsp;&nbsp;而 在主要采用CDMA2000技術的北美市場，三星電子也取得了市場份額的第一名。即將陸續上市的支持中國電信3G服務的EVDO產品，有高端商務手機 W709。該機能夠支持EVDO/GSM的雙網雙待功能，含800萬像素拍攝系統。其他產品還包括音樂手機M609，雙模手機W239，以及時尚設計的 F539等。<br />\n<br />\n&nbsp;&nbsp;&nbsp;&nbsp;作為世界上少數能夠提供支持三種3G標準的終端廠商，三星電子正利用其在通信、半導體、顯示器以及數字多媒體等方面 的優勢，加快產品數字融合的進程。除上述3G手機產品外，三星電子也於近期推出了用於3G網絡的上網卡和網絡筆記本電腦。三星電子專務、無線事業部大中華 區高級副總裁盧基學先生說，&ldquo;上述15款新品，&nbsp;只是我們二季度新產品的一部分。隨著中國3G移動通信市場的不斷擴大，三星還將推出更多適合中國市場的終 端產品，以滿足消費者對於通信和數字產品的不同需求。三星也將積極配合運營商業務的發展計劃，加快技術和應用的研發。中國3G的移動通信市場前景將是非常 明亮的。&rdquo;</p>', '', '', '', 0, 1, 1241426864, '', 0, 'http://'),
(8, 4, '諾基亞牽手移動 5款熱門TD手機機型推薦', '<table width="100%" cellspacing="0" cellpadding="4" align="center" class="tableborder">\r\n<tbody>\r\n<tr>\r\n<td width="180" valign="top" class="altbg4">&nbsp;</td>\r\n<td height="100%" valign="top" class="altbg3">\r\n<table cellspacing="0" cellpadding="0" border="0" style="padding: 5px; table-layout: fixed; width: 973px; height: 2195px;">\r\n<tbody>\r\n<tr>\r\n<td valign="top">\r\n<div class="bbs_content clearfix">隨著5月17日電信日的來臨，自從09年初網民對於3G方面關註越來越多，目前國內3G網絡主要有中國移動TD-SCDMA，中國聯通WCDMA以及 中國電信的CDMA2000這三種制式。到底是哪一種網絡制式能讓消費者滿意，相信好多消費者都難以判斷。<br />\r\n<br />\r\n而作為3G網絡最主要的組 成部分-手持終端（手機） ，相信也是好多消費者關註的焦點。目前，中國移動TD-SCDMA手機機型頻頻爆出，其中不乏亮點產品，像聯想聯想 Ophone、諾基亞、多普達 Magic等，下面就讓筆者與大家一起來了解TD-SCDMA網絡制式下的幾款強勢機型吧。<br />\r\n<br />\r\n諾基亞TD-SCDMA手機　型號：待定　參考報價：尚未上市<br />\r\n<br />\r\n隨著國內3G網絡發展速度加快及眾多手機廠商紛紛跟進，諾基亞終於推出TD-SCDMA手機，這款諾基亞的首臺TD-SCDMA測試手機型號目前仍無法 得知，但從鍵盤及菜單設計來看，我們可以是知道其並沒有采用S60操作系統，只是配備了S40系統，機身直板造型與早期熱賣的6300有幾分相像。<br />\r\n<br />\r\n<p><img width="450" alt="" src="http://dstatic.esqimg.com/4812278/1.jpg" style="display: block;" /></p>\r\n<br />\r\n<br />\r\n圖為：諾基亞TD-SCDMA手機<br />\r\n<br />\r\n雖然沒有更多的參數資料，但是從曝光的圖片我們可以知道這款諾基亞TD-SCDMA手機必定配備了QVGA分辨率的屏幕以及320萬像素的攝像頭，而標準的MP3以及藍牙等功能自然不會缺少，在功能方面不會比以往的S40手機遜色。<br />\r\n<br />\r\n<p><img width="450" alt="" src="http://dstatic.esqimg.com/4812279/2.jpg" style="display: block;" /></p>\r\n<br />\r\n<br />\r\n圖為：諾基亞TD-SCDMA手機<br />\r\n<br />\r\n這款諾基亞的TD手機最大的賣點便是提供了對TD-HSDPA技術的支持，最大的功能特色便是該技術被看為是TD網絡下一步的演進技術，能夠同時適用於 WCDMA和TD-SCDMA兩種不同的網絡支持，能夠很好的支持非對稱的數據業務，也就是說這款諾基亞手機的用戶即便在全球漫遊都能夠使用到3G網絡。 而其機身前置的攝像頭也更是證實了其3G手機的身份。<br />\r\n<br />\r\n<p><img width="450" alt="" src="http://dstatic.esqimg.com/4812280/3.jpg" style="display: block;" /></p>\r\n<p><br />\r\n<br />\r\n圖為：諾基亞TD-SCDMA手機<br />\r\n<br />\r\n從目前曝光的測試情況來看，通過這款諾基亞TD手機連接網絡，其下載速度能夠穩定在1.3Mbps左右，不過根據國內有些媒體的報道，諾基亞官方已經證實將於今天下半年配合運營商中國移動對出自己的第一款TD-SCDMA制式的S60手機，大家要拭目以待了。</p>\r\n<p>&nbsp;</p>\r\n圖為：諾基亞TD-SCDMA手機<br />\r\n<br />\r\n最後較為耐人尋味的便是目前有業內人士指出目前曝光的的諾基亞TD手機其實是去年夏季就出現過的 TD測試手機，但是隨著諾基亞擁有部分股份的TD芯片廠商&ldquo;凱明&rdquo;的倒閉，這款機型也就被取消了。盡管對於目前這款諾基亞的TD測試手機的身份尚無官方的 消息，但是諾基亞將推出TD手機遺失毫無懸念的事情了，相信大家也希望在TD制式下能夠有更多的手機可以選擇。</div>\r\n</td>\r\n</tr>\r\n</tbody>\r\n</table>\r\n</td>\r\n</tr>\r\n</tbody>\r\n</table>\r\n<p>&nbsp;</p>', '', '', '', 0, 1, 1241427051, '', 0, 'http://'),
(9, 5, '售後流程', '', '', '', '', 0, 1, 1242576700, '', 0, 'http://'),
(10, 5, '購物流程', '', '', '', '', 0, 1, 1242576717, '', 0, 'http://'),
(11, 5, '訂購方式', '', '', '', '', 0, 1, 1242576727, '', 0, 'http://'),
(12, 6, '如何分辨原裝電池', '<p><font size="2">一般在購買時主要是依靠觀察外觀特征的方法來鑒別電池，而原裝電池一般應具有以下一些特征：&nbsp;<br />\n<br />\n1、 電池外觀整齊，外表面有一定的粗糙度且手感舒適，內表面手感光滑，燈光下能看見細密的縱向劃痕&nbsp;<br />\n<br />\n2、 生產廠家字樣應該輪廓清晰，且防偽標誌亮度高，看上去有立體感，電池標貼 字跡清晰，有與電池類型相一致的電池件號<br />\n3、 電池標貼采用二次印刷技術，在一定光線下從斜面看，條形碼部分的顏色比其他部分要黑，且用手觸摸有凹凸感<br />\n<br />\n4、 原裝電池電極與手機電池片寬度相等，電池電極下方標有&ldquo; + &rdquo;、&ldquo; - &rdquo;標誌，電池電極片之間的隔離材料與外殼材料一致，但不是一體<br />\n<br />\n5、 原裝電池裝入手機時手感舒適，安裝自如，電池按壓部分卡位適當而且牢固<br />\n<br />\n6、 原裝電池的金屬觸點采用優質的銅片，只有在正面看時才會有反光，而從其它角度看的話，都是比較暗淡的</font></p>', '', '', '', 1, 1, 1242576826, '', 0, 'http://'),
(15, 7, '貨到付款區域', '', '', '', '', 0, 1, 1242577023, '', 0, 'http://'),
(16, 7, '配送支付智能查詢 ', '', '', '', '', 0, 1, 1242577032, '', 0, 'http://'),
(17, 7, '支付方式說明', '', '', '', '', 0, 1, 1242577041, '', 0, 'http://'),
(18, 10, '資金管理', '', '', '', '', 0, 1, 1242577127, '', 0, 'user.php?act=account_log'),
(19, 10, '我的收藏', '', '', '', '', 0, 1, 1242577178, '', 0, 'user.php?act=collection_list'),
(20, 10, '我的訂單', '', '', '', '', 0, 1, 1242577199, '', 0, 'user.php?act=order_list'),
(21, 8, '退換貨原則', '', '', '', '服務', 0, 1, 1242577293, '', 0, 'http://'),
(22, 8, '售後服務保證 ', '', '', '', '售後', 0, 1, 1242577308, '', 0, 'http://'),
(23, 8, '產品質量保證 ', '', '', '', '質量', 1, 1, 1242577326, '', 0, 'http://'),
(24, 9, '網站故障報告', '', '', '', '', 0, 1, 1242577432, '', 0, 'http://'),
(25, 9, '選機咨詢 ', '', '', '', '', 0, 1, 1242577448, '', 0, 'http://'),
(26, 9, '投訴與建議 ', '', '', '', '', 0, 1, 1242577459, '', 0, 'http://'),
(27, 4, '800萬像素超強拍照機 LG Viewty Smart再曝光', '', '', '', '', 0, 1, 1242577702, '', 0, 'http://news.imobile.com.cn/index-a-view-id-66790.html'),
(28, 11, '飛利浦9@9促銷', '<p>&nbsp;</p>\r\n<div class="boxCenterList RelaArticle" id="com_v">\r\n<p align="left">作為一款性價比極高的入門級<font size="3" color="#ff0000"><strong>商務手機</strong></font>，飛利浦<a href="mailto:9@9v">Xenium&nbsp; 9@9v</a>三圍大小為105&times;44&times;15.8mm，機身重量僅為<strong><font size="3" color="#ff0000">75g</font></strong>，裝配了一塊低規格1.75英寸128&times;160像素65000色CSTN顯示屏。身正面采用月銀色功能鍵區與屏幕數字鍵區相分隔，鍵盤設計較為<font size="3"><strong><font color="#ff0000">別</font><font color="#ff0000">致</font></strong></font>，中部導航鍵區采用鈦金色的&ldquo;腰帶&rdquo;彰顯出濃郁的商務氣息。</p>\r\n<p align="left">&nbsp;</p>\r\n<p align="left">此款手機采用<strong><font size="3" color="#ff0000">觸摸屏</font></strong>設計，搭配精致的手寫筆，可支持手寫中文和英文兩個版本。增強的內置系統還能識別潦草字跡，確保在移動中和匆忙時輸入文字的識別率。手寫指令功能還支持特定圖案的瞬間調用，獨特的手寫記事本功能，可以在觸摸屏上隨意繪制個性化的圖案並進行<strong><font size="3" color="#ff0000">記事提醒</font></strong>，讓商務應用更加隨意。</p>\r\n<p align="left">&nbsp;</p>\r\n<p align="left">&nbsp;作為入門級為數不多支持<strong><font size="3" color="#ff0000">雙卡功能</font></strong>的手機，可以同時插入兩張SIM卡，通過菜單隨意切換，只需開啟漫遊自動切換模式，<a href="mailto:9@9V">9@9V</a>在該模式下能夠判斷網絡情況，自動切換適合的手機號。</p>\r\n<p align="left">&nbsp;</p>\r\n<p align="left">&nbsp;</p>\r\n</div>\r\n<p>&nbsp;</p>', '', '', '', 0, 1, 1242578199, '', 0, 'http://'),
(29, 11, '諾基亞5320 促銷', '<p>&nbsp;</p>\r\n<div id="com_v" class="boxCenterList RelaArticle">\r\n<p>諾基亞5320XpressMusic音樂手機采用XpressMusic系列常見的黑紅、黑藍配色方案，而材質方便則選用的是經過<strong><font size="3" color="#ff0000">拋光處理</font></strong>的工程塑料；三圍/體重為，為108&times;46&times;15mm/<strong><font size="3" color="#ff0000">90g</font></strong>，手感舒適。</p>\r\n<p>&nbsp;</p>\r\n<p>諾基亞5320采用的是一塊可視面積為2.0英寸的<font size="3" color="#ff0000"><strong>1600萬色</strong></font>屏幕，分辨率是常見的240&times;320像素（QVGA）。雖然屏幕不是特別大，但效果非常精細，色彩還原不錯。</p>\r\n<p>&nbsp;</p>\r\n<p>手機背面，諾基亞為5320XM配備一顆<strong><font size="3" color="#ff0000">200W像素</font></strong>的攝像頭，並且帶有<strong><font size="3" color="#ff0000">兩個LED的補光燈</font></strong>，可以實現拍照、攝像功能，並能通過彩信、郵件方式發送給朋友。</p>\r\n<p>&nbsp;</p>\r\n</div>\r\n<p>&nbsp;</p>', '', '', '', 1, 1, 1242578676, '', 0, 'http://'),
(30, 11, '促銷諾基亞N96', '<p>&nbsp;</p>\r\n<div class="boxCenterList RelaArticle" id="com_v">\r\n<p>諾基亞N96采用了<strong><font size="3" color="#ff0000">雙向滑蓋</font></strong>設計，機身整體呈灰黑色，沈穩、大氣，機身材質采用了高強度的塑料材質，手機背面采用了拋光面板的設計風格。N96三維體積103*55*20mm，重量為125g。屏幕方面，諾基亞N96配備一塊<strong><font size="3" color="#ff0000">2.8英寸</font></strong>的屏幕，支持<strong><font size="3" color="#ff0000">1670萬色</font></strong>顯示，分辨率達到QVGA（320&times;240）水準。</p>\r\n<p>&nbsp;<img src="http://img2.zol.com.cn/product/21/896/ceN6LBMCid3X6.jpg" alt="" /></p>\r\n<p>&nbsp;</p>\r\n<p>諾基亞N96設置有專門的<strong><font size="3" color="#ff0000">音樂播放鍵</font></strong>和標準的3.5毫米音頻插口，支持多格式音樂播放。內置了<strong><font size="3" color="#ff0000">多媒體播放器</font></strong>，支持FM調頻收音機等娛樂功能。N96手機支持<strong><font size="3" color="#ff0000">N-Gage遊戲平臺</font></strong>，內置包括<font size="3" color="#ff0000"><strong>《PinBall》完整版</strong></font>在內的四款N-Gage遊戲，除了手機本身內置的遊戲，還可以從N-Gage的網站下載或者購買最新的遊戲，而且可以在論壇裏和其他玩家一起討論。</p>\r\n<p>&nbsp;</p>\r\n</div>\r\n<p>&nbsp;<img src="http://img2.zol.com.cn/product/21/898/cekkw57qJjSI.jpg" alt="" /></p>', '', '', '', 1, 1, 1242578826, '', 0, 'http://'),
(13, 6, '如何分辨水貨手機 ', '<p>\n<div class="artibody">\n<p><font size="2"><strong>1、&nbsp;什麽是水貨？</strong><br />\n提及水貨手機，按照行業內的說法，可以將水貨手機分成三類：A類、B類和C類。 </font></p>\n<p><font size="2">A類水貨手機是指由國外、港澳臺等地區在沒有經過正常海關渠道的情況下進入國內市場的產品，就是我們常說的走私貨， 與行貨的主要差異是在輸入法上，這類手機都是英文輸入法或者是港澳臺地區的繁體中文輸入法。這類手機其最主要的目的是為了逃避國家關稅或者因為該種產品曾 經過不正當改裝而不能夠通過正常渠道入關，質量一般沒有大的問題。但由於逃避關稅本身就是違法的，所以購買這類手機的用戶根本得不到任何售後保障服務； </font></p>\n<p><font size="2">B類水貨手機就是走私者將手機的系統軟件由英文版升級至中文版後，偷運到內地，然後貼上非法渠道購買的入網標誌，作為行貨手機充數。 </font></p>\n<p><font size="2">C類水貨手機則是那些由其他型號機改裝、更換芯片等等方法做假&ldquo;生產&rdquo;出來的，或者就是從各地購買手機的部件，自己組裝然後再貼上非法購買的入網標誌。 </font></p>\n<p><font size="2">水貨手機雖然不排除它是原廠正貨的可能，但通過市場調研發現，絕大多數水貨手機都是改版的次貨，而且產品基本沒有受國內廠商的保修許可。</font></p>\n<p><font size="2"><strong>2、水貨有哪些？</strong>水貨有兩種，一種俗稱港行，也稱作水行，這種產品原本是在香港 及周邊地區銷售的，但是經過非法途徑進入大陸地區銷售。另一種是歐版水改機，也稱作歐版，水改等，此種產品以英文改版機為主，通過刷改機內軟件達到英文改 中文的目的，原來這類產品是銷往歐美地區的，由於和大陸地區有相當大的價格差，所以通過走私進入中國市場。</font></p>\n<p><font size="2"><strong>3、水貨手機的危害</strong><br />\n1、售後服務無保障 <br />\n手機作為精密類電子產品，軟件、硬件方面都有可能產生不同的問題。購買正規渠道的手機，一旦出現問題，只要將問題反映給廠商客戶服務中心並靜候佳音就 可以了。大多數走私手機的販賣點規模較小，根本沒有資金和技術能力建立起自己的維修網點，因此他們往往制定非常苛刻的保修條件，將國家明令的一年保修期縮 短為三個月，並加入完全對走私手機經銷商有利的諸如&ldquo;認為摔打&rdquo;等概念難以界定的排除條件(眾所周知，手機很有可能發生摔撞事件)，是確確實實的霸王條 款。規定時間內手機出了故障，走私手機經銷商會通過曲解條款盡可能地開脫保修責任。即使他們願意承擔保修服務，也需將手機發往廣州、深圳等地，委托他人維 修。一來路途漫長，二來經手人繁多，小問題&ldquo;修&rdquo;成了大問題。最終走私手機經銷商會以無法維修為由勸客戶自行去當地正規客服維修。至於維修費用，他們自然 也不願意出了。<br />\n<br />\n2、產品本身質量不過關<br />\n&nbsp;&nbsp;&nbsp; 現在很多奸商為了謀取暴利，經常使用C類的翻修或者組裝手機冒充A類水貨手機進行銷售。作為消費者來說面對和正規行貨之間巨大的價格差異，他們無法分辨想要購買的手機是否象銷售商說的那樣質量過硬，在銷售商的巧舌如簧下只能眼看自己的錢包&ldquo;減肥&rdquo;。 </font></p>\n<p><font size="2">但是這類翻修或者組裝的水貨手機往往為了降低成本，其采用的配件往往也是不合格產品，甚至也是偽劣產品，可以想象由這樣產品組裝起來的手機的質量究竟可以好到那裏去。目前在經常看到手機電池爆炸傷人的事件的報道，究其原因也是消費者購買了這些組裝的水貨手機。</font></p>\n<p><font size="2">而且不光這類手機硬件存在問題，包括手機使用的軟件。由於組裝的水貨硬件規格根本無法保證和原場產品一致，手機使用的軟件也會造成和手機硬件的沖突。頻繁死機就是家常便飯，更有甚者會造成經常性的電話本丟失，無法聯系到好友。</font></p>\n<p><br />\n<font size="2"><strong>4、如何分辨行、水貨手機？</strong><br />\n1、看手機上是否貼有信息產業部&ldquo;進網許可&rdquo;標誌。水貨與正品的入網標誌稍微有一點不同：真的入網標誌一般都是針式打印機打印的，數字清晰，顏色較淺，仔細看有針打的凹痕；假的入網標誌一般是普通噴墨打印機打印的，數字不很清晰，顏色較深，沒有凹痕。 </font></p>\n<p><font size="2">2、檢查手機的配置，包括中文說明書、電池、充電器等，如果是廠家原配，一般均貼有廠家的激光防偽標誌。原廠配置的 中文說明書通常印刷精美，並與其他語言的說明書及相關產品資料的印刷質量、格式、風格等保持一致。不是原廠家配置的中文說明書通常印刷質量低劣，常出現錯 別字，甚至字跡模糊。正品手機的包裝盒中均附帶有原廠合格證、原廠條碼卡、原廠保修卡，而水貨則沒有。 </font></p>\n<p><font size="2">3、確認經銷商的保修條例是否與廠家一致，在購買手機時應索要發票和保修卡。 </font></p>\n<p><font size="2">4、電子串號是否一致也是驗證是否水貨手機的重要途徑。首先在手機上按&ldquo;*#06#&rdquo;，一般會在手機上顯示15個數 字，這就是本手機的IMEI碼。然後打開手機的電池蓋，在手機裏有一張貼紙，上面也有一個IMEI碼，這個碼應該同手機上顯示的IMEI碼完全一致。然後 再檢查手機的外包裝盒上的貼紙，上面也應該有一個IMEI碼，這個碼也應該同手機上顯示的IMEI碼完全一致。如果此三個碼有不一致的地方，這個手機就有 問題。</font></p>\n</div>\n<p>&nbsp;</p>\n</p>', '', '', '', 0, 1, 1242576911, '', 0, 'http://'),
(14, 6, '如何享受全國聯保', '', '', '', '', 0, 1, 1242576927, '', 0, 'http://'),
(31, 12, '諾基亞6681手機廣告欣賞', '<object>\n<param value="always" name="allowScriptAccess" />\n<param value="transparent" name="wmode" />\n<param value="http://6.cn/player.swf?flag=0&amp;vid=nZNyu3nGNWWYjmtPQDY9nQ" name="movie" /><embed width="480" height="385" src="http://6.cn/player.swf?flag=0&amp;vid=nZNyu3nGNWWYjmtPQDY9nQ" allowscriptaccess="always" wmode="transparent" type="application/x-shockwave-flash"></embed></object>', '', '', '', 0, 1, 1242579069, '', 0, 'http://'),
(32, 12, '手機遊戲下載', '<p>三星SGHU308說明書下載，點擊相關鏈接下載</p>', '', '', '', 1, 1, 1242579189, '', 0, 'http://soft.imobile.com.cn/index-a-list_softs-cid-1.html'),
(33, 12, '三星SGHU308說明書下載', '<p>三星SGHU308說明書下載</p>', '', '', '', 1, 1, 1242579559, 'data/article/1245043292228851198.rar', 2, 'http://'),
(34, 12, '3G知識普及', '<p>\n<h2>3G知識普及</h2>\n<div class="t_msgfont" id="postmessage_8792145"><font color="black">3G，全稱為3rd Generation，中文含義就是指第三代數字通信。<br />\n</font><br />\n<font color="black">　　1995年問世的第一代<span class="t_tag" onclick="tagshow(event)" href="http://mbbs.enet.com.cn/tag.php?name=%C4%A3%C4%E2">模擬</span>制式<span class="t_tag" onclick="tagshow(event)" href="http://mbbs.enet.com.cn/tag.php?name=%CA%D6%BB%FA">手機</span>（1G）只能進行<span class="t_tag" onclick="tagshow(event)" href="http://mbbs.enet.com.cn/tag.php?name=%D3%EF%D2%F4">語音</span>通話；<br />\n</font><br />\n<font color="black">　　1996到1997年出現的第二代GSM、TDMA等數字制式手機（2G）便增加了接收數據的功能，如接收電子郵件或網頁；<br />\n</font><br />\n<font color="black">　　3G不是2009年誕生的，它是上個世紀的產物，而早在2007年國外就已經產生4G了，而<span class="t_tag" onclick="tagshow(event)" href="http://mbbs.enet.com.cn/tag.php?name=%D6%D0%B9%FA">中國</span>也於2008年成功開發出<span class="t_tag" onclick="tagshow(event)" href="http://mbbs.enet.com.cn/tag.php?name=%D6%D0%B9%FA">中國</span>4G，其網絡傳輸的速度可達到每秒鐘2G，也就相當於下一部電影只要一秒鐘。在上世紀90年末的日韓電影如《我的野蠻女友》中，女主角使用的可以讓對方看見自己的視頻<span class="t_tag" onclick="tagshow(event)" href="http://mbbs.enet.com.cn/tag.php?name=%B5%E7%BB%B0">電話</span>，就是屬於3G技術的重要運用之一。日韓等國3G的運用是上世紀末期的事。而目前國外有些地區已經試運行3.5G甚至4G網絡。<br />\n</font><br />\n<font color="black">　 </font><font color="black">（以下為誤導）2009年問世的第三代（3G）與 前兩代的主要區別是在傳輸聲音和數據的速度上的提升，它能夠在全球範圍內更好地實現無縫漫遊，並處理圖像、音樂、視頻流等多種媒體形式，提供包括網頁瀏 覽、電話會議、電子商務等多種信息服務，同時也要考慮與已有第二代系統的良好兼容性。為了提供這種服務，無線網絡必須能夠支持不同的數據傳輸速度，也就是 說在室內、室外和行車的環境中能夠分別支持至少2Mbps（兆比特／每秒）、384kbps（千比特／每秒）以及144kbps的傳輸速度。（此數值根據 網絡環境會發生變化)。<br />\n</font><br />\n<font color="black">　　3G標準，國際電信聯盟(ITU)目前一共確定了全球四大3G標準，它們分別是WCDMA、CDMA2000和TD-SCDMA和WiMAX。</font><br />\n<br />\n<font color="black">3G標準　　國際電信聯盟（ITU）在2000年5月確定W-CDMA、CDMA2000、TD-SCDMA以 及WiMAX四大主流無線接口標準，寫入3G技術指導性文件《2000年國際移動通訊計劃》（簡稱IMT&mdash;2000）。 CDMA是Code Division Multiple Access (碼分多址)的縮寫，是第三代移動通信系統的技術基礎。第一代移動通信系統采用頻分多址(FDMA)的模擬調制方式，這種系統的主要缺點是頻譜利用率低， 信令幹擾話音業務。第二代移動通信系統主要采用時分多址(TDMA)的數字調制方式，提高了系統容量，並采用獨立信道傳送信令，使系統性能大大改善，但 TDMA的系統容量仍然有限，越區切換性能仍不完善。CDMA系統以其頻率規劃簡單、系統容量大、頻率復用系數高、抗多徑能力強、通信質量好、軟容量、軟 切換等特點顯示出巨大的發展潛力。下面分別介紹一下3G的幾種標準：<br />\n</font><br />\n<br />\n<font color="black">　　 </font><br />\n<font color="black">(1) W-CDMA</font><font color="black"><br />\n</font><br />\n<br />\n<font color="black">　　也稱為WCDMA，全稱為Wideband CDMA，也稱為CDMA Direct Spread，意為寬頻分碼多重存取，這是基於GSM網發展出來的3G技術規範，是歐洲提出的寬帶CDMA技術，它與日本提出的寬帶CDMA技術基本相 同，目前正在進一步融合。W-CDMA的支持者主要是以GSM系統為主的歐洲廠商，日本公司也或多或少參與其中，包括歐美的愛立信、阿爾卡特、<span class="t_tag" onclick="tagshow(event)" href="http://mbbs.enet.com.cn/tag.php?name=%C5%B5%BB%F9%D1%C7">諾基亞</span>、 朗訊、北電，以及日本的NTT、富士通、夏普等廠商。 該標準提出了GSM(2G)-GPRS-EDGE-WCDMA(3G)的演進策略。這套系統能夠架設在現有的GSM網絡上，對於系統提供商而言可以較輕易 地過渡，但是GSM系統相當普及的亞洲對這套新技術的接受度預料會相當高。因此W-CDMA具有先天的市場優勢。<br />\n</font><br />\n<br />\n<font color="black">　　 </font><br />\n<font color="black">(2)CDMA2000</font><font color="black"><br />\n</font><br />\n<br />\n<font color="black">　　CDMA2000是由窄帶CDMA(CDMA IS95)技術發展而來的寬帶CDMA技術，也稱為CDMA Multi-Carrier，它是由美國高通北美公司為主導提出，<span class="t_tag" onclick="tagshow(event)" href="http://mbbs.enet.com.cn/tag.php?name=%C4%A6%CD%D0%C2%DE%C0%AD">摩托羅拉</span>、Lucent 和後來加入的韓國三星都有參與，韓國現在成為該標準的主導者。這套系統是從窄頻CDMAOne數字標準衍生出來的，可以從原有的CDMAOne結構直接升 級到3G，建設成本低廉。但目前使用CDMA的地區只有日、韓和北美，所以CDMA2000的支持者不如W-CDMA多。不過CDMA2000的研發技術 卻是目前各標準中進度最快的，許多3G手機已經率先面世。該標準提出了從CDMA IS95(2G)-CDMA20001x-CDMA20003x(3G)的演進策略。CDMA20001x被稱為2.5代移動通信技術。 CDMA20003x與CDMA20001x的主要區別在於應用了多路載波技術，通過采用三載波使帶寬提高。目前<span class="t_tag" onclick="tagshow(event)" href="http://mbbs.enet.com.cn/tag.php?name=%D6%D0%B9%FA%B5%E7%D0%C5">中國電信</span>正在采用這一方案向3G過渡，並已建成了CDMA IS95網絡。<br />\n</font><br />\n<br />\n<font color="black">　　 </font><br />\n<font color="black">(3)TD-SCDMA</font><font color="black"><br />\n</font><br />\n<br />\n<font color="black">　　全稱為Time Division - Synchronous CDMA(時分<span class="t_tag" onclick="tagshow(event)" href="http://mbbs.enet.com.cn/tag.php?name=%CD%AC%B2%BD">同步</span>CDMA)，該標準是由中國大陸獨自制定的3G標準，1999年6月29日，中國原郵電部電信科學技術研究院（大唐電信）向ITU提出。該標準將智能無線、<span class="t_tag" onclick="tagshow(event)" href="http://mbbs.enet.com.cn/tag.php?name=%CD%AC%B2%BD">同步</span>CDMA和<span class="t_tag" onclick="tagshow(event)" href="http://mbbs.enet.com.cn/tag.php?name=%C8%ED%BC%FE">軟件</span>無 線電等當今國際領先技術融於其中，在頻譜利用率、對業務支持具有靈活性、頻率靈活性及成本等方面的獨特優勢。另外，由於中國內的龐大的市場，該標準受到各 大主要電信設備廠商的重視，全球一半以上的設備廠商都宣布可以支持TD&mdash;SCDMA標準。 該標準提出不經過2.5代的中間環節，直接向3G過渡，非常適用於GSM系統向3G升級。<br />\n</font><br />\n<br />\n<font color="black">　　 </font><br />\n<font color="black">(4)WiMAX</font><font color="black"><br />\n</font><br />\n<br />\n<font color="black">　　WiMAX 的全名是微波存取全球互通(Worldwide Interoperability for Microwave Access)，又稱為802&middot;16無線城域網，是又一種為企業和家庭用戶提供&ldquo;最後一英裏&rdquo;的寬帶無線連接方案。將此技術與需要授權或免授權的微波設備 相結合之後，由於成本較低，將擴大寬帶無線市場，改善企業與服務供應商的認知度。2007年10月19日，國際電信聯盟在日內瓦舉行的無線通信全體會議 上，經過多數國家投票通過，WiMAX正式被批準成為繼WCDMA、CDMA2000和TD-SCDMA之後的第四個全球3G標準。</font></div>\n</p>', '', '', '', 0, 1, 1242580013, '', 0, 'http://'),
(35, 4, '“沃”的世界我做主', '<p><strong>導語：<br />\n<br />\n</strong>&nbsp;&nbsp;&nbsp;&nbsp;今年5月17日，是每年一度的世界電信日。同時，也是值得中國人民高興的日子。昨天，中國聯通企業品牌下的全品牌業務&ldquo;沃&rdquo;開始試商用，這也就意味著繼中國移動、中國電信之後，國內第三種3G網絡將要走入我們的生活，為我們帶來更加快速便捷的通信服務。<br />\n<br />\n&nbsp;&nbsp;&nbsp;&nbsp;沃，意味著此品牌將為用戶提供一個豐盈的平臺，為個人客戶、家庭客戶、集團客戶和企業服務提供全面的支撐，它代表著中國聯通全新的服務理念和創新的品牌精神，在3G時代，為客戶提供精彩的信息化服務。<br />\n<br />\n&nbsp;&nbsp;&nbsp;&nbsp;下面小編為各位介紹幾款各大手機品牌專為&ldquo;沃&rdquo;打造的定制機型，為您迎接&ldquo;沃&rdquo;的到來做好充分準備。</p>\n<p><strong>諾基亞6210si<br />\n<br />\n</strong>&nbsp;&nbsp;&nbsp;&nbsp;諾基亞6210s大家肯定不陌生，經典的滑蓋導航手機。其實6210si 與6210s外觀、參數、硬件配置幾乎完全一樣，只不過在6210s的基礎上，增加了對WCDMA網絡的支持，成為中國聯通定制手機。6210si采用諾 基亞經典的滑蓋機身設計，機身面板為鋼琴烤漆材質，高貴優雅。機身背板則為磨砂外觀工程塑料材質，美觀的同時增加了手機與手掌間的摩擦系數，防止使用中手 機滑落。</p>\n<p><strong>摩托羅拉A3100<br />\n</strong><br />\n&nbsp;&nbsp;&nbsp;&nbsp;作為摩托羅拉旗下為中國聯通定制的A3100，它有著經典的鵝卵石造型， 大氣穩重。從最初的U6，到U9再到A3100，鵝卵石的輝煌依舊。A3100有著高貴的血統，鋼琴烤漆黑色面板，金屬拉絲機身以及 Windows&nbsp;Mobile&nbsp;6.1&nbsp;Professional操作系統，都告訴我們它絕對是一部不可多得的好手機。</p>\n<p><br />\n<strong>三星S7520U<br />\n</strong><br />\n&nbsp;&nbsp;&nbsp;&nbsp;三星S7520U外觀造型時尚，鏡面設計以及超薄的 98.4&times;55&times;11.6mm金屬機身，更適合女性朋友使用。通觀機身，最顯眼的就要數這3.0英寸的超大觸摸屏幕了，400x240的WQGVA級別分 辨率，能夠比QVGA級別屏幕顯示更為細膩，細節表現力更強。500萬像素攝像頭說明了該機還是一名拍照能手，捕捉精彩瞬間不在話下。</p>', '', '', '', 0, 0, 1242974613, '', 0, 'http://');

--
-- `ecs_article_cat`
--

INSERT INTO `ecs_article_cat` (`cat_id`, `cat_name`, `cat_type`, `keywords`, `cat_desc`, `sort_order`, `show_in_nav`, `parent_id`) VALUES
(4, '3G資訊', 1, '', '', 50, 0, 0),
(5, '新手上路 ', 5, '', '', 50, 0, 3),
(6, '手機常識 ', 5, '', '手機常識 ', 50, 0, 3),
(7, '配送與支付 ', 5, '', '配送與支付 ', 50, 0, 3),
(8, '服務保證 ', 5, '', '', 50, 0, 3),
(9, '聯系我們 ', 5, '', '聯系我們 ', 50, 0, 3),
(10, '會員中心', 5, '', '', 50, 0, 3),
(11, '手機促銷', 1, '', '', 50, 0, 0),
(12, '站內快訊', 1, '', '', 50, 0, 0);

--
-- `ecs_auction_log`
--
INSERT INTO `ecs_auction_log` (`log_id`, `act_id`, `bid_user`, `bid_price`, `bid_time`) VALUES
(1, 4, 1, 170.00, 1242144083);

--
-- `ecs_back_order`
--
INSERT INTO `ecs_back_order` (`back_id`, `delivery_sn`, `order_sn`, `order_id`, `invoice_no`, `add_time`, `shipping_id`, `shipping_name`, `user_id`, `action_user`, `consignee`, `address`, `country`, `province`, `city`, `district`, `sign_building`, `email`, `zipcode`, `tel`, `mobile`, `best_time`, `postscript`, `how_oos`, `insure_fee`, `shipping_fee`, `update_time`, `suppliers_id`, `status`, `return_time`, `agency_id`) VALUES
(1, '20090615054961769', '2009061585887', 15, '2009061585884', 1245044533, 3, '', 1, 'admin', '劉先生', '海興大廈', 1, 2, 52, 502, '', 'ecshop@ecshop.com', '', '010-25851234', '13986765412', '', '', '等待所有商品備齊後再發', 0.00, 10.00, 1245044964, 2, 0, 1245045515, 0),
(2, '20090615055104671', '2009061585887', 15, '20090615', 1245044533, 3, '', 1, 'admin', '劉先生', '海興大廈', 1, 2, 52, 502, '', 'ecshop@ecshop.com', '', '010-25851234', '13986765412', '', '', '等待所有商品備齊後再發', 0.00, 10.00, 1245045061, 1, 0, 1245045515, 0),
(3, '20090615055780744', '2009061585887', 15, '123232', 1245044533, 3, '', 1, 'admin', '劉先生', '海興大廈', 1, 2, 52, 502, '', 'ecshop@ecshop.com', '', '010-25851234', '13986765412', '', '', '等待所有商品備齊後再發', 0.00, 10.00, 1245045443, 0, 0, 1245045515, 0),
(4, '20090615064331475', '2009061503335', 17, '00906150333512', 1245047978, 3, '', 1, 'admin', '劉先生', '海興大廈', 1, 2, 52, 502, '', 'ecshop@ecshop.com', '', '010-25851234', '13986765412', '', '', '等待所有商品備齊後再發', 0.00, 10.00, 1245048189, 0, 0, 1245048212, 0);

--
-- `ecs_bonus_type`
--
INSERT INTO `ecs_bonus_type` (`type_id`, `type_name`, `type_money`, `send_type`, `min_amount`, `max_amount`, `send_start_date`, `send_end_date`, `use_start_date`, `use_end_date`, `min_goods_amount`) VALUES
(1, '用戶紅包', 2.00, 0, 0.00, 0.00, 1242057600, 1244736000, 1242057600, 1250006400, 500.00),
(2, '商品紅包', 10.00, 1, 0.00, 0.00, 1241971200, 1250352000, 1242057600, 1250006400, 500.00),
(3, '訂單紅包', 20.00, 2, 1500.00, 0.00, 1242057600, 1309363200, 1242057600, 1257955200, 800.00),
(4, '線下紅包', 5.00, 3, 0.00, 0.00, 1242057600, 1244736000, 1242057600, 1255449600, 360.00);

--
-- `ecs_booking_goods`
--
INSERT INTO `ecs_booking_goods` (`rec_id`, `user_id`, `email`, `link_man`, `tel`, `goods_id`, `goods_desc`, `goods_number`, `booking_time`, `is_dispose`, `dispose_user`, `dispose_time`, `dispose_note`) VALUES
(1, 1, 'ecshop@ecshop.com', '劉先生', '13986765412', 19, '可以補貨嗎？\n我想要一個', 1, 1242142762, 0, '', 0, ''),
(2, 3, 'text@ecshop.com', '葉先生', '13588104710', 17, '什麽時候有貨', 1, 1242143592, 0, '', 0, '');

--
-- `ecs_brand`
--
INSERT INTO `ecs_brand` (`brand_id`, `brand_name`, `brand_logo`, `brand_desc`, `site_url`, `sort_order`, `is_show`) VALUES
(1, '諾基亞', '1240803062307572427.gif', '公司網站：http://www.nokia.com.cn/\n\n客服電話：400-880-0123', 'http://www.nokia.com.cn/', 50, 1),
(2, '摩托羅拉', '1240802922410634065.gif', '官方咨詢電話：4008105050\n售後網點：http://www.motorola.com.cn/service/carecenter/search.asp ', 'http://www.motorola.com.cn', 50, 1),
(3, '多普達', '1240803144788047486.gif', '官方咨詢電話：4008201668\n售後網點：http://www.dopod.com/pc/service/searchresult2.php ', 'http://www.dopod.com ', 50, 1),
(4, '飛利浦', '1240803247838195732.gif', '官方咨詢電話：4008800008\n售後網點：http://www.philips.com.cn/service/mustservice/index.page ', 'http://www.philips.com.cn ', 50, 1),
(5, '夏新', '1240803352280856940.gif', '官方咨詢電話：4008875777\n售後網點：http://www.amobile.com.cn/service_fwyzc.asp ', 'http://www.amobile.com.cn', 50, 1),
(6, '三星', '1240803412367015368.gif', '官方咨詢電話：8008105858\n售後網點：http://cn.samsungmobile.com/cn/support/search_area_o.jsp ', 'http://cn.samsungmobile.com', 50, 1),
(7, '索愛', '1240803482283160654.gif', '官方咨詢電話：4008100000\n售後網點：http://www.sonyericsson.com/cws/common/contact?cc=cn&lc=zh ', 'http://www.sonyericsson.com.cn/', 50, 1),
(8, 'LG', '1240803526904622792.gif', '官方咨詢電話：4008199999\n售後網點：http://www.lg.com.cn/front.support.svccenter.retrieveCenter.laf?hrefId=9 ', 'http://cn.wowlg.com', 50, 1),
(9, '聯想', '1240803578417877983.gif', '官方咨詢電話：4008188818\n售後網點：http://www.lenovomobile.com/service/kf-wanglou.asp', 'http://www.lenovomobile.com/', 50, 1),
(10, '金立', '', '官方咨詢電話：4007796666\n售後網點：http://www.gionee.net/service.asp ', 'http://www.gionee.net', 50, 1),
(11, '  恒基偉業', '1240803736391383580.gif', '官方咨詢電話：4008899126\n售後網點：http://www.htwchina.com/htwt/wexiu.shtml ', 'http://www.htwchina.com', 50, 1);

--
-- `ecs_card`
--
INSERT INTO `ecs_card` (`card_id`, `card_name`, `card_img`, `card_fee`, `free_money`, `card_desc`) VALUES
(1, '祝福賀卡', '1242108754847457261.jpg', 5.00, 1000.00, '把您的祝福帶給您身邊的人');

--
-- `ecs_cart`
--
INSERT INTO `ecs_cart` (`rec_id`, `user_id`, `session_id`, `goods_id`, `goods_sn`, `goods_name`, `market_price`, `goods_price`, `goods_number`, `goods_attr`, `is_real`, `extension_code`, `parent_id`, `rec_type`, `is_gift`, `can_handsel`, `goods_attr_id`) VALUES
(40, 0, 0x3530323637633931386364393039643334356463303335343962346332373138, 24, 'ECS000024', 'P806', 2400.00, 2000.00, 1, '', 1, '', 0, 0, 0, 0, 0),
(42, 1, 0x6263626363313439326563613632336536323461613933613937386565363664, 24, 'ECS000024', 'P806', 2400.00, 100.00, 5, '', 1, '', 0, 1, 0, 0, 0);

--
--  `ecs_category`
--
INSERT INTO `ecs_category` (`cat_id`, `cat_name`, `keywords`, `cat_desc`, `parent_id`, `sort_order`, `template_file`, `measure_unit`, `show_in_nav`, `style`, `is_show`, `grade`, `filter_attr`) VALUES
(1, '手機類型', '', '', 0, 50, '', '', 0, '', 1, 5, '172,185,178'),
(2, 'CDMA手機', '', '', 1, 50, '', '', 0, '', 1, 0, '6'),
(3, 'GSM手機', '', '', 1, 50, '', '臺', 1, '', 1, 4, '185,189,173,178'),
(4, '3G手機', '', '', 1, 50, '', '', 1, '', 1, 0, '28'),
(5, '雙模手機', '', '', 1, 50, '', '', 0, '', 1, 5, '18'),
(6, '手機配件', '', '', 0, 50, '', '', 1, '', 1, 0, '0'),
(7, '充電器', '', '', 6, 50, '', '', 0, '', 1, 0, '0'),
(8, '耳機', '', '', 6, 50, '', '', 0, '', 1, 0, '0'),
(9, '電池', '', '', 6, 50, '', '', 0, '', 1, 0, '0'),
(11, '讀卡器和內存卡', '', '', 6, 50, '', '', 0, '', 1, 0, '0'),
(12, '充值卡', '', '', 0, 50, '', '', 0, '', 1, 0, '0'),
(13, '小靈通/固話充值卡', '', '', 12, 50, '', '', 0, '', 1, 0, '0'),
(14, '移動手機充值卡', '', '', 12, 50, '', '', 0, '', 1, 0, '0'),
(15, '聯通手機充值卡', '', '', 12, 50, '', '', 0, '', 1, 0, '0');

--
-- `ecs_cat_recommend`
--
INSERT INTO `ecs_cat_recommend` (`cat_id`, `recommend_type`) VALUES
(3, 1),
(3, 2),
(3, 3),
(5, 1),
(5, 2),
(5, 3),
(12, 1),
(12, 2),
(12, 3),
(13, 3),
(14, 2),
(14, 3),
(15, 1),
(15, 2);

--
-- `ecs_comment`
--
INSERT INTO `ecs_comment` (`comment_id`, `comment_type`, `id_value`, `email`, `user_name`, `content`, `comment_rank`, `add_time`, `ip_address`, `status`, `parent_id`, `user_id`) VALUES
(1, 0, 12, 'ecshop@ecshop.com', 'ecshop', '很好，我很喜歡', 5, 1242107120, '0.0.0.0', 1, 0, 1),
(2, 0, 22, 'ecshop@ecshop.com', 'ecshop', '這個我不是很適合我', 5, 1242107295, '0.0.0.0', 0, 0, 1);

--
-- `ecs_delivery_goods`
--
INSERT INTO `ecs_delivery_goods` (`rec_id`, `delivery_id`, `goods_id`, `goods_name`, `brand_name`, `goods_sn`, `is_real`, `extension_code`, `parent_id`, `send_number`) VALUES
(1, 1, 13, '諾基亞5320 XpressMusic', '諾基亞', 'ECS000013', 1, '', 0, 3),
(2, 1, 14, '諾基亞5800XM', '諾基亞', 'ECS000014', 1, '', 0, 1),
(3, 2, 24, 'P806', '聯想', 'ECS000024', 1, '', 0, 3),
(4, 2, 9, '諾基亞E66', '諾基亞', 'ECS000009', 1, '', 0, 1),
(5, 3, 24, 'P806', '聯想', 'ECS000024', 1, '', 0, 1),
(6, 3, 8, '飛利浦9@9v', '飛利浦', 'ECS000008', 1, '', 0, 3),
(7, 4, 12, '摩托羅拉A810', '摩托羅拉', 'ECS000012', 1, '', 0, 2),
(8, 5, 24, 'P806', '聯想', 'ECS000024', 1, '', 0, 1);

--
-- `ecs_delivery_order`
--
INSERT INTO `ecs_delivery_order` (`delivery_id`, `delivery_sn`, `order_sn`, `order_id`, `invoice_no`, `add_time`, `shipping_id`, `shipping_name`, `user_id`, `action_user`, `consignee`, `address`, `country`, `province`, `city`, `district`, `sign_building`, `email`, `zipcode`, `tel`, `mobile`, `best_time`, `postscript`, `how_oos`, `insure_fee`, `shipping_fee`, `update_time`, `suppliers_id`, `status`, `agency_id`) VALUES
(1, '20090615054961769', '2009061585887', 15, '2009061585884', 1245044533, 3, '城際快遞', 1, 'admin', '劉先生', '海興大廈', 1, 2, 52, 502, '', 'ecshop@ecshop.com', '', '010-25851234', '13986765412', '', '', '等待所有商品備齊後再發', 0.00, 10.00, 1245044964, 2, 1, 0),
(2, '20090615055104671', '2009061585887', 15, '20090615', 1245044533, 3, '城際快遞', 1, 'admin', '劉先生', '海興大廈', 1, 2, 52, 502, '', 'ecshop@ecshop.com', '', '010-25851234', '13986765412', '', '', '等待所有商品備齊後再發', 0.00, 10.00, 1245045061, 1, 1, 0),
(3, '20090615055780744', '2009061585887', 15, '123232', 1245044533, 3, '城際快遞', 1, 'admin', '劉先生', '海興大廈', 1, 2, 52, 502, '', 'ecshop@ecshop.com', '', '010-25851234', '13986765412', '', '', '等待所有商品備齊後再發', 0.00, 10.00, 1245045443, 0, 1, 0),
(4, '20090615060281017', '2009061525429', 16, '2009061525121', 1245045672, 3, '城際快遞', 1, 'admin', '劉先生', '海興大廈', 1, 2, 52, 502, '', 'ecshop@ecshop.com', '', '010-25851234', '13986765412', '', '', '等待所有商品備齊後再發', 0.00, 10.00, 1245045723, 2, 0, 0),
(5, '20090615064331475', '2009061503335', 17, '00906150333512', 1245047978, 3, '城際快遞', 1, 'admin', '劉先生', '海興大廈', 1, 2, 52, 502, '', 'ecshop@ecshop.com', '', '010-25851234', '13986765412', '', '', '等待所有商品備齊後再發', 0.00, 10.00, 1245048189, 0, 1, 0);

--
-- `ecs_exchange_goods`
--
INSERT INTO `ecs_exchange_goods` (`goods_id`, `exchange_integral`, `is_exchange`, `is_hot`) VALUES
(24, 17000, 1, 0),
(19, 80000, 1, 0);

--
-- `ecs_favourable_activity`
--
INSERT INTO `ecs_favourable_activity` (`act_id`, `act_name`, `start_time`, `end_time`, `user_rank`, `act_range`, `act_range_ext`, `min_amount`, `max_amount`, `act_type`, `act_type_ext`, `gift`, `sort_order`) VALUES
(1, '5.1諾基亞優惠活動', 1241107200, 1253030400, '1,2', 2, '1', 500.00, 5000.00, 2, 95.00, 'a:0:{}', 50);

--
-- `ecs_feedback`
--
INSERT INTO `ecs_feedback` (`msg_id`, `parent_id`, `user_id`, `user_name`, `user_email`, `msg_title`, `msg_type`, `msg_status`, `msg_content`, `msg_time`, `message_img`, `order_id`, `msg_area`) VALUES
(1, 0, 1, 'ecshop', 'ecshop@ecshop.com', '三星SGH-F258什麽時候到', 4, 0, '三星SGH-F258什麽時候有貨', 1242107197, '', 0, 0);

--
-- `ecs_goods`
--

INSERT INTO `ecs_goods` VALUES (1, 4, 'ECS000000', 'KD876', '+', 7, 8, '', 1, 0.110, 1665.60, 1388.00, 0.00, 0, 0, 1, 'LG 3g 876 支持 雙模 2008年04月 灰色 GSM,850,900,1800,1900', '', '<p>&nbsp;&nbsp;&nbsp;&nbsp;&nbsp;&nbsp;&nbsp;&nbsp; 很多朋友都已經搶先體驗了3G網絡的可視通話、高速上網等功能。LG KD876手機<span style="font-size: x-large;"><span style="color: rgb(255, 0, 0);"><strong>支持TD-SCDMA/GSM雙模單待</strong></span></span>，便於測試初期GSM網絡和TD網絡之間的切換和共享。</p>\r\n<p>&nbsp;&nbsp;&nbsp;&nbsp;&nbsp;&nbsp; LG KD876手機整體采用銀色塑料材質，<strong><span style="font-size: x-large;"><span style="color: rgb(255, 0, 0);">特殊的旋轉屏設計是本機的亮點</span></span></strong>，而機身背部的300萬像素攝像頭也是首發的六款TD-SCDMA手機中配置最高的。LG KD876手機屏幕下方設置有外鍵盤，該鍵盤由左/右軟鍵、通話/掛機鍵、返回鍵、五維搖桿組成，搖桿靈敏度很高，定位準確。KD876的內鍵盤由標準12個電話鍵和三個功能鍵、一個內置攝像頭組成。三個功能鍵分別為視頻通話、MP3、和菜單鍵，所有按鍵的手感都比較一般，鍵程適中，當由於按鍵排列過於緊密，快速發短信時很容易誤按，用戶在使用時一定要多加註意。LG KD876手機機身周邊的接口設計非常簡潔，手機的厚度主要來自屏幕旋轉軸的長度，如果舍棄旋屏設計的話，估計<span style="font-size: x-large;"><strong><span style="color: rgb(255, 0, 0);">厚度可以做到10mm以下</span></strong></span>。</p>', 'images/200905/thumb_img/1_thumb_G_1240902890710.jpg', 'images/200905/goods_img/1_G_1240902890755.jpg', 'images/200905/source_img/1_G_1240902890895.gif', 1, '', 1, 1, 0, 13, 1240902890, 100, 0, 1, 1, 1, 0, 0, 1269589545, 9, '', -1, -1, NULL, NULL);
INSERT INTO `ecs_goods` VALUES (4, 8, 'ECS000004', '諾基亞N85原裝充電器', '+', 0, 1, '', 17, 0.000, 69.60, 58.00, 0.00, 0, 0, 1, '', '', '', 'images/200905/thumb_img/4_thumb_G_1241422402467.jpg', 'images/200905/goods_img/4_G_1241422402722.jpg', 'images/200905/source_img/4_G_1241422402919.jpg', 1, '', 1, 0, 0, 0, 1241422402, 100, 0, 0, 0, 0, 0, 0, 1242110662, 6, '', -1, -1, NULL, NULL);
INSERT INTO `ecs_goods` VALUES (3, 8, 'ECS000002', '諾基亞原裝5800耳機', '+', 3, 1, '', 24, 0.000, 81.60, 68.00, 0.00, 0, 0, 1, '', '', '', 'images/200905/thumb_img/3_thumb_G_1241422082679.jpg', 'images/200905/goods_img/3_G_1241422082168.jpg', 'images/200905/source_img/3_G_1241422082367.jpg', 1, '', 1, 1, 0, 0, 1241422082, 100, 0, 0, 0, 0, 0, 0, 1241972255, 6, '', -1, -1, NULL, NULL);
INSERT INTO `ecs_goods` VALUES (5, 11, 'ECS000005', '索愛原裝M2卡讀卡器', '+', 3, 7, '', 8, 0.000, 24.00, 20.00, 0.00, 0, 0, 1, '', '', '', 'images/200905/thumb_img/5_thumb_G_1241422518886.jpg', 'images/200905/goods_img/5_G_1241422518773.jpg', 'images/200905/source_img/5_G_1241422518470.jpg', 1, '', 1, 1, 0, 0, 1241422518, 100, 0, 1, 1, 0, 0, 0, 1241972241, 2, '', -1, -1, NULL, NULL);
INSERT INTO `ecs_goods` VALUES (6, 11, 'ECS000006', '勝創KINGMAX內存卡', '+', 0, 0, '', 15, 0.000, 50.40, 42.00, 0.00, 0, 0, 1, '', '', '', '', '', '', 1, '', 1, 0, 0, 0, 1241422573, 100, 0, 0, 0, 0, 0, 0, 1241972238, 6, '', -1, -1, NULL, NULL);
INSERT INTO `ecs_goods` VALUES (7, 8, 'ECS000007', '諾基亞N85原裝立體聲耳機HS-82', '+', 0, 1, '', 20, 0.000, 120.00, 100.00, 0.00, 0, 0, 1, '', '', '', 'images/200905/thumb_img/7_thumb_G_1241422785492.jpg', 'images/200905/goods_img/7_G_1241422785856.jpg', 'images/200905/source_img/7_G_1241422785657.jpg', 1, '', 1, 1, 0, 1, 1241422785, 100, 0, 0, 0, 0, 0, 0, 1241972232, 2, '', -1, -1, NULL, NULL);
INSERT INTO `ecs_goods` VALUES (8, 3, 'ECS000008', '飛利浦9@9v', '+', 9, 4, '', 1, 0.075, 478.79, 399.00, 385.00, 1241366400, 1417276800, 1, '雙模 2008年春 黑色 直板 中低檔', '', '<p align="left">作為一款性價比極高的入門級<font size="3" color="#ff0000"><strong>商務手機</strong></font>，飛利浦<a href="mailto:9@9v">Xenium&nbsp; 9@9v</a>三圍大小為105&times;44&times;15.8mm，機身重量僅為<strong><font size="3" color="#ff0000">75g</font></strong>，裝配了一塊低規格1.75英寸128&times;160像素65000色CSTN顯示屏。身正面采用月銀色功能鍵區與屏幕數字鍵區相分隔，鍵盤設計較為<font size="3"><strong><font color="#ff0000">別</font><font color="#ff0000">致</font></strong></font>，中部導航鍵區采用鈦金色的&ldquo;腰帶&rdquo;彰顯出濃郁的商務氣息。</p>\r\n<p align="left">&nbsp;</p>\r\n<p align="left">此款手機采用<strong><font size="3" color="#ff0000">觸摸屏</font></strong>設計，搭配精致的手寫筆，可支持手寫中文和英文兩個版本。增強的內置系統還能識別潦草字跡，確保在移動中和匆忙時輸入文字的識別率。手寫指令功能還支持特定圖案的瞬間調用，獨特的手寫記事本功能，可以在觸摸屏上隨意繪制個性化的圖案並進行<strong><font size="3" color="#ff0000">記事提醒</font></strong>，讓商務應用更加隨意。</p>\r\n<p align="left">&nbsp;</p>\r\n<p align="left">&nbsp;作為入門級為數不多支持<strong><font size="3" color="#ff0000">雙卡功能</font></strong>的手機，可以同時插入兩張SIM卡，通過菜單隨意切換，只需開啟漫遊自動切換模式，<a href="mailto:9@9V">9@9V</a>在該模式下能夠判斷網絡情況，自動切換適合的手機號。</p>\r\n<p align="left">&nbsp;</p>\r\n<p align="left">&nbsp;</p>', 'images/200905/thumb_img/8_thumb_G_1241425513488.jpg', 'images/200905/goods_img/8_G_1241425513055.jpg', 'images/200905/source_img/8_G_1241425513518.jpg', 1, '', 1, 1, 0, 3, 1241425512, 100, 0, 1, 1, 1, 1, 0, 1269589533, 9, '', -1, -1, NULL, NULL);
INSERT INTO `ecs_goods` VALUES (9, 3, 'ECS000009', '諾基亞E66', '+', 20, 1, '', 4, 0.121, 2757.60, 2298.00, 0.00, 0, 0, 1, 'SMS EMS MMS 短消息群發 語音 閱讀器 SMS,EMS,MMS,短消息群發語音合成信息閱讀器 黑色 白色 滑蓋', '', '<p>在機身材質方面，諾基亞E66大量采用金屬材質，刨光的金屬表面光澤動人，背面的點狀效果規則卻又不失變化，時尚感總是在不經意間詮釋出來，並被人們所感知。E66機身尺寸為<span style="color: rgb(255, 0, 0);"><span style="font-size: larger;"><strong>107.5&times;49.5&times;13.6毫米，重量為121克</strong></span></span>，滑蓋的造型竟然比E71還要輕一些。</p>\r\n<p>&nbsp;</p>\r\n<div>諾基亞E66機身正面是<span style="color: rgb(255, 0, 0);"><span style="font-size: larger;"><strong>一塊2.4英寸1600萬色QVGA分辨率（240&times;320像素）液晶顯示屏</strong></span></span>。屏幕上方擁有光線感應元件，能夠自適應周 圍環境光調節屏幕亮度；屏幕下方是方向功能鍵區。打開滑蓋，可以看到傳統的數字鍵盤，按鍵的大小、手感、間隔以及鍵程適中，手感非常舒適。</div>\r\n<div>&nbsp;</div>\r\n<div>諾基亞為E66配備了一顆320萬像素自動對焦攝像頭，帶有LED 閃光燈，支持多種拍照尺寸選擇。</div>\r\n<p>&nbsp;</p>', 'images/200905/thumb_img/9_thumb_G_1241511871555.jpg', 'images/200905/goods_img/9_G_1241511871574.jpg', 'images/200905/source_img/9_G_1241511871550.jpg', 1, '', 1, 1, 0, 22, 1241511871, 100, 0, 1, 1, 1, 0, 0, 1269589743, 9, '', -1, -1, NULL, NULL);
INSERT INTO `ecs_goods` VALUES (10, 3, 'ECS000010', '索愛C702c', '+', 11, 7, '', 7, 0.000, 1593.60, 1328.00, 1250.00, 1243785600, 1277827200, 1, '2008年05月 GSM,850,900,1800,1900 直板', '', '<p>C702可以說是一種在外觀上復古的產物，不僅延續T系列早期的直板造型，而且在屏幕和鍵盤的組合分布上都繼承了前輩的精髓。C702的機身尺寸為106&times;48&times;15.5毫米，重量為105克。此外索尼愛立信為C702融入了<font size="3" color="#ff0000"><strong>三防特性，即防塵、防滑和防水濺</strong></font>，這款新的C702搭載了索尼愛立信經典A200平臺，界面布局與W908c、K858c一致，典型的特征就是配備左右軟鍵、中央確定鍵和通話/掛機鍵。</p>\r\n<p>索尼愛立信C702配備一塊<strong><font size="3" color="#ff0000">2.2英寸26萬色TFT液晶顯示屏</font></strong>，分辨率為240&times;320像素(QVGA)，顯示效果屬於目前主流水準。C702可以說是索尼愛立信首批<strong><font size="3" color="#ff0000">內置GPS模塊</font></strong>的 手機產品之一，C702的搜星、定位一氣呵成，十分精準，誤差大約在10米之內。基本上定位後可以將有效衛星數量控制在4&mdash;6顆，可以說可以滿足我們的需 要了。C702還提供了&ldquo;影像定位&rdquo;功能，配合內置的AGPS全球定位輔助系統，只須啟動Geo-Tagging智能影像定位功能，便可將拍攝地點記錄在 照片內，方便用戶隨時查詢。</p>\r\n<p>&nbsp;</p>\r\n<p>作為一款Cyber-shot系列影像手機，索尼愛立信C702在拍照功能方面同樣有不俗的表現。並且手機內置的<strong><font size="3" color="#ff0000">320萬像素攝像頭</font></strong>也 同樣在拍照功能上也不錯的表現。不僅支持自動聚焦和雙LED閃光功能，而且還擁有2倍數碼變焦、防紅眼、Photo fix優畫及場景模式等功能。索尼愛立信C702除了配備的是最大光圈為F3.2的4.2毫米鏡頭之外，該機也如同門中的旗艦C902一樣增加了對臉部有 先自動聚焦功能的支持。</p>\r\n<p>&nbsp;</p>', 'images/200905/thumb_img/10_thumb_G_1242973436403.jpg', 'images/200905/goods_img/10_G_1242973436141.jpg', 'images/200905/source_img/10_G_1242973436172.jpg', 1, '', 1, 1, 0, 13, 1241965622, 100, 0, 0, 0, 1, 1, 0, 1245290333, 9, '', -1, -1, NULL, NULL);
INSERT INTO `ecs_goods` VALUES (11, 3, 'ECS000011', '索愛C702c', '+', 0, 7, '', 1, 0.000, 0.00, 1300.00, 0.00, 0, 0, 1, '直板', '', '', '', '', '', 1, '', 0, 1, 0, 0, 1241966951, 100, 1, 0, 0, 0, 0, 0, 1241966960, 7, '', -1, -1, NULL, NULL);
INSERT INTO `ecs_goods` VALUES (12, 3, 'ECS000012', '摩托羅拉A810', '+', 13, 2, '', 8, 0.000, 1179.60, 983.00, 960.00, 1241107200, 1255104000, 1, 'SMS EMS MMS pda 攝像 智能 音樂 SMS,EMS,MMS', '', '<p>全機使用的材質除去電池蓋部分采用了金屬以外，其它均使用了ABS工程塑料作為主材，這款手機的三圍是105&times;51&times;14毫米，有著100克的輕量級重量，拿在手中的感覺還是非常不錯的。A810手機作為一款<strong><font size="3" color="#ff0000">PDA手機</font></strong>在設計的時候取消了鍵盤配置，一切數字鍵都要依靠手機內提供的虛擬鍵盤進行操作，在手機的左上側是一個<strong><font size="3" color="#ff0000">3.5mm的標準耳機插口</font></strong>，這種設計可以讓用戶使用自己習慣或者喜歡的耳機去欣賞音樂。</p>\r\n<p>&nbsp;</p>\r\n<p>這款摩托羅拉A810手機配置了一塊<font size="3" color="#ff0000"><strong>26萬色的2.2英寸TFT全觸摸屏幕</strong></font>，其分辨率達到了主流的QVGA水平（240&times;320像素），摩托羅拉A810采用了內部核心為2.6.10的<strong><font size="3" color="#ff0000">LINUX操作系統</font></strong>，菜單上依然采用傳統的9宮格的顯示方式，一般手機的名片式電話本只能支持諸如電話、郵件、傳真、公司等一些基本信息，而A810手機的電話本除了這些還支持公司地址，配偶信息、子女姓名、上司名稱、助手等等，對於一款手機來說，電話本不可謂不強大。A810的<strong><font size="3" color="#ff0000">手寫識別能力相當的驚人</font></strong>，對連筆、草書和倒插筆的識別率都相當的高，同時還為左右手設置了不同的書寫習慣選擇，並支持手寫速度的調節。</p>\r\n<p>這款A810手機<strong><font size="3" color="#ff0000">內置的音樂播放功能</font></strong>可以支持MP3、WAV、AMR、AAC等格式的音樂播放，<font size="3" color="#ff0000"><strong>支持後臺播放</strong></font>。視頻方面，這款A810支持MP4、3GP、H.263格式的播放，視頻播放器同樣簡約，操作方便，這款摩托羅拉A810還內置了6款遊戲，每一款都有很高的耐玩性，而且都是支持觸摸屏操作的，同時這款手機還內置了<strong><font size="3" color="#ff0000">FM收音機</font></strong>，支持自動搜索，並提供了20個頻道供用戶存儲，不過收音機並不支持後臺播放。</p>\r\n<p>&nbsp;</p>', 'images/200905/thumb_img/12_thumb_G_1241965978410.jpg', 'images/200905/goods_img/12_G_1241965978209.jpg', 'images/200905/source_img/12_G_1241965978878.jpg', 1, '', 1, 1, 0, 9, 1245297652, 100, 0, 0, 1, 0, 1, 0, 1245297670, 3, '', -1, -1, NULL, NULL);
INSERT INTO `ecs_goods` VALUES (13, 3, 'ECS000013', '諾基亞5320 XpressMusic', '+', 13, 1, '', 8, 0.000, 1573.20, 1311.00, 0.00, 0, 0, 1, '攝像 智能 音樂 藍色 紅色 舒適 直板 中檔 2008年07月 黑色 GSM,850,900,1800,1900', '', '<p>諾基亞5320XpressMusic音樂手機采用XpressMusic系列常見的黑紅、黑藍配色方案，而材質方便則選用的是經過<strong><font size="3" color="#ff0000">拋光處理</font></strong>的工程塑料；三圍/體重為，為108&times;46&times;15mm/<strong><font size="3" color="#ff0000">90g</font></strong>，手感舒適。</p>\r\n<p>&nbsp;</p>\r\n<p>諾基亞5320采用的是一塊可視面積為2.0英寸的<font size="3" color="#ff0000"><strong>1600萬色</strong></font>屏幕，分辨率是常見的240&times;320像素（QVGA）。雖然屏幕不是特別大，但效果非常精細，色彩還原不錯。</p>\r\n<p>&nbsp;</p>\r\n<p>手機背面，諾基亞為5320XM配備一顆<strong><font size="3" color="#ff0000">200W像素</font></strong>的攝像頭，並且帶有<strong><font size="3" color="#ff0000">兩個LED的補光燈</font></strong>，可以實現拍照、攝像功能，並能通過彩信、郵件方式發送給朋友。</p>\r\n<p>&nbsp;</p>', 'images/200905/thumb_img/13_thumb_G_1241968002527.jpg', 'images/200905/goods_img/13_G_1241968002233.jpg', 'images/200905/source_img/13_G_1241968002732.jpg', 1, '', 1, 1, 0, 13, 1241967762, 100, 0, 0, 0, 1, 0, 0, 1269589198, 9, '', -1, -1, NULL, NULL);
INSERT INTO `ecs_goods` VALUES (14, 4, 'ECS000014', '諾基亞5800XM', '+', 6, 1, '', 1, 0.000, 3150.00, 2625.00, 0.00, 0, 0, 1, 'GSM 64和弦 2009年2月 320萬攝像頭 GPS 直板 工程塑料 支持 2008年10月 黑色', '', '', 'images/200905/thumb_img/14_thumb_G_1241968492116.jpg', 'images/200905/goods_img/14_G_1241968492932.jpg', 'images/200905/source_img/14_G_1241968492305.jpg', 1, '', 1, 1, 0, 26, 1241968492, 100, 0, 0, 0, 1, 0, 0, 1269589186, 9, '', -1, -1, NULL, NULL);
INSERT INTO `ecs_goods` VALUES (15, 3, 'ECS000015', '摩托羅拉A810', '+', 8, 2, '', 3, 0.000, 945.60, 788.00, 0.00, 0, 0, 1, '600 直板 工程塑料 藍牙 視頻拍攝 音樂 黑色 白色', '', '', 'images/200905/thumb_img/15_thumb_G_1242973362970.jpg', 'images/200905/goods_img/15_G_1242973362318.jpg', 'images/200905/source_img/15_G_1242973362751.jpg', 1, '', 1, 1, 0, 5, 1241968703, 100, 1, 0, 1, 1, 0, 0, 1245297631, 9, '', -1, -1, NULL, NULL);
INSERT INTO `ecs_goods` VALUES (16, 2, 'ECS000016', '恒基偉業G101', '+', 3, 11, '', 0, 0.000, 988.00, 823.33, 0.00, 0, 0, 1, '', '', '', 'images/200905/thumb_img/16_thumb_G_1241968949103.jpg', 'images/200905/goods_img/16_G_1241968949002.jpg', 'images/200905/source_img/16_G_1241968949402.jpg', 1, '', 0, 1, 0, 8, 1241968949, 100, 0, 0, 0, 0, 0, 0, 1245290562, 2, '', -1, -1, NULL, NULL);
INSERT INTO `ecs_goods` VALUES (17, 3, 'ECS000017', '夏新N7', '+', 2, 5, '', 1, 0.000, 2760.00, 2300.00, 0.00, 0, 0, 1, '2008年01月 GSM,900,1800,1900,2100 直板 262144萬 240×400 像素 SMS,EMS,MMS,超長信息發送,短消息群發 黑色 CDMA', '', '', 'images/200905/thumb_img/17_thumb_G_1241969394587.jpg', 'images/200905/goods_img/17_G_1241969394677.jpg', 'images/200905/source_img/17_G_1241969394844.jpg', 1, '', 1, 1, 0, 23, 1241969394, 100, 0, 1, 0, 1, 0, 0, 1269589169, 9, '', -1, -1, NULL, NULL);
INSERT INTO `ecs_goods` VALUES (18, 4, 'ECS000018', '夏新T5', '+', 0, 5, '', 1, 0.000, 3453.60, 2878.00, 0.00, 0, 0, 1, '2008年04月 3G(GSM,900,1800,1900,TD-SCDMA ) 直板 262144萬 320×240 像素 是 銀色', '', '<p>&nbsp;  TD-SCDMA/GSM兩種模式任意切換，中國3G手機先驅，支持大陸特有3G網絡，輕松實現可視電話、視頻留言、視頻會議功能，2.6英寸Q屏，手寫、鍵盤雙輸入，內置移動證券，支持手機郵箱、手機地圖、無驅U盤</p>', '', '', '', 1, '', 1, 1, 0, 28, 1241969533, 100, 1, 0, 0, 0, 0, 0, 1241969533, 2, '', -1, -1, NULL, NULL);
INSERT INTO `ecs_goods` VALUES (19, 3, 'ECS000019', '三星SGH-F258', '+', 7, 6, '', 12, 0.000, 1029.60, 858.00, 0.00, 0, 0, 1, '滑蓋 GSM 258 時尚 藍牙 黑色 金色 白色', '從整體來看，三星SGH-F258比較時尚可愛，三圍尺寸為94×46×17.5mm，重量為96克，曲線柔和具有玲瓏美感\r\n', '<p>從整體來看，三星SGH-F258比較<font size="3" color="#ff0000"><strong>時尚</strong></font>可愛，三圍尺寸為94&times;46&times;17.5mm，重量為96克，曲線柔和具有玲瓏美感。</p>\r\n<p>&nbsp;</p>\r\n<p>三星F258的前面板整體應用<strong><font size="3" color="#ff0000">鏡面效果</font></strong>，2.0英寸顯示屏幕略顯窄小，導航鍵與功能鍵在滑蓋滑開之前是前面板的全部控制鍵，沒有掛斷和接聽鍵，不過，五向鍵有<font size="3"><strong><font color="#ff0000">音樂操</font><font color="#ff0000">作</font></strong></font>功能，明確顯示了F258音樂手機的定位。</p>\r\n<p>&nbsp;</p>\r\n<p>F258的數字鍵鍵區采用了極具金屬質感的平板式設計，每顆按鍵的面積足夠大，按鍵與按鍵之間的間隔明顯，操作起來手感舒適。</p>', 'images/200905/thumb_img/19_thumb_G_1241970175208.jpg', 'images/200905/goods_img/19_G_1241970175091.jpg', 'images/200905/source_img/19_G_1241970175549.jpg', 1, '', 1, 1, 0, 8, 1241970139, 100, 0, 1, 1, 1, 0, 0, 1269589154, 9, '', -1, -1, NULL, NULL);
INSERT INTO `ecs_goods` VALUES (20, 3, 'ECS000020', '三星BC01', '+', 14, 6, '', 12, 0.000, 336.00, 280.00, 238.00, 1241884800, 1251648000, 1, 'GSM 直板 40和弦 金屬材質 2008年07月 黑色 GSM,900,1800,1900,2100', '', '', 'images/200905/thumb_img/20_thumb_G_1242106490058.jpg', 'images/200905/goods_img/20_G_1242106490663.jpg', 'images/200905/source_img/20_G_1242106490922.jpg', 1, '', 1, 1, 0, 2, 1241970417, 100, 0, 1, 1, 1, 1, 0, 1269589110, 9, '', -1, -1, NULL, NULL);
INSERT INTO `ecs_goods` VALUES (21, 3, 'ECS000021', '金立 A30', '+', 4, 10, '', 40, 0.000, 2400.00, 2000.00, 0.00, 0, 0, 1, '2008年03月 GSM,900,1800,1900,2100 直板 1600萬 240×400 像素 2007年12月 200萬攝像頭 黑色', '', '<p>&nbsp;</p>\r\n<p align="left"><span style="font-size: medium;"><font size="3">標準配置: 標準鋰電池兩塊,充電器兩個,立體聲耳機一個,數據線,說明書送256TF</font></span></p>\r\n<p align="left"><span style="font-size: medium;"><font size="3">通訊功能&nbsp; 輸入法 短信功能 話機通訊錄 通話記錄</font></span></p>\r\n<p align="left"><span style="font-size: medium;"><font size="3">輸入法: 中文輸入法</font></span></p>\r\n<p align="left"><span style="font-size: medium;"><font size="3">短信功能: 支持短信300條和彩信100條</font></span></p>\r\n<p align="left"><span style="font-size: medium;"><font size="3">話機通訊錄: 1000組名片式電話存儲 來電防火墻功能&nbsp; 來電大頭貼及來電鈴聲識別</font></span></p>\r\n<p align="left"><span style="font-size: medium;"><font size="3">通話記錄：支持電話錄音,恢復/靜音,雙音多頻,免提</font></span></p>\r\n<p>&nbsp;</p>\r\n<p><font size="3">高級功能</font></p>\r\n<p align="left"><span style="font-size: medium;"><font size="3">多媒體娛樂: 200萬像素，最大支持10240*960，11級數碼變焦,多種效果設置,連拍可全屏查看拍攝或下載的圖片.支持有聲MP4短片拍攝，錄像時間根據內存 大小而定，拍攝錄像,TV電視可跟朋友家人一起分享。支持網絡攝像頭功能 支持MPEG4、3GP(H.263)等視頻格式 支持MP3等音頻格式播放， 支持歌詞播放</font></span></p>\r\n<p align="left"><span style="font-size: medium;"><font size="3">內置遊戲:智能拼圖</font></span></p>\r\n<p align="left"><span style="font-size: medium;"><font size="3">擴展存儲功能:支持TF擴展,支持U盤功能,本機內置1M,隨機贈送256TF卡</font></span></p>\r\n<p align="left"><span style="font-size: medium;"><font size="3">高級功能:直板/智能PDA手寫/鍵盤輸入 超長待機 WAP上網&nbsp; 錄音 藍牙 FM收音機 電子書 Java擴展 TV電視輸出 聲控語音撥號 免費電視 來電防火墻&nbsp;&nbsp;&nbsp;</font></span></p>\r\n<p align="left"><span style="font-size: medium;"><font size="3">附加功能: 日歷 計算器 鬧鐘 記事本 日程表 秒表 單位換算</font></span></p>\r\n<p><span style="font-size: medium;"><font size="3">提醒 以上性能均為本公司員工試機後所寫,產品資料僅供參考,請以收到實物為準</font></span></p>', 'images/200905/thumb_img/21_thumb_G_1242109298150.jpg', 'images/200905/goods_img/21_G_1242109298873.jpg', 'images/200905/source_img/21_G_1242109298831.jpg', 1, '', 1, 1, 0, 20, 1241970634, 100, 0, 0, 0, 0, 0, 0, 1269589102, 9, '', -1, -1, NULL, NULL);
INSERT INTO `ecs_goods` VALUES (22, 3, 'ECS000022', '多普達Touch HD', '+', 15, 3, '', 1, 0.000, 7198.80, 5999.00, 0.00, 0, 0, 1, '500萬攝像頭 藍牙 手寫 GPS 辦公應用 語音撥號 2008年12月 黑色 GSM,850,900,1800,1900 直板', '', '<p><img src="http://xgone.xgou.com/xgoumanage/upload/20090325/2009032502045081100887.jpg" alt="" /></p>\r\n<p>&nbsp;</p>\r\n<p><img src="http://www.ouku.com/upimg/ouku/Image/002(1).jpg" alt="" /></p>\r\n<p>&nbsp;</p>\r\n<p>&nbsp;</p>', 'images/200905/thumb_img/22_thumb_G_1241971076803.jpg', 'images/200905/goods_img/22_G_1241971076358.jpg', 'images/200905/source_img/22_G_1241971076130.jpg', 1, '', 1, 1, 0, 59, 1241971076, 100, 0, 1, 1, 0, 0, 0, 1269589090, 9, '', -1, -1, NULL, NULL);
INSERT INTO `ecs_goods` VALUES (23, 5, 'ECS000023', '諾基亞N96', '+', 17, 1, '', 8, 0.000, 4440.00, 3700.00, 0.00, 0, 0, 1, '500萬攝像頭 microSD 工程塑料 藍牙 數碼相機 內置遊戲 滑蓋 高檔 2008年09月 320×240 像素 黑色', '', '<p>諾基亞N96采用了<strong><font size="3" color="#ff0000">雙向滑蓋</font></strong>設計，機身整體呈灰黑色，沈穩、大氣，機身材質采用了高強度的塑料材質，手機背面采用了拋光面板的設計風格。N96三維體積103*55*20mm，重量為125g。屏幕方面，諾基亞N96配備一塊<strong><font size="3" color="#ff0000">2.8英寸</font></strong>的屏幕，支持<strong><font size="3" color="#ff0000">1670萬色</font></strong>顯示，分辨率達到QVGA（320&times;240）水準。</p>\r\n<p><img alt="" src="file:///C:/DOCUME~1/user/LOCALS~1/Temp/moz-screenshot.jpg" /></p>\r\n<p>&nbsp;</p>\r\n<p>&nbsp;<img src="http://img2.zol.com.cn/product/21/896/ceN6LBMCid3X6.jpg" alt="" /></p>\r\n<p>諾基亞N96設置有專門的<strong><font size="3" color="#ff0000">音樂播放鍵</font></strong>和標準的3.5毫米音頻插口，支持多格式音樂播放。內置了<strong><font size="3" color="#ff0000">多媒體播放器</font></strong>，支持FM調頻收音機等娛樂功能。N96手機支持<strong><font size="3" color="#ff0000">N-Gage遊戲平臺</font></strong>，內置包括<font size="3" color="#ff0000"><strong>《PinBall》完整版</strong></font>在內的四款N-Gage遊戲，除了手機本身內置的遊戲，還可以從N-Gage的網站下載或者購買最新的遊戲，而且可以在論壇裏和其他玩家一起討論。</p>\r\n<p><img src="http://img2.zol.com.cn/product/21/898/cekkw57qJjSI.jpg" alt="" /></p>\r\n<p>&nbsp;</p>', 'images/200905/thumb_img/23_thumb_G_1241971556399.jpg', 'images/200905/goods_img/23_G_1241971556855.jpg', 'images/200905/source_img/23_G_1241971556256.jpg', 1, '', 1, 1, 0, 37, 1241971488, 100, 0, 1, 1, 0, 0, 0, 1269589078, 9, '', -1, -1, NULL, NULL);
INSERT INTO `ecs_goods` VALUES (24, 3, 'ECS000024', 'P806', '+', 35, 9, '', 100, 0.000, 2400.00, 2000.00, 1850.00, 1243785600, 1277827200, 1, '旅行充電器 圖形菜單 Wap 上網 紅外接口 移動 MSN 支持 2008年06月 灰色', '', '<div>\r\n<div>\r\n<div><font size="4">規格參數</font></div>\r\n<p><font size="4"><span>上市時間：</span><span>2008年06月</span></font></p>\r\n<p><font size="4"><span>網絡頻率：</span><span>GSM/GPRS；900/1800MHz</span></font></p>\r\n<p><font size="4"><span>重　量　：</span><span>未知</span></font></p>\r\n<p><font size="4"><span>尺寸/體積：</span><span>未知</span></font></p>\r\n<p><font size="4"><span>可選顏色：</span><span>銀色</span></font></p>\r\n<p><font size="4"><span>屏幕參數：</span><span>26萬色TFT彩色屏幕；</span></font></p>\r\n<p><font size="4"><span>WAP上網：</span><span>支持飛箋</span></font></p>\r\n<p><font size="4"><span>基本配置:<em><strong><font size="5" color="#ff00ff">二電(1760毫安) 一充 數據線 耳機 手寫筆 512M內存卡</font></strong></em></span></font></p>\r\n<p>&nbsp;</p>\r\n</div>\r\n</div>\r\n<div><font size="4">基本功能</font></div>\r\n<p><font size="4"><span>『時鐘』</span><span>『內置振動』</span><span>『錄音』</span><span>『可選鈴聲』</span></font></p>\r\n<p><font size="4"><span>『和弦鈴聲』</span><span>『MP3鈴聲』</span><span>『來電鈴聲識別』</span><span>『來電圖片識別』</span></font></p>\r\n<p><font size="4"><span>『情景模式』</span><span>『待機圖片』</span><span>『圖形菜單』</span><span>『觸摸屏』</span></font></p>\r\n<p><span><font size="4">『手寫輸入』</font></span></p>\r\n<div><font size="4">通信功能</font></div>\r\n<p><font size="4"><span>『雙卡雙待』</span><span>『內置天線』</span><span>『輸入法』</span><span>『中文短信』</span></font></p>\r\n<p><font size="4"><span>『短信群發』</span><span>『多媒體短信』</span><span>『話機通訊錄』</span><span>『通話記錄』</span></font></p>\r\n<p><font size="4"><span>『免提通話』</span><span>『飛行模式』</span></font></p>\r\n<div><font size="4">多媒體娛樂 :支持3GP、MP4文件播放</font></div>\r\n<p><font size="4"><span>『視頻播放』</span><span>『MP3播放器』</span></font></p>\r\n<p><font size="4"><span>多媒體卡擴展：</span><span>支持microSD卡擴展&nbsp;</span></font></p>\r\n<p><font size="4"><span>攝像頭：</span><span>內置</span></font></p>\r\n<p><font size="4"><span>攝像頭像素：</span><span>30萬像素</span></font></p>\r\n<p><font size="4"><span>傳感器類型：</span><span>CMOS</span></font></p>\r\n<p><font size="4"><span>變焦模式：</span><span>數碼變焦</span></font></p>\r\n<p><font size="4"><span>照片分辨率：</span><span>多種照片分辨率選擇</span></font></p>\r\n<p><font size="4"><span>拍攝模式：</span><span>多種拍攝模式選擇</span></font></p>\r\n<p><font size="4"><span>照片質量：</span><span>多種照片質量選擇</span></font></p>\r\n<p><font size="4"><span>視頻拍攝：</span><span>有聲視頻拍攝</span></font></p>\r\n<div><font size="4">數據傳輸</font></div>\r\n<p><font size="4"><span>『WAP瀏覽器』</span><span>『數據線接口』</span></font></p>\r\n<div><font size="4">個人助理</font></div>\r\n<p><font size="4"><span>『鬧鐘』</span><span>『日歷』</span><span>『計算器』</span></font></p>', 'images/200905/thumb_img/24_thumb_G_1241971981429.jpg', 'images/200905/goods_img/24_G_1241971981284.jpg', 'images/200905/source_img/24_G_1241971981107.jpg', 1, '', 1, 1, 0, 20, 1241971981, 100, 0, 1, 1, 1, 1, 0, 1269589064, 9, '', -1, -1, NULL, NULL);
INSERT INTO `ecs_goods` VALUES (25, 13, 'ECS000025', '小靈通/固話50元充值卡', '+', 0, 0, '', 2, 0.000, 57.59, 48.00, 0.00, 0, 0, 1, '', '', '', 'images/200905/thumb_img/25_thumb_G_1241972709885.jpg', 'images/200905/goods_img/25_G_1241972709544.jpg', 'images/200905/source_img/25_G_1241972709750.jpg', 0, 'virtual_card', 1, 1, 0, 0, 1241972709, 100, 0, 1, 0, 1, 0, 0, 1245047546, 0, '', -1, -1, NULL, NULL);
INSERT INTO `ecs_goods` VALUES (26, 13, 'ECS000026', '小靈通/固話20元充值卡', '+', 0, 0, '', 2, 0.000, 22.80, 19.00, 0.00, 0, 0, 1, '', '', '', 'images/200905/thumb_img/26_thumb_G_1241972789393.jpg', 'images/200905/goods_img/26_G_1241972789293.jpg', 'images/200905/source_img/26_G_1241972789353.jpg', 0, 'virtual_card', 1, 1, 0, 0, 1241972789, 100, 0, 0, 0, 1, 0, 0, 1245047540, 0, '', -1, -1, NULL, NULL);
INSERT INTO `ecs_goods` VALUES (27, 15, 'ECS000027', '聯通100元充值卡', '+', 0, 0, '', 2, 0.000, 100.00, 95.00, 0.00, 0, 0, 1, '', '', '', 'images/200905/thumb_img/27_thumb_G_1241972894068.jpg', 'images/200905/goods_img/27_G_1241972894061.jpg', 'images/200905/source_img/27_G_1241972894069.jpg', 0, 'virtual_card', 1, 1, 0, 0, 1241972894, 100, 0, 1, 1, 1, 0, 0, 1245047557, 0, '', -1, -1, NULL, NULL);
INSERT INTO `ecs_goods` VALUES (28, 15, 'ECS000028', '聯通50元充值卡', '+', 0, 0, '', 0, 0.000, 50.00, 45.00, 0.00, 0, 0, 1, '', '', '', 'images/200905/thumb_img/28_thumb_G_1241972976986.jpg', 'images/200905/goods_img/28_G_1241972976313.jpg', 'images/200905/source_img/28_G_1241972976695.jpg', 0, 'virtual_card', 1, 1, 0, 0, 1241972976, 100, 0, 0, 0, 1, 0, 0, 1245047542, 0, '', -1, -1, NULL, NULL);
INSERT INTO `ecs_goods` VALUES (29, 14, 'ECS000029', '移動100元充值卡', '+', 0, 0, '', 0, 0.000, 0.00, 90.00, 0.00, 0, 0, 1, '', '', '', 'images/200905/thumb_img/29_thumb_G_1241973022239.jpg', 'images/200905/goods_img/29_G_1241973022206.jpg', 'images/200905/source_img/29_G_1241973022514.jpg', 0, 'virtual_card', 1, 1, 0, 0, 1241973022, 100, 0, 1, 0, 1, 0, 0, 1245047543, 0, '', -1, -1, NULL, NULL);
INSERT INTO `ecs_goods` VALUES (30, 14, 'ECS000030', '移動20元充值卡', '+', 1, 0, '', 9, 0.000, 21.00, 18.00, 0.00, 0, 0, 1, '', '', '', 'images/200905/thumb_img/30_thumb_G_1241973114800.jpg', 'images/200905/goods_img/30_G_1241973114234.jpg', 'images/200905/source_img/30_G_1241973114587.jpg', 0, 'virtual_card', 1, 1, 0, 0, 1241973114, 100, 0, 1, 0, 1, 0, 0, 1245047549, 0, '', -1, -1, NULL, NULL);
INSERT INTO `ecs_goods` VALUES (31, 3, 'ECS000031', '摩托羅拉E8 ', '+', 5, 2, '', 1, 0.000, 1604.39, 1337.00, 0.00, 0, 0, 1, '直板', '', '', 'images/200905/thumb_img/31_thumb_G_1242110412996.jpg', 'images/200905/goods_img/31_G_1242110412332.jpg', 'images/200905/source_img/31_G_1242110412519.jpg', 1, '', 0, 1, 0, 13, 1242110412, 100, 0, 0, 0, 0, 0, 0, 1242140652, 7, '', -1, -1, NULL, NULL);
INSERT INTO `ecs_goods` VALUES (32, 3, 'ECS000032', '諾基亞N85', '+', 9, 1, '', 4, 0.000, 3612.00, 3010.00, 2750.00, 1243785600, 1417276800, 1, '2008年10月 GSM,850,900,1800,1900 黑色', '', '<p>諾基亞N85參數</p>\r\n<div>&nbsp;</div>\r\n<div>\r\n<table width="100%" cellspacing="1" cellpadding="0" border="0" bgcolor="#c5d7ed">\r\n    <tbody>\r\n        <tr>\r\n            <td bgcolor="#f1f7fc" colspan="2">\r\n            <p><b>基本參數</b></p>\r\n            </td>\r\n        </tr>\r\n        <tr>\r\n            <td width="100" valign="center" bgcolor="#ffffff" align="left">手機昵稱</td>\r\n            <td width="450" bgcolor="#ffffff">N85</td>\r\n        </tr>\r\n        <tr>\r\n            <td width="100" valign="center" bgcolor="#ffffff" align="left">上市日期</td>\r\n            <td width="450" bgcolor="#ffffff">2008年10月</td>\r\n        </tr>\r\n        <tr>\r\n            <td width="100" valign="center" bgcolor="#ffffff" align="left">手機類型</td>\r\n            <td width="450" bgcolor="#ffffff">3G手機；拍照手機；智能手機</td>\r\n        </tr>\r\n        <tr>\r\n            <td width="100" valign="center" bgcolor="#ffffff" align="left">手機制式</td>\r\n            <td width="450" bgcolor="#ffffff">GSM</td>\r\n        </tr>\r\n        <tr>\r\n            <td width="100" valign="center" bgcolor="#ffffff" align="left">支持頻段</td>\r\n            <td width="450" bgcolor="#ffffff">GSM850/900/1800/1900MHz</td>\r\n        </tr>\r\n        <tr>\r\n            <td width="100" valign="center" bgcolor="#ffffff" align="left">數據傳輸</td>\r\n            <td width="450" bgcolor="#ffffff">GPRS、EDGE</td>\r\n        </tr>\r\n        <tr>\r\n            <td width="100" valign="center" bgcolor="#ffffff" align="left">屏幕材質</td>\r\n            <td width="450" bgcolor="#ffffff">AMOLED</td>\r\n        </tr>\r\n        <tr>\r\n            <td width="100" valign="center" bgcolor="#ffffff" align="left">屏幕色彩</td>\r\n            <td width="450" bgcolor="#ffffff">1600萬色</td>\r\n        </tr>\r\n        <tr>\r\n            <td width="100" valign="center" bgcolor="#ffffff" align="left">主屏尺寸</td>\r\n            <td width="450" bgcolor="#ffffff">2.6英寸</td>\r\n        </tr>\r\n        <tr>\r\n            <td width="100" valign="center" bgcolor="#ffffff" align="left">主屏參數</td>\r\n            <td width="450" bgcolor="#ffffff">QVGA 320&times;240像素</td>\r\n        </tr>\r\n        <tr>\r\n            <td width="100" valign="center" bgcolor="#ffffff" align="left">鈴音描述</td>\r\n            <td width="450" bgcolor="#ffffff">可選MP3、WAV、AAC或和弦Midi鈴聲等格式</td>\r\n        </tr>\r\n        <tr>\r\n            <td width="100" valign="center" bgcolor="#ffffff" align="left">操作系統</td>\r\n            <td width="450" bgcolor="#ffffff">Symbian OS v9.3操作系統與S60 v3.2平臺的組合</td>\r\n        </tr>\r\n        <tr>\r\n            <td width="100" valign="center" bgcolor="#ffffff" align="left">機身內存</td>\r\n            <td width="450" bgcolor="#ffffff">74MB 內部動態存儲空間<br />\r\n            78MB 內置NAND閃存</td>\r\n        </tr>\r\n        <tr>\r\n            <td width="100" valign="center" bgcolor="#ffffff" align="left">存儲卡</td>\r\n            <td width="450" bgcolor="#ffffff">支持MicroSD(T-Flash)卡擴展最大至8GB</td>\r\n        </tr>\r\n        <tr>\r\n            <td width="100" valign="center" bgcolor="#ffffff" align="left">電池規格</td>\r\n            <td width="450" bgcolor="#ffffff">1200毫安時鋰電池</td>\r\n        </tr>\r\n        <tr>\r\n            <td width="100" valign="center" bgcolor="#ffffff" align="left">標配</td>\r\n            <td width="450" bgcolor="#ffffff">諾基亞 N85<br />\r\n            諾基亞電池（BL-5K）<br />\r\n            諾基亞旅行充電器（AC-10）<br />\r\n            諾基亞視頻數據線（CA-75U）<br />\r\n            諾基亞數據線（CA-101）<br />\r\n            諾基亞音樂耳機（HS-45、AD-54）<br />\r\n            諾基亞 8 GB microSD 卡（MU-43）<br />\r\n            《用戶手冊》<br />\r\n            《快速入門》</td>\r\n        </tr>\r\n        <tr>\r\n            <td width="100" valign="center" bgcolor="#ffffff" align="left">理論通話時間</td>\r\n            <td width="450" bgcolor="#ffffff">6.9 小時</td>\r\n        </tr>\r\n        <tr>\r\n            <td width="100" valign="center" bgcolor="#ffffff" align="left">理論待機時間</td>\r\n            <td width="450" bgcolor="#ffffff">363 小時</td>\r\n        </tr>\r\n        <tr>\r\n            <td bgcolor="#f1f7fc" colspan="2">\r\n            <p><b>產品外形</b></p>\r\n            </td>\r\n        </tr>\r\n        <tr>\r\n            <td width="100" valign="center" bgcolor="#ffffff" align="left">外觀設計</td>\r\n            <td width="450" bgcolor="#ffffff">雙向滑蓋</td>\r\n        </tr>\r\n        <tr>\r\n            <td width="100" valign="center" bgcolor="#ffffff" align="left">產品尺寸</td>\r\n            <td width="450" bgcolor="#ffffff">103&times;50&times;16mm<br />\r\n            體積：76 立方厘米</td>\r\n        </tr>\r\n        <tr>\r\n            <td width="100" valign="center" bgcolor="#ffffff" align="left">手機重量</td>\r\n            <td width="450" bgcolor="#ffffff">128克</td>\r\n        </tr>\r\n        <tr>\r\n            <td width="100" valign="center" bgcolor="#ffffff" align="left">產品天線</td>\r\n            <td width="450" bgcolor="#ffffff">內置</td>\r\n        </tr>\r\n        <tr>\r\n            <td bgcolor="#f1f7fc" colspan="2">\r\n            <p><b>拍照功能</b></p>\r\n            </td>\r\n        </tr>\r\n        <tr>\r\n            <td width="550" valign="center" bgcolor="#ffffff" align="left" style="padding: 8px 0px;" colspan="2">\r\n            <table cellspacing="1" cellpadding="0" border="0" align="left">\r\n                <tbody>\r\n                    <tr>\r\n                        <td width="100" style="padding: 5px 0px 5px 10px;">\r\n                        <table width="100%" cellspacing="1" cellpadding="0" border="0" bgcolor="#c5d7ed">\r\n                            <tbody>\r\n                                <tr>\r\n                                    <td width="100%" bgcolor="#f1f7fc" align="middle" style="padding: 2px; font-weight: bold;">定時器</td>\r\n                                </tr>\r\n                            </tbody>\r\n                        </table>\r\n                        </td>\r\n                        <td width="100" style="padding: 5px 0px 5px 10px;">&nbsp;</td>\r\n                    </tr>\r\n                </tbody>\r\n            </table>\r\n            </td>\r\n        </tr>\r\n        <tr>\r\n            <td width="100" valign="center" bgcolor="#ffffff" align="left">攝像頭</td>\r\n            <td width="450" bgcolor="#ffffff">內置</td>\r\n        </tr>\r\n        <tr>\r\n            <td width="100" valign="center" bgcolor="#ffffff" align="left">攝像頭像素</td>\r\n            <td width="450" bgcolor="#ffffff">500萬像素</td>\r\n        </tr>\r\n        <tr>\r\n            <td width="100" valign="center" bgcolor="#ffffff" align="left">連拍功能</td>\r\n            <td width="450" bgcolor="#ffffff">支持</td>\r\n        </tr>\r\n        <tr>\r\n            <td width="100" valign="center" bgcolor="#ffffff" align="left">LED閃光燈</td>\r\n            <td width="450" bgcolor="#ffffff">雙LED 閃光燈</td>\r\n        </tr>\r\n        <tr>\r\n            <td width="100" valign="center" bgcolor="#ffffff" align="left">數碼變焦</td>\r\n            <td width="450" bgcolor="#ffffff">20 倍數碼變焦</td>\r\n        </tr>\r\n        <tr>\r\n            <td width="100" valign="center" bgcolor="#ffffff" align="left">拍攝模式</td>\r\n            <td width="450" bgcolor="#ffffff">靜止、連拍、自動定時器、攝像</td>\r\n        </tr>\r\n        <tr>\r\n            <td width="100" valign="center" bgcolor="#ffffff" align="left">照片特效</td>\r\n            <td width="450" bgcolor="#ffffff">正常、懷舊、黑白、負片、逼真</td>\r\n        </tr>\r\n        <tr>\r\n            <td width="100" valign="center" bgcolor="#ffffff" align="left">拍照描述</td>\r\n            <td width="450" bgcolor="#ffffff">支持最大2592&times;1944分辨率照片拍攝<br />\r\n            支持JPEG、Exif格式<br />\r\n            白平衡模式：自動、陽光、陰天、白熾燈、熒光燈<br />\r\n            感光度模式：高、中、低、自動</td>\r\n        </tr>\r\n        <tr>\r\n            <td width="100" valign="center" bgcolor="#ffffff" align="left">視頻拍攝</td>\r\n            <td width="450" bgcolor="#ffffff">最高支持640 x 480 像素（VGA）、30 幀/秒</td>\r\n        </tr>\r\n        <tr>\r\n            <td bgcolor="#f1f7fc" colspan="2">\r\n            <p><b>娛樂功能</b></p>\r\n            </td>\r\n        </tr>\r\n        <tr>\r\n            <td width="550" valign="center" bgcolor="#ffffff" align="left" style="padding: 8px 0px;" colspan="2">\r\n            <table cellspacing="1" cellpadding="0" border="0" align="left">\r\n                <tbody>\r\n                    <tr>\r\n                        <td width="100" style="padding: 5px 0px 5px 10px;">\r\n                        <table width="100%" cellspacing="1" cellpadding="0" border="0" bgcolor="#c5d7ed">\r\n                            <tbody>\r\n                                <tr>\r\n                                    <td width="100%" bgcolor="#f1f7fc" align="middle" style="padding: 2px; font-weight: bold;">收音機</td>\r\n                                </tr>\r\n                            </tbody>\r\n                        </table>\r\n                        </td>\r\n                        <td width="100" style="padding: 5px 0px 5px 10px;">\r\n                        <table width="100%" cellspacing="1" cellpadding="0" border="0" bgcolor="#c5d7ed">\r\n                            <tbody>\r\n                                <tr>\r\n                                    <td width="100%" bgcolor="#f1f7fc" align="middle" style="padding: 2px; font-weight: bold;">TV-OUT</td>\r\n                                </tr>\r\n                            </tbody>\r\n                        </table>\r\n                        </td>\r\n                        <td width="100" style="padding: 5px 0px 5px 10px;">\r\n                        <table width="100%" cellspacing="1" cellpadding="0" border="0" bgcolor="#c5d7ed">\r\n                            <tbody>\r\n                                <tr>\r\n                                    <td width="100%" bgcolor="#f1f7fc" align="middle" style="padding: 2px; font-weight: bold;">錄音功能</td>\r\n                                </tr>\r\n                            </tbody>\r\n                        </table>\r\n                        </td>\r\n                        <td width="100" style="padding: 5px 0px 5px 10px;">\r\n                        <table width="100%" cellspacing="1" cellpadding="0" border="0" bgcolor="#c5d7ed">\r\n                            <tbody>\r\n                                <tr>\r\n                                    <td width="100%" bgcolor="#f1f7fc" align="middle" style="padding: 2px; font-weight: bold;">電子書</td>\r\n                                </tr>\r\n                            </tbody>\r\n                        </table>\r\n                        </td>\r\n                        <td width="100" style="padding: 5px 0px 5px 10px;">&nbsp;</td>\r\n                    </tr>\r\n                </tbody>\r\n            </table>\r\n            </td>\r\n        </tr>\r\n        <tr>\r\n            <td width="100" valign="center" bgcolor="#ffffff" align="left">視頻播放</td>\r\n            <td width="450" bgcolor="#ffffff">內置RealPlayer播放器, 支持MPEG4、H.264/AVC、H.263/3GP、RealVideo等視頻格式全屏播放</td>\r\n        </tr>\r\n        <tr>\r\n            <td width="100" valign="center" bgcolor="#ffffff" align="left">音樂播放</td>\r\n            <td width="450" bgcolor="#ffffff">內置播放器, 支持mp3、.wma、.aac、eAAC、eAAC+格式</td>\r\n        </tr>\r\n        <tr>\r\n            <td width="100" valign="center" bgcolor="#ffffff" align="left">遊戲</td>\r\n            <td width="450" bgcolor="#ffffff">內置</td>\r\n        </tr>\r\n        <tr>\r\n            <td width="100" valign="center" bgcolor="#ffffff" align="left">Java功能</td>\r\n            <td width="450" bgcolor="#ffffff">支持Java MIDP 2.0 CLDC 1.1</td>\r\n        </tr>\r\n        <tr>\r\n            <td width="100" valign="center" bgcolor="#ffffff" align="left">Flash功能</td>\r\n            <td width="450" bgcolor="#ffffff">第3.0版Flash lite播放器</td>\r\n        </tr>\r\n        <tr>\r\n            <td bgcolor="#f1f7fc" colspan="2">\r\n            <p><b>數據功能</b></p>\r\n            </td>\r\n        </tr>\r\n        <tr>\r\n            <td width="550" valign="center" bgcolor="#ffffff" align="left" style="padding: 8px 0px;" colspan="2">\r\n            <table cellspacing="1" cellpadding="0" border="0" align="left">\r\n                <tbody>\r\n                    <tr>\r\n                        <td width="100" style="padding: 5px 0px 5px 10px;">\r\n                        <table width="100%" cellspacing="1" cellpadding="0" border="0" bgcolor="#c5d7ed">\r\n                            <tbody>\r\n                                <tr>\r\n                                    <td width="100%" bgcolor="#f1f7fc" align="middle" style="padding: 2px; font-weight: bold;">藍牙功能</td>\r\n                                </tr>\r\n                            </tbody>\r\n                        </table>\r\n                        </td>\r\n                        <td width="100" style="padding: 5px 0px 5px 10px;">&nbsp;</td>\r\n                    </tr>\r\n                </tbody>\r\n            </table>\r\n            </td>\r\n        </tr>\r\n        <tr>\r\n            <td width="100" valign="center" bgcolor="#ffffff" align="left">數據線接口</td>\r\n            <td width="450" bgcolor="#ffffff">USB數據線 3.5mm立體聲耳機插孔</td>\r\n        </tr>\r\n        <tr>\r\n            <td bgcolor="#f1f7fc" colspan="2">\r\n            <p><b>基本功能</b></p>\r\n            </td>\r\n        </tr>\r\n        <tr>\r\n            <td width="550" valign="center" bgcolor="#ffffff" align="left" style="padding: 8px 0px;" colspan="2">\r\n            <table cellspacing="1" cellpadding="0" border="0" align="left">\r\n                <tbody>\r\n                    <tr>\r\n                        <td width="100" style="padding: 5px 0px 5px 10px;">\r\n                        <table width="100%" cellspacing="1" cellpadding="0" border="0" bgcolor="#c5d7ed">\r\n                            <tbody>\r\n                                <tr>\r\n                                    <td width="100%" bgcolor="#f1f7fc" align="middle" style="padding: 2px; font-weight: bold;">短信(SMS)</td>\r\n                                </tr>\r\n                            </tbody>\r\n                        </table>\r\n                        </td>\r\n                        <td width="100" style="padding: 5px 0px 5px 10px;">\r\n                        <table width="100%" cellspacing="1" cellpadding="0" border="0" bgcolor="#c5d7ed">\r\n                            <tbody>\r\n                                <tr>\r\n                                    <td width="100%" bgcolor="#f1f7fc" align="middle" style="padding: 2px; font-weight: bold;">彩信(MMS)</td>\r\n                                </tr>\r\n                            </tbody>\r\n                        </table>\r\n                        </td>\r\n                        <td width="100" style="padding: 5px 0px 5px 10px;">\r\n                        <table width="100%" cellspacing="1" cellpadding="0" border="0" bgcolor="#c5d7ed">\r\n                            <tbody>\r\n                                <tr>\r\n                                    <td width="100%" bgcolor="#f1f7fc" align="middle" style="padding: 2px; font-weight: bold;">免提通話</td>\r\n                                </tr>\r\n                            </tbody>\r\n                        </table>\r\n                        </td>\r\n                        <td width="100" style="padding: 5px 0px 5px 10px;">\r\n                        <table width="100%" cellspacing="1" cellpadding="0" border="0" bgcolor="#c5d7ed">\r\n                            <tbody>\r\n                                <tr>\r\n                                    <td width="100%" bgcolor="#f1f7fc" align="middle" style="padding: 2px; font-weight: bold;">情景模式</td>\r\n                                </tr>\r\n                            </tbody>\r\n                        </table>\r\n                        </td>\r\n                        <td width="100" style="padding: 5px 0px 5px 10px;">\r\n                        <table width="100%" cellspacing="1" cellpadding="0" border="0" bgcolor="#c5d7ed">\r\n                            <tbody>\r\n                                <tr>\r\n                                    <td width="100%" bgcolor="#f1f7fc" align="middle" style="padding: 2px; font-weight: bold;">鬧鐘功能</td>\r\n                                </tr>\r\n                            </tbody>\r\n                        </table>\r\n                        </td>\r\n                    </tr>\r\n                    <tr>\r\n                        <td width="100" style="padding: 5px 0px 5px 10px;">\r\n                        <table width="100%" cellspacing="1" cellpadding="0" border="0" bgcolor="#c5d7ed">\r\n                            <tbody>\r\n                                <tr>\r\n                                    <td width="100%" bgcolor="#f1f7fc" align="middle" style="padding: 2px; font-weight: bold;">日歷功能</td>\r\n                                </tr>\r\n                            </tbody>\r\n                        </table>\r\n                        </td>\r\n                        <td width="100" style="padding: 5px 0px 5px 10px;">&nbsp;</td>\r\n                    </tr>\r\n                </tbody>\r\n            </table>\r\n            </td>\r\n        </tr>\r\n        <tr>\r\n            <td width="100" valign="center" bgcolor="#ffffff" align="left">輸入方式</td>\r\n            <td width="450" bgcolor="#ffffff">鍵盤</td>\r\n        </tr>\r\n        <tr>\r\n            <td width="100" valign="center" bgcolor="#ffffff" align="left">通話記錄</td>\r\n            <td width="450" bgcolor="#ffffff">未接來電+已接來電+已撥電話記錄</td>\r\n        </tr>\r\n        <tr>\r\n            <td width="100" valign="center" bgcolor="#ffffff" align="left">通訊錄</td>\r\n            <td width="450" bgcolor="#ffffff">S60標準化名片式通訊錄</td>\r\n        </tr>\r\n        <tr>\r\n            <td bgcolor="#f1f7fc" colspan="2">\r\n            <p><b>網絡功能</b></p>\r\n            </td>\r\n        </tr>\r\n        <tr>\r\n            <td width="550" valign="center" bgcolor="#ffffff" align="left" style="padding: 8px 0px;" colspan="2">\r\n            <table cellspacing="1" cellpadding="0" border="0" align="left">\r\n                <tbody>\r\n                    <tr>\r\n                        <td width="100" style="padding: 5px 0px 5px 10px;">\r\n                        <table width="100%" cellspacing="1" cellpadding="0" border="0" bgcolor="#c5d7ed">\r\n                            <tbody>\r\n                                <tr>\r\n                                    <td width="100%" bgcolor="#f1f7fc" align="middle" style="padding: 2px; font-weight: bold;">電子郵件</td>\r\n                                </tr>\r\n                            </tbody>\r\n                        </table>\r\n                        </td>\r\n                        <td width="100" style="padding: 5px 0px 5px 10px;">\r\n                        <table width="100%" cellspacing="1" cellpadding="0" border="0" bgcolor="#c5d7ed">\r\n                            <tbody>\r\n                                <tr>\r\n                                    <td width="100%" bgcolor="#f1f7fc" align="middle" style="padding: 2px; font-weight: bold;">WWW瀏覽器</td>\r\n                                </tr>\r\n                            </tbody>\r\n                        </table>\r\n                        </td>\r\n                        <td width="100" style="padding: 5px 0px 5px 10px;">\r\n                        <table width="100%" cellspacing="1" cellpadding="0" border="0" bgcolor="#c5d7ed">\r\n                            <tbody>\r\n                                <tr>\r\n                                    <td width="100%" bgcolor="#f1f7fc" align="middle" style="padding: 2px; font-weight: bold;">WAP瀏覽器</td>\r\n                                </tr>\r\n                            </tbody>\r\n                        </table>\r\n                        </td>\r\n                        <td width="100" style="padding: 5px 0px 5px 10px;">&nbsp;</td>\r\n                    </tr>\r\n                </tbody>\r\n            </table>\r\n            </td>\r\n        </tr>\r\n        <tr>\r\n            <td bgcolor="#f1f7fc" colspan="2">\r\n            <p><b>商務功能</b></p>\r\n            </td>\r\n        </tr>\r\n        <tr>\r\n            <td width="550" valign="center" bgcolor="#ffffff" align="left" style="padding: 8px 0px;" colspan="2">\r\n            <table cellspacing="1" cellpadding="0" border="0" align="left">\r\n                <tbody>\r\n                    <tr>\r\n                        <td width="100" style="padding: 5px 0px 5px 10px;">\r\n                        <table width="100%" cellspacing="1" cellpadding="0" border="0" bgcolor="#c5d7ed">\r\n                            <tbody>\r\n                                <tr>\r\n                                    <td width="100%" bgcolor="#f1f7fc" align="middle" style="padding: 2px; font-weight: bold;">飛行模式</td>\r\n                                </tr>\r\n                            </tbody>\r\n                        </table>\r\n                        </td>\r\n                        <td width="100" style="padding: 5px 0px 5px 10px;">\r\n                        <table width="100%" cellspacing="1" cellpadding="0" border="0" bgcolor="#c5d7ed">\r\n                            <tbody>\r\n                                <tr>\r\n                                    <td width="100%" bgcolor="#f1f7fc" align="middle" style="padding: 2px; font-weight: bold;">語音撥號</td>\r\n                                </tr>\r\n                            </tbody>\r\n                        </table>\r\n                        </td>\r\n                        <td width="100" style="padding: 5px 0px 5px 10px;">\r\n                        <table width="100%" cellspacing="1" cellpadding="0" border="0" bgcolor="#c5d7ed">\r\n                            <tbody>\r\n                                <tr>\r\n                                    <td width="100%" bgcolor="#f1f7fc" align="middle" style="padding: 2px; font-weight: bold;">備忘錄</td>\r\n                                </tr>\r\n                            </tbody>\r\n                        </table>\r\n                        </td>\r\n                        <td width="100" style="padding: 5px 0px 5px 10px;">\r\n                        <table width="100%" cellspacing="1" cellpadding="0" border="0" bgcolor="#c5d7ed">\r\n                            <tbody>\r\n                                <tr>\r\n                                    <td width="100%" bgcolor="#f1f7fc" align="middle" style="padding: 2px; font-weight: bold;">日程表</td>\r\n                                </tr>\r\n                            </tbody>\r\n                        </table>\r\n                        </td>\r\n                        <td width="100" style="padding: 5px 0px 5px 10px;">\r\n                        <table width="100%" cellspacing="1" cellpadding="0" border="0" bgcolor="#c5d7ed">\r\n                            <tbody>\r\n                                <tr>\r\n                                    <td width="100%" bgcolor="#f1f7fc" align="middle" style="padding: 2px; font-weight: bold;">世界時間</td>\r\n                                </tr>\r\n                            </tbody>\r\n                        </table>\r\n                        </td>\r\n                    </tr>\r\n                    <tr>\r\n                        <td width="100" style="padding: 5px 0px 5px 10px;">&nbsp;</td>\r\n                    </tr>\r\n                </tbody>\r\n            </table>\r\n            </td>\r\n        </tr>\r\n        <tr>\r\n            <td bgcolor="#f1f7fc" colspan="2">\r\n            <p><b>其他功能</b></p>\r\n            </td>\r\n        </tr>\r\n        <tr>\r\n            <td width="550" valign="center" bgcolor="#ffffff" align="left" style="padding: 8px 0px;" colspan="2">\r\n            <table cellspacing="1" cellpadding="0" border="0" align="left">\r\n                <tbody>\r\n                    <tr>\r\n                        <td width="100" style="padding: 5px 0px 5px 10px;">\r\n                        <table width="100%" cellspacing="1" cellpadding="0" border="0" bgcolor="#c5d7ed">\r\n                            <tbody>\r\n                                <tr>\r\n                                    <td width="100%" bgcolor="#f1f7fc" align="middle" style="padding: 2px; font-weight: bold;">GPS功能</td>\r\n                                </tr>\r\n                            </tbody>\r\n                        </table>\r\n                        </td>\r\n                        <td width="100" style="padding: 5px 0px 5px 10px;">\r\n                        <table width="100%" cellspacing="1" cellpadding="0" border="0" bgcolor="#c5d7ed">\r\n                            <tbody>\r\n                                <tr>\r\n                                    <td width="100%" bgcolor="#f1f7fc" align="middle" style="padding: 2px; font-weight: bold;">電子詞典</td>\r\n                                </tr>\r\n                            </tbody>\r\n                        </table>\r\n                        </td>\r\n                        <td width="100" style="padding: 5px 0px 5px 10px;">\r\n                        <table width="100%" cellspacing="1" cellpadding="0" border="0" bgcolor="#c5d7ed">\r\n                            <tbody>\r\n                                <tr>\r\n                                    <td width="100%" bgcolor="#f1f7fc" align="middle" style="padding: 2px; font-weight: bold;">待機圖片</td>\r\n                                </tr>\r\n                            </tbody>\r\n                        </table>\r\n                        </td>\r\n                        <td width="100" style="padding: 5px 0px 5px 10px;">\r\n                        <table width="100%" cellspacing="1" cellpadding="0" border="0" bgcolor="#c5d7ed">\r\n                            <tbody>\r\n                                <tr>\r\n                                    <td width="100%" bgcolor="#f1f7fc" align="middle" style="padding: 2px; font-weight: bold;">計算器</td>\r\n                                </tr>\r\n                            </tbody>\r\n                        </table>\r\n                        </td>\r\n                        <td width="100" style="padding: 5px 0px 5px 10px;">\r\n                        <table width="100%" cellspacing="1" cellpadding="0" border="0" bgcolor="#c5d7ed">\r\n                            <tbody>\r\n                                <tr>\r\n                                    <td width="100%" bgcolor="#f1f7fc" align="middle" style="padding: 2px; font-weight: bold;">來電鈴聲識別</td>\r\n                                </tr>\r\n                            </tbody>\r\n                        </table>\r\n                        </td>\r\n                    </tr>\r\n                    <tr>\r\n                        <td width="100" style="padding: 5px 0px 5px 10px;">\r\n                        <table width="100%" cellspacing="1" cellpadding="0" border="0" bgcolor="#c5d7ed">\r\n                            <tbody>\r\n                                <tr>\r\n                                    <td width="100%" bgcolor="#f1f7fc" align="middle" style="padding: 2px; font-weight: bold;">來電圖片識別</td>\r\n                                </tr>\r\n                            </tbody>\r\n                        </table>\r\n                        </td>\r\n                        <td width="100" style="padding: 5px 0px 5px 10px;">\r\n                        <table width="100%" cellspacing="1" cellpadding="0" border="0" bgcolor="#c5d7ed">\r\n                            <tbody>\r\n                                <tr>\r\n                                    <td width="100%" bgcolor="#f1f7fc" align="middle" style="padding: 2px; font-weight: bold;">來電防火墻</td>\r\n                                </tr>\r\n                            </tbody>\r\n                        </table>\r\n                        </td>\r\n                        <td width="100" style="padding: 5px 0px 5px 10px;">\r\n                        <table width="100%" cellspacing="1" cellpadding="0" border="0" bgcolor="#c5d7ed">\r\n                            <tbody>\r\n                                <tr>\r\n                                    <td width="100%" bgcolor="#f1f7fc" align="middle" style="padding: 2px; font-weight: bold;">動畫屏保</td>\r\n                                </tr>\r\n                            </tbody>\r\n                        </table>\r\n                        </td>\r\n                        <td width="100" style="padding: 5px 0px 5px 10px;">\r\n                        <table width="100%" cellspacing="1" cellpadding="0" border="0" bgcolor="#c5d7ed">\r\n                            <tbody>\r\n                                <tr>\r\n                                    <td width="100%" bgcolor="#f1f7fc" align="middle" style="padding: 2px; font-weight: bold;">圖形菜單</td>\r\n                                </tr>\r\n                            </tbody>\r\n                        </table>\r\n                        </td>\r\n                        <td width="100" style="padding: 5px 0px 5px 10px;">\r\n                        <table width="100%" cellspacing="1" cellpadding="0" border="0" bgcolor="#c5d7ed">\r\n                            <tbody>\r\n                                <tr>\r\n                                    <td width="100%" bgcolor="#f1f7fc" align="middle" style="padding: 2px; font-weight: bold;">秒表</td>\r\n                                </tr>\r\n                            </tbody>\r\n                        </table>\r\n                        </td>\r\n                    </tr>\r\n                    <tr>\r\n                        <td width="100" style="padding: 5px 0px 5px 10px;">\r\n                        <table width="100%" cellspacing="1" cellpadding="0" border="0" bgcolor="#c5d7ed">\r\n                            <tbody>\r\n                                <tr>\r\n                                    <td width="100%" bgcolor="#f1f7fc" align="middle" style="padding: 2px; font-weight: bold;">單位換算</td>\r\n                                </tr>\r\n                            </tbody>\r\n                        </table>\r\n                        </td>\r\n                        <td width="100" style="padding: 5px 0px 5px 10px;">\r\n                        <table width="100%" cellspacing="1" cellpadding="0" border="0">\r\n                            <tbody>\r\n                                <tr>\r\n                                    <td width="100%" align="middle" style="padding: 2px; float: none;">&nbsp;</td>\r\n                                </tr>\r\n                            </tbody>\r\n                        </table>\r\n                        </td>\r\n                    </tr>\r\n                </tbody>\r\n            </table>\r\n            </td>\r\n        </tr>\r\n    </tbody>\r\n</table>\r\n</div>\r\n<p>&nbsp;</p>', 'images/200905/thumb_img/32_thumb_G_1242110760196.jpg', 'images/200905/goods_img/32_G_1242110760868.jpg', 'images/200905/source_img/32_G_1242110760437.jpg', 1, '', 1, 1, 0, 30, 1242110760, 100, 0, 0, 1, 1, 1, 0, 1269589051, 9, '', -1, -1, NULL, NULL);


--
-- `ecs_goods_activity`
--
INSERT INTO `ecs_goods_activity` (`act_id`, `act_name`, `act_desc`, `act_type`, `goods_id`, `product_id`, `goods_name`, `start_time`, `end_time`, `is_finished`, `ext_info`) VALUES
(1, '奪寶奇兵之諾基亞N96', '新一輪的奪寶開始了\n本期是 諾基亞n96', 0, 23, 0, '諾基亞N96', 1242107580, 1242193980, 0, 'a:4:{s:11:"start_price";s:4:"1.00";s:9:"end_price";s:6:"800.00";s:9:"max_price";i:0;s:11:"cost_points";s:1:"1";}'),
(2, '奪寶奇兵之夏新N7', '本期的奪寶獎品是 夏新N7', 0, 17, 0, '夏新N7', 1242107820, 1250661420, 0, 'a:4:{s:11:"start_price";s:4:"1.00";s:9:"end_price";s:6:"800.00";s:9:"max_price";i:0;s:11:"cost_points";s:1:"1";}'),
(3, 'P806', '本期團購活動——聯想新品P806\n團購買的多優惠多', 1, 24, 0, 'P806', 1241971200, 1242403200, 3, 'a:4:{s:12:"price_ladder";a:3:{i:0;a:2:{s:6:"amount";i:10;s:5:"price";d:1850;}i:1;a:2:{s:6:"amount";i:15;s:5:"price";d:1800;}i:2;a:2:{s:6:"amount";i:20;s:5:"price";d:1780;}}s:15:"restrict_amount";i:0;s:13:"gift_integral";i:0;s:7:"deposit";d:1000;}'),
(4, '拍賣活動——索愛C702c', '', 2, 10, 0, '索愛C702c', 1242144000, 1242403200, 0, 'a:5:{s:7:"deposit";d:0;s:11:"start_price";d:0;s:9:"end_price";i:0;s:9:"amplitude";d:20;s:6:"no_top";i:1;}'),
(5, '摩托羅拉E8 大禮包', '禮包大優惠', 4, 31, 0, '摩托羅拉E8 ', 1242110400, 1252046400, 0, 'a:1:{s:13:"package_price";s:4:"1430";}'),
(6, '諾基亞N85大禮包', '諾基亞N85超值大禮包', 4, 32, 0, '諾基亞N85', 1242110760, 1248936360, 0, 'a:1:{s:13:"package_price";s:4:"3150";}'),
(7, '拍賣活動——索愛C702c(第2期)', '拍賣活動————索愛C702c （第2期）', 2, 10, 0, '索愛C702c', 1241712000, 1274803200, 0, 'a:5:{s:7:"deposit";d:50;s:11:"start_price";d:0;s:9:"end_price";i:0;s:9:"amplitude";d:50;s:6:"no_top";i:1;}'),
(8, 'P806', '團購第2期', 1, 24, 0, 'P806', 1242316800, 1274803200, 0, 'a:4:{s:12:"price_ladder";a:2:{i:0;a:2:{s:6:"amount";i:5;s:5:"price";d:1910;}i:1;a:2:{s:6:"amount";i:10;s:5:"price";d:1860;}}s:15:"restrict_amount";i:0;s:13:"gift_integral";i:0;s:7:"deposit";d:1000;}');

--
-- `ecs_goods_article`
--
INSERT INTO `ecs_goods_article` (`goods_id`, `article_id`, `admin_id`) VALUES
(1, 27, 1),
(8, 28, 0),
(9, 8, 1),
(13, 29, 0),
(14, 29, 0),
(14, 31, 0),
(23, 8, 1),
(23, 30, 0),
(23, 31, 0),
(32, 8, 1),
(32, 30, 0);
--
-- `ecs_goods_attr`
--
INSERT INTO `ecs_goods_attr` (`goods_attr_id`, `goods_id`, `attr_id`, `attr_value`, `attr_price`) VALUES
(238, 1, 173, 'GSM,850,900,1800,1900', '0'),
(237, 1, 185, '灰色', ''),
(236, 1, 191, '支持', '0'),
(235, 1, 190, '支持', '0'),
(234, 1, 189, '2.4英寸', '0'),
(233, 1, 172, '2008年04月', '0'),
(228, 9, 178, '滑蓋', '0'),
(227, 9, 185, '白色', '0'),
(226, 9, 185, '黑色', '10'),
(232, 8, 178, '直板', '0'),
(231, 8, 185, '黑色', ''),
(230, 8, 190, '支持', '0'),
(229, 8, 189, '1.75英寸', '0'),
(217, 13, 185, '黑色', ''),
(216, 13, 189, '2.0英寸', '0'),
(215, 13, 172, '2008年07月', '0'),
(225, 10, 178, '直板', '0'),
(221, 13, 178, '直板', '0'),
(222, 10, 172, '2008年05月', '0'),
(223, 10, 189, '2.2英寸', '0'),
(224, 10, 173, 'GSM,850,900,1800,1900', '0'),
(220, 13, 175, '300小時', '0'),
(219, 13, 174, '4小時', '0'),
(212, 14, 172, '2008年10月', '0'),
(213, 14, 185, '黑色', '0'),
(214, 14, 178, '直板', '0'),
(218, 13, 173, 'GSM,850,900,1800,1900', '0'),
(211, 15, 178, '直板', '0'),
(210, 15, 210, '線控耳機', '50'),
(200, 17, 189, '2.8英寸', '0'),
(201, 17, 185, '黑色', ''),
(202, 17, 173, 'CDMA', '0'),
(203, 17, 174, '8小時', '0'),
(204, 17, 175, '300小時', '0'),
(205, 17, 178, '直板', '0'),
(206, 15, 189, '2.2英寸', '0'),
(207, 15, 185, '黑色', ''),
(208, 15, 185, '白色', '20'),
(209, 15, 210, '數據線', '20'),
(196, 19, 185, '黑色', ''),
(197, 19, 185, '金色', '10'),
(198, 19, 185, '白色', '20'),
(199, 19, 178, '滑蓋', '0'),
(195, 20, 173, 'GSM,900,1800,1900,2100', '0'),
(193, 20, 172, '2008年07月', '0'),
(194, 20, 185, '黑色', ''),
(187, 21, 180, 'T-Flash', '0'),
(189, 21, 210, '線控耳機', '50'),
(188, 21, 185, '黑色', ''),
(186, 22, 178, '直板', '0'),
(182, 22, 185, '黑色', ''),
(183, 22, 173, 'GSM,850,900,1800,1900', '0'),
(184, 22, 174, '6.5小時', '0'),
(185, 22, 175, '450小時', '0'),
(181, 22, 181, '288MB', '0'),
(180, 22, 180, 'microSD', '0'),
(179, 22, 172, '2008年12月', '0'),
(192, 21, 175, '100小時', '0'),
(191, 21, 174, '2.5小時', '0'),
(178, 23, 178, '滑蓋', '0'),
(190, 21, 210, '數據線', '20'),
(176, 23, 174, '2.5小時', '0'),
(177, 23, 175, '200小時', '0'),
(173, 23, 188, '320×240 像素', '0'),
(174, 23, 189, '2.8英寸', '0'),
(175, 23, 185, '黑色', ''),
(172, 23, 182, 'Symbian OS 9.3操作系統', '0'),
(171, 23, 181, '256MB', '0'),
(170, 23, 172, '2008年09月', '0'),
(169, 24, 179, 'SMS', '0'),
(166, 24, 190, '支持', '0'),
(167, 24, 185, '灰色', ''),
(168, 24, 210, '數據線', '20'),
(165, 24, 183, '支持', '0'),
(164, 24, 172, '2008年06月', '0'),
(152, 32, 172, '2008年10月', '0'),
(153, 32, 180, 'MicroSD', '0'),
(154, 32, 181, '78MB', '0'),
(155, 32, 182, 'Symbian OS v9.3', '0'),
(156, 32, 189, '2.6英寸', '0'),
(157, 32, 210, '線控耳機', '50'),
(158, 32, 210, '藍牙耳機', '100'),
(159, 32, 210, '數據線', '12'),
(160, 32, 173, 'GSM,850,900,1800,1900', '0'),
(161, 32, 174, '6.9 小時', '0'),
(162, 32, 175, '363 小時', '0'),
(163, 32, 185, '黑色', ''),
(239, 10, 185, '黑色', ''),
(240, 10, 185, '白色', '');

--
-- `ecs_goods_cat`
--
INSERT INTO `ecs_goods_cat` (`goods_id`, `cat_id`) VALUES
(8, 2),
(8, 5),
(16, 3),
(16, 5);

--
-- `ecs_goods_gallery`
--
INSERT INTO `ecs_goods_gallery` (`img_id`, `goods_id`, `img_url`, `img_desc`, `thumb_url`, `img_original`) VALUES
(1, 1, 'images/200905/goods_img/1_P_1240902890730.gif', '', 'images/200905/thumb_img/1_thumb_P_1240902890139.jpg', 'images/200905/source_img/1_P_1240902890193.gif'),
(2, 1, 'images/200905/goods_img/1_P_1240904370445.jpg', '', 'images/200905/thumb_img/1_thumb_P_1240904370846.jpg', 'images/200905/source_img/1_P_1240904370647.jpg'),
(3, 1, 'images/200905/goods_img/1_P_1240904371414.jpg', '', 'images/200905/thumb_img/1_thumb_P_1240904371539.jpg', 'images/200905/source_img/1_P_1240904371019.jpg'),
(4, 1, 'images/200905/goods_img/1_P_1240904371355.jpg', '', 'images/200905/thumb_img/1_thumb_P_1240904371335.jpg', 'images/200905/source_img/1_P_1240904371118.jpg'),
(5, 1, 'images/200905/goods_img/1_P_1240904371252.jpg', '', 'images/200905/thumb_img/1_thumb_P_1240904371430.jpg', 'images/200905/source_img/1_P_1240904371758.jpg'),
(6, 3, 'images/200905/goods_img/3_P_1241422082461.jpg', '', 'images/200905/thumb_img/3_thumb_P_1241422082160.jpg', 'images/200905/source_img/3_P_1241422082816.jpg'),
(7, 4, 'images/200905/goods_img/4_P_1241422402169.jpg', '', 'images/200905/thumb_img/4_thumb_P_1241422402909.jpg', 'images/200905/source_img/4_P_1241422402362.jpg'),
(8, 5, 'images/200905/goods_img/5_P_1241422518168.jpg', '', 'images/200905/thumb_img/5_thumb_P_1241422518416.jpg', 'images/200905/source_img/5_P_1241422518314.jpg'),
(9, 7, 'images/200905/goods_img/7_P_1241422785926.jpg', '', 'images/200905/thumb_img/7_thumb_P_1241422785889.jpg', 'images/200905/source_img/7_P_1241422785172.jpg'),
(10, 8, 'images/200905/goods_img/8_P_1241425513388.jpg', '', 'images/200905/thumb_img/8_thumb_P_1241425513834.jpg', 'images/200905/source_img/8_P_1241425513810.jpg'),
(11, 8, 'images/200905/goods_img/8_P_1241425891781.JPG', '正面', 'images/200905/thumb_img/8_thumb_P_1241425891460.jpg', 'images/200905/source_img/8_P_1241425891321.JPG'),
(12, 8, 'images/200905/goods_img/8_P_1241425891193.jpg', '背面', 'images/200905/thumb_img/8_thumb_P_1241425892547.jpg', 'images/200905/source_img/8_P_1241425891588.jpg'),
(13, 8, 'images/200905/goods_img/8_P_1241425892941.JPG', '側面', 'images/200905/thumb_img/8_thumb_P_1241425892356.jpg', 'images/200905/source_img/8_P_1241425892999.JPG'),
(14, 9, 'images/200905/goods_img/9_P_1241511871575.jpg', '', 'images/200905/thumb_img/9_thumb_P_1241511871787.jpg', 'images/200905/source_img/9_P_1241511871749.jpg'),
(15, 12, 'images/200905/goods_img/12_P_1241965978060.jpg', '', 'images/200905/thumb_img/12_thumb_P_1241965978845.jpg', 'images/200905/source_img/12_P_1241965978333.jpg'),
(16, 12, 'images/200905/goods_img/12_P_1241966218046.jpg', '', 'images/200905/thumb_img/12_thumb_P_1241966218835.jpg', 'images/200905/source_img/12_P_1241966218225.jpg'),
(17, 12, 'images/200905/goods_img/12_P_1241966218391.jpg', '', 'images/200905/thumb_img/12_thumb_P_1241966218843.jpg', 'images/200905/source_img/12_P_1241966218859.jpg'),
(18, 13, 'images/200905/goods_img/13_P_1241967762510.jpg', '', 'images/200905/thumb_img/13_thumb_P_1241967762510.jpg', 'images/200905/source_img/13_P_1241967762358.jpg'),
(19, 13, 'images/200905/goods_img/13_P_1241968002659.jpg', '', 'images/200905/thumb_img/13_thumb_P_1241968002193.jpg', 'images/200905/source_img/13_P_1241968002709.jpg'),
(20, 14, 'images/200905/goods_img/14_P_1241968492774.jpg', '', 'images/200905/thumb_img/14_thumb_P_1241968492168.jpg', 'images/200905/source_img/14_P_1241968492973.jpg'),
(21, 14, 'images/200905/goods_img/14_P_1241968492721.jpg', '', 'images/200905/thumb_img/14_thumb_P_1241968492995.jpg', 'images/200905/source_img/14_P_1241968492307.jpg'),
(22, 14, 'images/200905/goods_img/14_P_1241968492279.jpg', '', 'images/200905/thumb_img/14_thumb_P_1241968492674.jpg', 'images/200905/source_img/14_P_1241968492392.jpg'),
(23, 16, 'images/200905/goods_img/16_P_1241968949498.jpg', '', 'images/200905/thumb_img/16_thumb_P_1241968949965.jpg', 'images/200905/source_img/16_P_1241968949069.jpg'),
(24, 17, 'images/200905/goods_img/17_P_1241969394354.jpg', '', 'images/200905/thumb_img/17_thumb_P_1241969394537.jpg', 'images/200905/source_img/17_P_1241969394369.jpg'),
(25, 19, 'images/200905/goods_img/19_P_1241970140820.jpg', '', 'images/200905/thumb_img/19_thumb_P_1241970140527.jpg', 'images/200905/source_img/19_P_1241970139925.jpg'),
(26, 19, 'images/200905/goods_img/19_P_1241970140600.jpg', '', 'images/200905/thumb_img/19_thumb_P_1241970140229.jpg', 'images/200905/source_img/19_P_1241970140187.jpg'),
(27, 19, 'images/200905/goods_img/19_P_1241970175007.jpg', '', 'images/200905/thumb_img/19_thumb_P_1241970175086.jpg', 'images/200905/source_img/19_P_1241970175028.jpg'),
(28, 22, 'images/200905/goods_img/22_P_1241971076061.jpg', '', 'images/200905/thumb_img/22_thumb_P_1241971076595.jpg', 'images/200905/source_img/22_P_1241971076696.jpg'),
(29, 23, 'images/200905/goods_img/23_P_1241971556661.jpg', '', 'images/200905/thumb_img/23_thumb_P_1241971556920.jpg', 'images/200905/source_img/23_P_1241971556122.jpg'),
(30, 24, 'images/200905/goods_img/24_P_1241971981420.jpg', '', 'images/200905/thumb_img/24_thumb_P_1241971981834.jpg', 'images/200905/source_img/24_P_1241971981824.jpg'),
(31, 25, 'images/200905/goods_img/25_P_1241972709888.jpg', '', 'images/200905/thumb_img/25_thumb_P_1241972709070.jpg', 'images/200905/source_img/25_P_1241972709222.jpg'),
(32, 26, 'images/200905/goods_img/26_P_1241972789025.jpg', '', 'images/200905/thumb_img/26_thumb_P_1241972789061.jpg', 'images/200905/source_img/26_P_1241972789731.jpg'),
(33, 27, 'images/200905/goods_img/27_P_1241972894128.jpg', '', 'images/200905/thumb_img/27_thumb_P_1241972894915.jpg', 'images/200905/source_img/27_P_1241972894886.jpg'),
(34, 28, 'images/200905/goods_img/28_P_1241972976099.jpg', '', 'images/200905/thumb_img/28_thumb_P_1241972976277.jpg', 'images/200905/source_img/28_P_1241972976150.jpg'),
(35, 29, 'images/200905/goods_img/29_P_1241973022876.jpg', '', 'images/200905/thumb_img/29_thumb_P_1241973022886.jpg', 'images/200905/source_img/29_P_1241973022880.jpg'),
(36, 30, 'images/200905/goods_img/30_P_1241973114554.jpg', '', 'images/200905/thumb_img/30_thumb_P_1241973114166.jpg', 'images/200905/source_img/30_P_1241973114795.jpg'),
(38, 20, 'images/200905/goods_img/20_P_1242106490582.jpg', '', 'images/200905/thumb_img/20_thumb_P_1242106490836.jpg', 'images/200905/source_img/20_P_1242106490796.jpg'),
(39, 21, 'images/200905/goods_img/21_P_1242109298519.jpg', '', 'images/200905/thumb_img/21_thumb_P_1242109298525.jpg', 'images/200905/source_img/21_P_1242109298459.jpg'),
(40, 31, 'images/200905/goods_img/31_P_1242110412503.jpg', '', 'images/200905/thumb_img/31_thumb_P_1242110412614.jpg', 'images/200905/source_img/31_P_1242110412152.jpg'),
(41, 32, 'images/200905/goods_img/32_P_1242110760641.jpg', '', 'images/200905/thumb_img/32_thumb_P_1242110760997.jpg', 'images/200905/source_img/32_P_1242110760203.jpg'),
(42, 15, 'images/200905/goods_img/15_P_1242973362276.jpg', '', 'images/200905/thumb_img/15_thumb_P_1242973362611.jpg', 'images/200905/source_img/15_P_1242973362172.jpg'),
(43, 10, 'images/200905/goods_img/10_P_1242973436620.jpg', '', 'images/200905/thumb_img/10_thumb_P_1242973436219.jpg', 'images/200905/source_img/10_P_1242973436898.jpg');

--
-- `ecs_group_goods`
--
INSERT INTO `ecs_group_goods` (`parent_id`, `goods_id`, `goods_price`, `admin_id`) VALUES
(9, 4, 58.00, 1),
(9, 3, 68.00, 1),
(9, 7, 100.00, 1),
(14, 5, 20.00, 1),
(14, 6, 42.00, 1),
(14, 7, 100.00, 1);

--
-- `ecs_keywords`
--
INSERT INTO `ecs_keywords` (`date`, `searchengine`, `keyword`, `count`) VALUES
('2009-04-21', 'ecshop', '諾基亞', 1),
('2009-04-27', 'ecshop', '智能手機', 1),
('2009-05-04', 'ecshop', '斤', 1),
('2009-05-10', 'ecshop', '諾基亞', 1),
('2009-05-11', 'ecshop', '智能手機', 1),
('2009-05-11', 'ecshop', '諾基亞', 1),
('2009-05-12', 'ecshop', '三星', 1),
('2009-05-12', 'ecshop', '智能手機', 1),
('2009-05-12', 'ecshop', 'p806', 1),
('2009-05-12', 'ecshop', '諾基亞', 1),
('2009-05-12', 'ecshop', '夏新', 1),
('2009-05-18', 'ecshop', '52', 2),
('2009-05-22', 'ecshop', 'p', 1);

--
-- `ecs_link_goods`
--
INSERT INTO `ecs_link_goods` (`goods_id`, `link_goods_id`, `is_double`, `admin_id`) VALUES
(12, 9, 0, 1),
(12, 10, 0, 1),
(12, 11, 0, 1),
(9, 13, 1, 1),
(13, 9, 1, 1),
(14, 9, 0, 1),
(14, 13, 0, 1),
(23, 9, 0, 1),
(13, 23, 1, 1),
(23, 13, 1, 1);

--
-- `ecs_member_price`
--
INSERT INTO `ecs_member_price` (`price_id`, `goods_id`, `user_rank`, `user_price`) VALUES
(1, 23, 3, 3200.00),
(2, 23, 2, 3300.00),
(3, 13, 3, 1100.00),
(4, 13, 2, 1200.00);



--
-- `ecs_order_action`
--
INSERT INTO `ecs_order_action` (`action_id`, `order_id`, `action_user`, `order_status`, `shipping_status`, `pay_status`, `action_note`, `log_time`) VALUES
(1, 2, 'admin', 1, 0, 2, '[售後] 1132', 1242142350),
(2, 2, 'admin', 1, 1, 2, '已經發貨，註意接收', 1242142389),
(3, 1, 'admin', 1, 1, 2, '已經發貨，註意接收', 1242142432),
(4, 2, '買家', 1, 2, 2, '', 1242142449),
(5, 1, '買家', 1, 2, 2, '', 1242142451),
(6, 3, 'admin', 1, 1, 2, '已經發貨了，註意接收', 1242142589),
(7, 3, '買家', 1, 2, 2, '', 1242142634),
(8, 5, 'admin', 1, 3, 2, '', 1242142869),
(9, 6, 'admin', 3, 0, 0, '暫時缺貨', 1242143337),
(10, 7, 'admin', 1, 0, 0, '', 1242143454),
(11, 1, 'admin', 1, 2, 2, '[售後] 售後', 1242143773),
(12, 2, 'admin', 4, 0, 0, '質量問題', 1242144185),
(13, 12, 'buyer', 2, 0, 0, '用戶取消', 1242576313),
(14, 13, 'admin', 1, 1, 0, '11', 1242576445),
(15, 14, 'admin', 1, 3, 2, '', 1242976715),
(16, 14, 'admin', 1, 1, 2, '已經發貨，請接收', 1242976740),
(17, 15, 'admin', 1, 0, 0, '', 1245044587),
(18, 15, 'admin', 1, 0, 2, '已經付款', 1245044644),
(19, 15, 'admin', 1, 4, 2, '', 1245044964),
(20, 15, 'admin', 1, 4, 2, '北京供貨商', 1245045061),
(21, 3, 'admin', 4, 0, 0, '不喜歡這個顏色', 1245045334),
(22, 15, 'admin', 1, 1, 2, '', 1245045443),
(23, 15, 'admin', 4, 0, 0, '退貨', 1245045515),
(24, 16, 'admin', 1, 4, 2, '上海供貨', 1245045723),
(25, 17, 'admin', 1, 1, 2, '', 1245048189),
(26, 17, 'admin', 4, 0, 0, '退貨', 1245048212),
(27, 19, 'admin', 1, 1, 2, '', 1245384050);

--
-- `ecs_order_goods`
--
INSERT INTO `ecs_order_goods` (`rec_id`, `order_id`, `goods_id`, `goods_name`, `goods_sn`, `goods_number`, `market_price`, `goods_price`, `goods_attr`, `send_number`, `is_real`, `extension_code`, `parent_id`, `is_gift`, `goods_attr_id`) VALUES
(1, 1, 8, '飛利浦9@9v', 'ECS000008', 1, 478.79, 385.00, '顏色:黑 \n', 0, 1, '', 0, 0, '231'),
(2, 2, 12, '摩托羅拉A810', 'ECS000012', 1, 1179.60, 960.00, '', 0, 1, '', 0, 0, ''),
(3, 3, 17, '夏新N7', 'ECS000017', 1, 2760.00, 2300.00, '', 0, 1, '', 0, 0, ''),
(4, 4, 22, '多普達Touch HD', 'ECS000022', 1, 7198.80, 5999.00, '', 0, 1, '', 0, 0, ''),
(5, 5, 9, '諾基亞E66', 'ECS000009', 3, 2757.60, 2200.00, '', 0, 1, '', 0, 0, ''),
(6, 5, 24, 'P806', 'ECS000024', 1, 2400.00, 2000.00, '', 0, 1, '', 0, 0, ''),
(7, 6, 5, '索愛原裝M2卡讀卡器', 'ECS000005', 1, 24.00, 20.00, '', 0, 1, '', 0, 0, ''),
(8, 7, 9, '諾基亞E66', 'ECS000009', 1, 2757.60, 2298.00, '', 0, 1, '', 0, 0, ''),
(9, 8, 20, '三星BC01', 'ECS000020', 1, 336.00, 238.00, '', 0, 1, '', 0, 0, ''),
(10, 8, 8, '飛利浦9@9v', 'ECS000008', 1, 478.79, 385.00, '顏色:黑 \n', 0, 1, '', 0, 0, '231'),
(11, 9, 24, 'P806', 'ECS000024', 1, 2400.00, 2000.00, '', 0, 1, '', 0, 0, ''),
(12, 10, 24, 'P806', 'ECS000024', 1, 2400.00, 0.00, '', 0, 1, '', 0, 0, ''),
(13, 11, 23, '諾基亞N96', 'ECS000023', 1, 4440.00, 3800.00, '附加配件: 原裝電池 [+100]', 0, 1, '', 0, 0, ''),
(14, 12, 20, '三星BC01', 'ECS000020', 1, 336.00, 238.00, '', 0, 1, '', 0, 0, ''),
(15, 13, 12, '摩托羅拉A810', 'ECS000012', 1, 1179.60, 960.00, '', 0, 1, '', 0, 0, ''),
(16, 14, 15, '摩托羅拉A810', 'ECS000015', 5, 705.60, 588.00, '', 0, 1, '', 0, 0, ''),
(17, 14, 20, '三星BC01', 'ECS000020', 1, 336.00, 238.00, '', 0, 1, '', 0, 0, ''),
(18, 14, 22, '多普達Touch HD', 'ECS000022', 1, 7198.80, 5999.00, '', 0, 1, '', 0, 0, ''),
(19, 14, 3, '諾基亞原裝5800耳機', 'ECS000002', 4, 81.60, 68.00, '顏色:銀色 \n', 0, 1, '', 0, 0, ''),
(20, 14, 9, '諾基亞E66', 'ECS000009', 2, 2757.60, 2298.00, '', 0, 1, '', 0, 0, ''),
(21, 15, 13, '諾基亞5320 XpressMusic', 'ECS000013', 3, 1583.20, 1210.00, '顏色:紅[10] \n', 0, 1, '', 0, 0, ''),
(22, 15, 14, '諾基亞5800XM', 'ECS000014', 1, 3150.00, 2493.75, '', 0, 1, '', 0, 0, ''),
(23, 15, 24, 'P806', 'ECS000024', 4, 2400.00, 1900.00, '', 0, 1, '', 0, 0, ''),
(24, 15, 9, '諾基亞E66', 'ECS000009', 1, 2757.60, 2183.10, '', 0, 1, '', 0, 0, ''),
(25, 15, 8, '飛利浦9@9v', 'ECS000008', 3, 478.79, 379.05, '顏色:黑 \n', 0, 1, '', 0, 0, '231'),
(26, 16, 12, '摩托羅拉A810', 'ECS000012', 2, 1179.60, 933.85, '', 2, 1, '', 0, 0, ''),
(27, 16, 1, 'KD876', 'ECS000000', 1, 1665.60, 1318.60, '', 0, 1, '', 0, 0, ''),
(28, 17, 24, 'P806', 'ECS000024', 1, 2400.00, 1900.00, '', 0, 1, '', 0, 0, ''),
(29, 18, 24, 'P806', 'ECS000024', 5, 2400.00, 100.00, '', 0, 1, '', 0, 0, ''),
(30, 19, 12, '摩托羅拉A810', 'ECS000012', 2, 1179.60, 933.85, '', 2, 1, '', 0, 0, ''),
(31, 19, 24, 'P806', 'ECS000024', 2, 2400.00, 1850.00, '顏色:灰色 \n', 2, 1, '', 0, 0, '167');

--
-- `ecs_order_info`
--
INSERT INTO `ecs_order_info` (`order_id`, `order_sn`, `user_id`, `order_status`, `shipping_status`, `pay_status`, `consignee`, `country`, `province`, `city`, `district`, `address`, `zipcode`, `tel`, `mobile`, `email`, `best_time`, `sign_building`, `postscript`, `shipping_id`, `shipping_name`, `pay_id`, `pay_name`, `how_oos`, `how_surplus`, `pack_name`, `card_name`, `card_message`, `inv_payee`, `inv_content`, `goods_amount`, `shipping_fee`, `insure_fee`, `pay_fee`, `pack_fee`, `card_fee`, `money_paid`, `surplus`, `integral`, `integral_money`, `bonus`, `order_amount`, `from_ad`, `referer`, `add_time`, `confirm_time`, `pay_time`, `shipping_time`, `pack_id`, `card_id`, `bonus_id`, `invoice_no`, `extension_code`, `extension_id`, `to_buyer`, `pay_note`, `agency_id`, `inv_type`, `tax`, `is_separate`, `parent_id`, `discount`) VALUES
(1, '2009051298180', 1, 1, 2, 2, '劉先生', 1, 2, 52, 500, '[中國 北京 北京 海澱區] 中關村海興大廈', '100085', '010-25851234', '13986765412', 'ecshop@ecshop.com', '中午', '法院', '', 5, '申通快遞', 1, '余額支付', '等待所有商品備齊後再發', '', '', '', '', '', '', 385.00, 15.00, 0.00, 0.00, 0.00, 0.00, 0.00, 400.00, 0, 0.00, 0.00, 0.00, 0, '本站', 1242142274, 1242142274, 1242142274, 1242142432, 0, 0, 0, '122', '', 0, '', '', 0, '', 0.00, 0, 0, 0.00),
(2, '2009051255518', 1, 4, 0, 0, '劉先生', 1, 2, 52, 500, '[中國 北京 北京 海澱區] 中關村海興大廈', '100085', '010-25851234', '13986765412', 'ecshop@ecshop.com', '中午', '法院', '', 3, '城際快遞', 1, '余額支付', '等待所有商品備齊後再發', '', '精品包裝', '祝福賀卡', '晚來的祝福', '', '', 960.00, 10.00, 0.00, 0.00, 0.00, 5.00, 0.00, 0.00, 0, 0.00, 0.00, 0.00, 0, '本站', 1242142324, 1242142324, 1242142324, 1242142389, 1, 1, 0, '111', '', 0, '', '', 0, '', 0.00, 0, 0, 0.00),
(3, '2009051267570', 1, 4, 0, 0, '劉先生', 1, 2, 52, 500, '[中國 北京 北京 海澱區] 中關村海興大廈', '100085', '010-25851234', '13986765412', 'ecshop@ecshop.com', '中午', '法院', '', 3, '城際快遞', 1, '余額支付', '等待所有商品備齊後再發', '', '', '', '', '', '', 2300.00, 10.00, 0.00, 0.00, 0.00, 0.00, 0.00, 0.00, 0, 0.00, 0.00, 0.00, 0, '本站', 1242142549, 1242142549, 1242142549, 1242142589, 0, 0, 0, '', '', 0, '', '', 0, '', 0.00, 0, 0, 0.00),
(4, '2009051230249', 1, 1, 0, 2, '劉先生', 1, 2, 52, 500, '[中國 北京 北京 海澱區] 中關村海興大廈', '100085', '010-25851234', '13986765412', 'ecshop@ecshop.com', '中午', '法院', '', 3, '城際快遞', 1, '余額支付', '等待所有商品備齊後再發', '', '', '', '', '', '', 5999.00, 10.00, 0.00, 0.00, 0.00, 0.00, 0.00, 5989.00, 0, 0.00, 20.00, 0.00, 0, '本站', 1242142681, 1242142681, 1242142681, 0, 0, 0, 1, '', '', 0, '', '', 0, '', 0.00, 0, 0, 0.00),
(5, '2009051276258', 1, 1, 3, 2, '劉先生', 1, 2, 52, 500, '[中國 北京 北京 海澱區] 中關村海興大廈', '100085', '010-25851234', '13986765412', 'ecshop@ecshop.com', '中午', '法院', '', 3, '城際快遞', 1, '余額支付', '等待所有商品備齊後再發', '', '', '', '', '', '', 8600.00, 10.00, 0.00, 0.00, 0.00, 0.00, 0.00, 8610.00, 0, 0.00, 0.00, 0.00, 0, '本站', 1242142808, 1242142808, 1242142808, 0, 0, 0, 0, '', '', 0, '', '', 0, '', 0.00, 0, 0, 0.00),
(6, '2009051217221', 3, 3, 0, 0, '葉先生', 1, 2, 52, 510, '通州區旗艦凱旋小區', '', '13588104710', '', 'text@ecshop.com', '', '', '', 5, '申通快遞', 2, '銀行匯款/轉帳', '等待所有商品備齊後再發', '', '', '', '', '', '', 20.00, 15.00, 0.00, 0.00, 0.00, 0.00, 0.00, 0.00, 0, 0.00, 0.00, 35.00, 0, '', 1242143292, 0, 0, 0, 0, 0, 0, '', '', 0, '', '', 0, '', 0.00, 0, 0, 0.00),
(7, '2009051227085', 3, 1, 0, 0, '葉先生', 1, 2, 52, 510, '通州區旗艦凱旋小區', '', '13588104710', '', 'text@ecshop.com', '', '', '', 5, '申通快遞', 2, '銀行匯款/轉帳', '等待所有商品備齊後再發', '', '', '', '', '', '', 2298.00, 15.00, 0.00, 0.00, 0.00, 0.00, 0.00, 1000.00, 0, 0.00, 0.00, 1198.10, 0, '', 1242143383, 1242143454, 0, 0, 0, 0, 0, '', '', 0, '', '', 0, '', 0.00, 0, 0, 114.90),
(8, '2009051299732', 3, 0, 0, 0, '葉先生', 1, 2, 52, 510, '通州區旗艦凱旋小區', '', '13588104710', '', 'text@ecshop.com', '', '', '', 5, '申通快遞', 2, '銀行匯款/轉帳', '等待所有商品備齊後再發', '', '', '', '', '', '', 623.00, 15.00, 0.00, 0.00, 0.00, 0.00, 0.00, 0.00, 0, 0.00, 0.00, 638.00, 0, '', 1242143444, 0, 0, 0, 0, 0, 0, '', '', 0, '', '', 0, '', 0.00, 0, 0, 0.00),
(9, '2009051210718', 3, 0, 0, 0, '葉先生', 1, 2, 52, 510, '通州區旗艦凱旋小區', '', '13588104710', '', 'text@ecshop.com', '', '', '', 5, '申通快遞', 2, '銀行匯款/轉帳', '等待所有商品備齊後再發', '', '', '', '', '', '', 2000.00, 15.00, 0.00, 0.00, 0.00, 0.00, 0.00, 0.00, 0, 0.00, 0.00, 2015.00, 0, '', 1242143732, 0, 0, 0, 0, 0, 0, '', '', 0, '', '', 0, '', 0.00, 0, 0, 0.00),
(10, '2009051268194', 1, 1, 0, 2, '劉先生', 1, 2, 52, 500, '海興大廈', '', '010-25851234', '13986765412', 'ecshop@ecshop.com', '', '', '', 3, '城際快遞', 1, '余額支付', '等待所有商品備齊後再發', '', '', '', '', '', '', 0.00, 10.00, 0.00, 0.00, 0.00, 0.00, 0.00, 10.00, 17000, 0.00, 0.00, 0.00, 0, '', 1242143920, 1242143920, 1242143920, 0, 0, 0, 0, '', 'exchange_goods', 24, '', '', 0, '', 0.00, 0, 0, 0.00),
(11, '2009051264945', 0, 1, 0, 0, '林小姐', 1, 2, 52, 500, '中關村海興大廈', '', '135474510', '', 'linzi@116.com', '', '', '', 3, '城際快遞', 2, '銀行匯款/轉帳', '', '', '', '', '', '', '', 3800.00, 10.00, 0.00, 0.00, 0.00, 0.00, 0.00, 0.00, 0, 0.00, 0.00, 3810.00, 0, '管理員添加', 1242144250, 1242144363, 0, 0, 0, 0, 0, '', '', 0, '', '', 0, '', 0.00, 0, 0, 0.00),
(12, '2009051712919', 1, 2, 0, 0, '劉先生', 1, 2, 52, 502, '海興大廈', '', '010-25851234', '13986765412', 'ecshop@ecshop.com', '', '', '', 3, '城際快遞', 3, '貨到付款', '等待所有商品備齊後再發', '', '', '', '', '', '', 238.00, 10.00, 0.00, 5.00, 0.00, 0.00, 0.00, 0.00, 0, 0.00, 0.00, 253.00, 0, '本站', 1242576304, 0, 0, 0, 0, 0, 0, '', '', 0, '', '', 0, '', 0.00, 0, 0, 0.00),
(13, '2009051719232', 1, 1, 1, 0, '劉先生', 1, 2, 52, 502, '海興大廈', '', '010-25851234', '13986765412', 'ecshop@ecshop.com', '', '', '', 3, '城際快遞', 3, '貨到付款', '等待所有商品備齊後再發', '', '', '', '', '', '', 960.00, 10.00, 0.00, 5.00, 0.00, 0.00, 0.00, 0.00, 0, 0.00, 0.00, 975.00, 0, '本站', 1242576341, 1242576445, 0, 1242576445, 0, 0, 0, '', '', 0, '', '', 0, '', 0.00, 0, 0, 0.00),
(14, '2009052224892', 1, 1, 1, 2, '劉先生', 1, 2, 52, 502, '海興大廈', '', '010-25851234', '13986765412', 'ecshop@ecshop.com', '', '', '', 3, '城際快遞', 1, '余額支付', '等待所有商品備齊後再發', '', '', '', '', '', '', 14045.00, 10.00, 0.00, 0.00, 0.00, 0.00, 0.00, 13806.60, 0, 0.00, 5.00, 0.00, 0, '本站', 1242976699, 1242976699, 1242976699, 1242976740, 0, 0, 2, '1123344', '', 0, '', '', 0, '', 0.00, 0, 0, 243.40),
(15, '2009061585887', 1, 4, 0, 0, '劉先生', 1, 2, 52, 502, '海興大廈', '', '010-25851234', '13986765412', 'ecshop@ecshop.com', '', '', '', 3, '城際快遞', 2, '銀行匯款/轉帳', '等待所有商品備齊後再發', '', '', '', '', '', '', 17044.00, 10.00, 0.00, 0.00, 0.00, 0.00, 0.00, 0.00, 0, 0.00, 0.00, 17054.00, 0, '本站', 1245044533, 1245044587, 1245044644, 1245045443, 0, 0, 0, '', '', 0, '', '', 0, '', 0.00, 0, 0, 0.00),
(16, '2009061525429', 1, 1, 4, 2, '劉先生', 1, 2, 52, 502, '海興大廈', '', '010-25851234', '13986765412', 'ecshop@ecshop.com', '', '', '', 3, '城際快遞', 1, '余額支付', '等待所有商品備齊後再發', '', '', '', '', '', '', 3186.30, 10.00, 0.00, 0.00, 0.00, 0.00, 0.00, 3196.30, 0, 0.00, 0.00, 0.00, 0, '本站', 1245045672, 1245045672, 1245045672, 1245045723, 0, 0, 0, '2009061525121', '', 0, '', '', 0, '', 0.00, 0, 0, 0.00),
(17, '2009061503335', 1, 4, 0, 0, '劉先生', 1, 2, 52, 502, '海興大廈', '', '010-25851234', '13986765412', 'ecshop@ecshop.com', '', '', '', 3, '城際快遞', 1, '余額支付', '等待所有商品備齊後再發', '', '', '', '', '', '', 1900.00, 10.00, 0.00, 0.00, 0.00, 0.00, 0.00, 0.00, 0, 0.00, 0.00, 0.00, 0, '本站', 1245047978, 1245047978, 1245047978, 1245048189, 0, 0, 0, '', '', 0, '', '', 0, '', 0.00, 0, 0, 0.00),
(18, '2009061510313', 1, 1, 0, 2, '劉先生', 1, 2, 52, 502, '海興大廈', '', '010-25851234', '13986765412', 'ecshop@ecshop.com', '', '', '', 3, '城際快遞', 1, '余額支付', '等待所有商品備齊後再發', '', '', '', '', '', '', 500.00, 10.00, 0.00, 0.00, 0.00, 0.00, 0.00, 500.00, 0, 0.00, 0.00, 0.00, 0, '本站', 1245048585, 1245048585, 1245048585, 0, 0, 0, 0, '', 'group_buy', 8, '', '', 0, '', 0.00, 0, 0, 0.00),
(19, '2009061909851', 1, 1, 1, 2, '劉先生', 1, 2, 52, 502, '海興大廈', '', '010-25851234', '13986765412', 'ecshop@ecshop.com', '', '', '', 3, '城際快遞', 1, '余額支付', '等待所有商品備齊後再發', '', '', '', '', '', '', 5567.70, 10.00, 0.00, 0.00, 0.00, 0.00, 0.00, 5577.70, 0, 0.00, 0.00, 0.00, 0, '本站', 1245384008, 1245384008, 1245384008, 1245384049, 0, 0, 0, '232421', '', 0, '', '', 0, '', 0.00, 0, 0, 0.00);

--
-- `ecs_pack`
--
INSERT INTO `ecs_pack` (`pack_id`, `pack_name`, `pack_img`, `pack_fee`, `free_money`, `pack_desc`) VALUES
(1, '精品包裝', '1242108360911825791.jpg', 5, 800, '精品包裝，盡心為您設計一份不一樣的禮物');

--
-- `ecs_package_goods`
--
INSERT INTO `ecs_package_goods` (`package_id`, `goods_id`, `goods_number`, `admin_id`) VALUES
(5, 6, 1, 1),
(5, 5, 1, 1),
(6, 4, 1, 1),
(6, 7, 1, 1),
(6, 32, 1, 1),
(5, 31, 1, 1);

--
-- `ecs_payment`
--
INSERT INTO `ecs_payment` (`pay_id`, `pay_code`, `pay_name`, `pay_fee`, `pay_desc`, `pay_order`, `pay_config`, `enabled`, `is_cod`, `is_online`) VALUES
(1, 'balance', '余額支付', '0', '使用帳戶余額支付。只有會員才能使用，通過設置信用額度，可以透支。', 0, 'a:0:{}', 1, 0, 1),
(2, 'bank', '銀行匯款/轉帳', '0', '銀行名稱\n收款人信息：全稱 ××× ；帳號或地址 ××× ；開戶行 ×××。\n註意事項：辦理電匯時，請在電匯單“匯款用途”一欄處註明您的訂單號。', 0, 'a:0:{}', 1, 0, 0),
(3, 'cod', '貨到付款', '0', '開通城市：×××\n貨到付款區域：×××', 0, 'a:0:{}', 1, 1, 0);

--
-- `ecs_pay_log`
--
INSERT INTO `ecs_pay_log` (`log_id`, `order_id`, `order_amount`, `order_type`, `is_paid`) VALUES
(1, 1, 0.00, 0, 0),
(2, 2, 0.00, 0, 0),
(3, 3, 0.00, 0, 0),
(4, 4, 0.00, 0, 0),
(5, 5, 0.00, 0, 0),
(6, 6, 35.00, 0, 0),
(7, 7, 2198.10, 0, 0),
(8, 8, 638.00, 0, 0),
(9, 9, 2015.00, 0, 0),
(10, 10, 0.00, 0, 0),
(11, 11, 3810.00, 0, 0),
(12, 12, 253.00, 0, 0),
(13, 13, 975.00, 0, 0),
(14, 14, 0.00, 0, 0),
(15, 15, 17054.00, 0, 0),
(16, 16, 0.00, 0, 0),
(17, 17, 0.00, 0, 0),
(18, 18, 0.00, 0, 0);

--
-- `ecs_shipping`
--
INSERT INTO `ecs_shipping` (`shipping_id`, `shipping_code`, `shipping_name`, `shipping_desc`, `insure`, `support_cod`, `enabled`, `shipping_print`) VALUES
(1, 'post_express', '郵政快遞包裹', '郵政快遞包裹的描述內容。', '1%', 0, 1, ''),
(2, 'yto', '圓通速遞', '上海圓通物流（速遞）有限公司經過多年的網絡快速發展，在中國速遞行業中一直處於領先地位。為了能更好的發展國際快件市場，加快與國際市場的接軌，強化圓通的整體實力，圓通已在東南亞、歐美、中東、北美洲、非洲等許多城市運作國際快件業務', '0', 1, 1, ''),
(3, 'city_express', '城際快遞', '配送的運費是固定的', '0', 1, 1, ''),
(4, 'flat', '市內快遞', '固定運費的配送方式內容', '0', 1, 1, ''),
(5, 'sto_express', '申通快遞', '江、浙、滬地區首重為15元/KG，其他地區18元/KG， 續重均為5-6元/KG， 雲南地區為8元', '0', 0, 1, ''),
(6, 'post_mail', '郵局平郵', '郵局平郵的描述內容。', '0', 0, 1, ''),
(7, 'fpd', '運費到付', '所購商品到達即付運費', '0', 0, 1, '');

--
-- `ecs_shipping_area`
--
INSERT INTO `ecs_shipping_area` (`shipping_area_id`, `shipping_area_name`, `shipping_id`, `configure`) VALUES
(1, '申通', 5, 'a:5:{i:0;a:2:{s:4:"name";s:8:"item_fee";s:5:"value";s:2:"15";}i:1;a:2:{s:4:"name";s:8:"base_fee";s:5:"value";s:2:"15";}i:2;a:2:{s:4:"name";s:8:"step_fee";s:5:"value";s:1:"5";}i:3;a:2:{s:4:"name";s:10:"free_money";s:5:"value";s:1:"0";}i:4;a:2:{s:4:"name";s:16:"fee_compute_mode";s:5:"value";s:9:"by_weight";}}'),
(2, '1', 3, 'a:4:{i:0;a:2:{s:4:"name";s:8:"base_fee";s:5:"value";s:2:"10";}i:1;a:2:{s:4:"name";s:10:"free_money";s:5:"value";s:6:"100000";}i:2;a:2:{s:4:"name";s:16:"fee_compute_mode";s:5:"value";N;}i:3;a:2:{s:4:"name";s:7:"pay_fee";s:5:"value";s:1:"5";}}'),
(3, '郵局', 6, 'a:7:{i:0;a:2:{s:4:"name";s:8:"item_fee";s:5:"value";s:1:"4";}i:1;a:2:{s:4:"name";s:8:"base_fee";s:5:"value";s:3:"3.5";}i:2;a:2:{s:4:"name";s:8:"step_fee";s:5:"value";s:3:"2.5";}i:3;a:2:{s:4:"name";s:9:"step_fee1";s:5:"value";N;}i:4;a:2:{s:4:"name";s:8:"pack_fee";s:5:"value";s:1:"0";}i:5;a:2:{s:4:"name";s:10:"free_money";s:5:"value";s:5:"50000";}i:6;a:2:{s:4:"name";s:16:"fee_compute_mode";s:5:"value";s:9:"by_weight";}}'),
(4, '運費到付', 7, 'a:2:{i:0;a:2:{s:4:"name";s:10:"free_money";s:5:"value";s:5:"50000";}i:1;a:2:{s:4:"name";s:16:"fee_compute_mode";s:5:"value";N;}}');

--
-- `ecs_snatch_log`
--
INSERT INTO `ecs_snatch_log` (`log_id`, `snatch_id`, `user_id`, `bid_price`, `bid_time`) VALUES
(1, 2, 1, 17.00, 1242142910),
(2, 1, 1, 50.00, 1242142935);

--
-- `ecs_stats`
--
INSERT INTO `ecs_stats` (`access_time`, `ip_address`, `visit_times`, `browser`, `system`, `language`, `area`, `referer_domain`, `referer_path`, `access_url`) VALUES
(1240294063, '0.0.0.0', 196, 'FireFox 3.0.8', 'Windows XP', 'zh-cn', 'IANA', 'http://localhost:8080', '/shoujitiyan/admin/index.php?act=top', '/shoujitiyan/index.php'),
(1240298833, '0.0.0.0', 198, 'FireFox 3.0.8', 'Windows XP', 'zh-cn', 'IANA', 'http://localhost:8080', '/shoujitiyan/admin/index.php?act=top', '/shoujitiyan/index.php'),
(1240380013, '0.0.0.0', 204, 'FireFox 3.0.8', 'Windows XP', 'zh-cn', 'IANA', 'http://localhost:8080', '/', '/shoujitiyan/index.php'),
(1240463462, '0.0.0.0', 208, 'FireFox 3.0.9', 'Windows XP', 'zh-cn', 'IANA', 'http://localhost:8080', '/shoujitiyan/admin/index.php?act=top', '/shoujitiyan/index.php'),
(1240800901, '0.0.0.0', 222, 'FireFox 3.0.9', 'Windows XP', 'zh-cn', 'IANA', 'http://localhost:8080', '/shoujitiyan/admin/index.php?act=top', '/shoujitiyan/index.php'),
(1240803254, '0.0.0.0', 227, 'FireFox 3.0.9', 'Windows XP', 'zh-cn', 'IANA', 'http://localhost:8080', '/shoujitiyan/admin/index.php?act=top', '/shoujitiyan/index.php'),
(1240904381, '0.0.0.0', 237, 'FireFox 3.0.9', 'Windows XP', 'zh-cn', 'IANA', 'http://localhost:8080', '/shoujitiyan/admin/index.php?act=top', '/shoujitiyan/index.php'),
(1241419322, '0.0.0.0', 250, 'FireFox 3.0.10', 'Windows XP', 'zh-cn', 'IANA', 'http://localhost:8080', '/shoujitiyan/admin/goods.php?act=list', '/shoujitiyan/goods.php'),
(1241420999, '0.0.0.0', 252, 'FireFox 3.0.10', 'Windows XP', 'zh-cn', 'IANA', 'http://localhost:8080', '/shoujitiyan/admin/index.php?act=top', '/shoujitiyan/index.php'),
(1241424831, '0.0.0.0', 253, 'FireFox 3.0.10', 'Windows XP', 'zh-cn', 'IANA', 'http://localhost:8080', '/shoujitiyan/admin/goods.php?act=list', '/shoujitiyan/goods.php'),
(1241498580, '0.0.0.0', 257, 'FireFox 3.0.10', 'Windows XP', 'zh-cn', 'IANA', 'http://localhost:8080', '/shoujitiyan/admin/index.php?act=top', '/shoujitiyan/index.php'),
(1241511324, '0.0.0.0', 262, 'FireFox 3.0.10', 'Windows XP', 'zh-cn', 'IANA', 'http://localhost:8080', '/shoujitiyan/admin/goods.php?act=list', '/shoujitiyan/goods.php'),
(1241514671, '0.0.0.0', 263, 'FireFox 3.0.10', 'Windows XP', 'zh-cn', 'IANA', 'http://localhost:8080', '/shoujitiyan/admin/index.php?act=top', '/shoujitiyan/index.php'),
(1241517726, '0.0.0.0', 265, 'FireFox 3.0.10', 'Windows XP', 'zh-cn', 'IANA', '', '', '/shoujitiyan/index.php'),
(1241946350, '127.0.0.1', 39, 'FireFox 2.0.0.20', 'Windows XP', 'zh-cn', 'LAN', 'http://localhost:8080', '/shoujitiyan/admin/index.php?act=top', '/shoujitiyan/index.php'),
(1241965138, '127.0.0.1', 41, 'FireFox 2.0.0.20', 'Windows XP', 'zh-cn', 'LAN', 'http://localhost:8080', '/', '/shoujitiyan/index.php'),
(1241966751, '127.0.0.1', 43, 'FireFox 2.0.0.20', 'Windows XP', 'zh-cn', 'LAN', 'http://localhost:8080', '/shoujitiyan/admin/index.php?act=top', '/shoujitiyan/index.php'),
(1241970153, '127.0.0.1', 45, 'FireFox 2.0.0.20', 'Windows XP', 'zh-cn', 'LAN', 'http://localhost:8080', '/shoujitiyan/admin/goods.php?act=list', '/shoujitiyan/goods.php'),
(1241970640, '127.0.0.1', 47, 'FireFox 2.0.0.20', 'Windows XP', 'zh-cn', 'LAN', 'http://localhost:8080', '/shoujitiyan/admin/index.php?act=top', '/shoujitiyan/index.php'),
(1242105962, '0.0.0.0', 310, 'FireFox 3.0.10', 'Windows XP', 'zh-cn', 'IANA', 'http://localhost:8080', '/shoujitiyan/admin/goods.php?act=list', '/shoujitiyan/goods.php'),
(1242140915, '127.0.0.1', 52, 'FireFox 2.0.0.20', 'Windows XP', 'zh-cn', 'LAN', 'http://localhost:8080', '/shoujitiyan/admin/index.php?act=top', '/shoujitiyan/index.php'),
(1242141002, '127.0.0.1', 54, 'FireFox 2.0.0.20', 'Windows XP', 'zh-cn', 'LAN', 'http://localhost:8080', '/shoujitiyan/user.php', '/shoujitiyan/user.php'),
(1242141352, '127.0.0.1', 57, 'FireFox 2.0.0.20', 'Windows XP', 'zh-cn', 'LAN', 'http://localhost:8080', '/shoujitiyan/user.php?act=address_list', '/shoujitiyan/user.php'),
(1242141605, '127.0.0.1', 59, 'FireFox 2.0.0.20', 'Windows XP', 'zh-cn', 'LAN', 'http://localhost:8080', '/shoujitiyan/user.php', '/shoujitiyan/user.php'),
(1242576210, '127.0.0.1', 72, 'FireFox 2.0.0.20', 'Windows XP', 'zh-cn', 'LAN', 'http://localhost:8080', '/shoujitiyan/admin/index.php?act=top', '/shoujitiyan/index.php'),
(1242576982, '127.0.0.1', 74, 'FireFox 2.0.0.20', 'Windows XP', 'zh-cn', 'LAN', 'http://localhost:8080', '/shoujitiyan/admin/article.php?act=list&uselastfilter=1', '/shoujitiyan/article.php'),
(1242577205, '127.0.0.1', 76, 'FireFox 2.0.0.20', 'Windows XP', 'zh-cn', 'LAN', 'http://localhost:8080', '/shoujitiyan/admin/article.php?act=list', '/shoujitiyan/article.php'),
(1242579230, '127.0.0.1', 78, 'FireFox 2.0.0.20', 'Windows XP', 'zh-cn', 'LAN', 'http://localhost:8080', '/shoujitiyan/admin/index.php?act=top', '/shoujitiyan/index.php'),
(1242973907, '0.0.0.0', 375, 'FireFox 3.0.10', 'Windows XP', 'zh-cn', 'IANA', 'http://localhost:8080', '/shoujitiyan/admin/index.php?act=top', '/shoujitiyan/index.php'),
(1242974337, '0.0.0.0', 377, 'FireFox 3.0.10', 'Windows XP', 'zh-cn', 'IANA', 'http://localhost:8080', '/shoujitiyan/', '/shoujitiyan/search.php'),
(1242976474, '0.0.0.0', 379, 'FireFox 3.0.10', 'Windows XP', 'zh-cn', 'IANA', 'http://localhost:8080', '/shoujitiyan/admin/index.php?act=top', '/shoujitiyan/index.php'),
(1244189098, '0.0.0.0', 418, 'FireFox 3.0.10', 'Windows XP', 'zh-cn', 'IANA', 'http://localhost:8080', '/shoujitiyan/admin/index.php?act=top', '/shoujitiyan/index.php'),
(1244191271, '0.0.0.0', 420, 'FireFox 3.0.10', 'Windows XP', 'zh-cn', 'IANA', 'http://localhost:8080', '/shoujitiyan/index.php', '/shoujitiyan/article.php'),
(1244191479, '0.0.0.0', 422, 'FireFox 3.0.10', 'Windows XP', 'zh-cn', 'IANA', 'http://localhost:8080', '/shoujitiyan/admin/index.php?act=top', '/shoujitiyan/index.php'),
(1244193068, '0.0.0.0', 426, 'FireFox 3.0.10', 'Windows XP', 'zh-cn', 'IANA', 'http://localhost:8080', '/shoujitiyan/article.php?id=33', '/shoujitiyan/index.php'),
(1244772987, '0.0.0.0', 466, 'FireFox 3.0.10', 'Windows XP', 'zh-cn', 'IANA', 'http://localhost:8080', '/shoujitiyan/admin/index.php?act=top', '/shoujitiyan/index.php'),
(1245042503, '0.0.0.0', 472, 'FireFox 3.0.11', 'Windows XP', 'zh-cn', 'IANA', 'http://localhost:8080', '/shouji/admin/privilege.php?act=login', '/shouji/index.php'),
(1245042507, '0.0.0.0', 472, 'FireFox 3.0.11', 'Windows XP', 'zh-cn', 'IANA', 'http://localhost:8080', '/shouji/admin/index.php?act=top', '/shouji/index.php'),
(1245046089, '0.0.0.0', 474, 'FireFox 3.0.11', 'Windows XP', 'zh-cn', 'IANA', 'http://localhost:8080', '/shouji/admin/index.php?act=top', '/shouji/index.php'),
(1245047906, '0.0.0.0', 476, 'FireFox 3.0.11', 'Windows XP', 'zh-cn', 'IANA', 'http://localhost:8080', '/shouji/goods.php?id=24', '/shouji/user.php'),
(1245047951, '0.0.0.0', 478, 'FireFox 3.0.11', 'Windows XP', 'zh-cn', 'IANA', 'http://localhost:8080', '/shouji/group_buy.php?act=view&id=8', '/shouji/goods.php'),
(1245048514, '0.0.0.0', 480, 'FireFox 3.0.11', 'Windows XP', 'zh-cn', 'IANA', 'http://localhost:8080', '/shouji/flow.php?step=checkout', '/shouji/index.php'),
(1245139613, '0.0.0.0', 488, 'FireFox 3.0.11', 'Windows XP', 'zh-cn', 'IANA', 'http://localhost:8080', '/shouji/admin/index.php?act=top', '/shouji/index.php'),
(1245140082, '0.0.0.0', 490, 'FireFox 3.0.11', 'Windows XP', 'zh-cn', 'IANA', '', '', '/shouji/article.php'),
(1245145064, '0.0.0.0', 493, 'FireFox 3.0.11', 'Windows XP', 'zh-cn', 'IANA', 'http://localhost:8080', '/shouji/admin/index.php?act=top', '/shouji/index.php'),
(1245217308, '0.0.0.0', 498, 'FireFox 3.0.11', 'Windows XP', 'zh-cn', 'IANA', 'http://localhost:8080', '/', '/shouji/index.php'),
(1245219380, '0.0.0.0', 499, 'FireFox 3.0.11', 'Windows XP', 'zh-cn', 'IANA', 'http://localhost:8080', '/shouji/admin/index.php?act=top', '/shouji/index.php'),
(1245222219, '0.0.0.0', 500, 'FireFox 3.0.11', 'Windows XP', 'zh-cn', 'IANA', 'http://localhost:8080', '/shouji/admin/goods.php?act=list', '/shouji/goods.php');

--
-- `ecs_suppliers`
--
INSERT INTO `ecs_suppliers` (`suppliers_id`, `suppliers_name`, `suppliers_desc`) VALUES
(1, '北京供貨商', '北京供貨商'),
(2, '上海供貨商', '上海供貨商');

--
-- `ecs_tag`
--
INSERT INTO `ecs_tag` (`tag_id`, `user_id`, `goods_id`, `tag_words`) VALUES
(1, 0, 13, '音樂手機'),
(2, 0, 14, '音樂手機'),
(3, 0, 23, '音樂手機'),
(4, 0, 23, '智能手機'),
(5, 0, 14, '智能手機'),
(6, 0, 22, '智能手機'),
(7, 0, 31, '音樂手機');

--
-- `ecs_topic`
--
INSERT INTO `ecs_topic` (`topic_id`, `title`, `intro`, `start_time`, `end_time`, `data`, `template`, `css`) VALUES
(1, '夏新優惠大酬賓', '<p>夏新產品優惠開始了</p>', 1241107200, 1246291200, 'O:8:"stdClass":1:{s:7:"default";a:1:{i:0;s:11:"夏新N7|17";}}', '', '');

--
-- `ecs_users`
--
INSERT INTO `ecs_users` (`user_id`, `email`, `user_name`, `password`, `question`, `answer`, `sex`, `birthday`, `user_money`, `frozen_money`, `pay_points`, `rank_points`, `address_id`, `reg_time`, `last_login`, `last_time`, `last_ip`, `visit_count`, `user_rank`, `is_special`, `salt`, `parent_id`, `flag`, `alias`, `msn`, `qq`, `office_phone`, `home_phone`, `mobile_phone`, `is_validated`, `credit_line`) VALUES
(1, 'ecshop@ecshop.com', 'ecshop', '554fcae493e564ee0dc75bdf2ebf94ca', '', '', 0, '1960-03-03', 0.00, 0.00, 98388, 15390, 1, 0, 1245048540, '0000-00-00 00:00:00', '0.0.0.0', 11, 0, 0, '0', 0, 0, '', '', '', '', '', '', 0, 0.00),
(2, 'vip@ecshop.com', 'vip', '232059cb5361a9336ccf1b8c2ba7657a', '', '', 0, '1949-01-01', 0.00, 0.00, 0, 0, 0, 0, 0, '0000-00-00 00:00:00', '', 0, 0, 0, '0', 0, 0, '', '', '', '', '', '', 0, 0.00),
(3, 'text@ecshop.com', 'text', '1cb251ec0d568de6a929b520c4aed8d1', '', '', 0, '1949-01-01', 0.00, 0.00, 0, 0, 2, 0, 1242973574, '0000-00-00 00:00:00', '0.0.0.0', 2, 0, 0, '0', 0, 0, '', '', '', '', '', '', 0, 0.00),
(5, 'zuanshi@ecshop.com', 'zuanshi', '815a71fb334412e7ba4595741c5a111d', '', '', 0, '1949-01-01', 0.00, 10000.00, 0, 0, 0, 0, 0, '0000-00-00 00:00:00', '', 0, 3, 0, '0', 0, 0, '', '', '', '', '', '', 0, 0.00);

--
-- `ecs_user_address`
--
INSERT INTO `ecs_user_address` (`address_id`, `address_name`, `user_id`, `consignee`, `email`, `country`, `province`, `city`, `district`, `address`, `zipcode`, `tel`, `mobile`, `sign_building`, `best_time`) VALUES
(1, '', 1, '劉先生', 'ecshop@ecshop.com', 1, 2, 52, 502, '海興大廈', '', '010-25851234', '13986765412', '', ''),
(2, '', 3, '葉先生', 'text@ecshop.com', 1, 2, 52, 510, '通州區旗艦凱旋小區', '', '13588104710', '', '', '');

--
-- `ecs_user_bonus`
--
INSERT INTO `ecs_user_bonus` (`bonus_id`, `bonus_type_id`, `bonus_sn`, `user_id`, `used_time`, `order_id`, `emailed`) VALUES
(1, 3, 0, 1, 1242142681, 4, 0),
(2, 4, 1000003379, 1, 1242976699, 14, 0),
(3, 4, 1000018450, 0, 0, 0, 0),
(4, 4, 1000023774, 0, 0, 0, 0),
(5, 4, 1000039394, 0, 0, 0, 0),
(6, 4, 1000049305, 0, 0, 0, 0),
(7, 4, 1000052248, 0, 0, 0, 0),
(8, 4, 1000061542, 0, 0, 0, 0),
(9, 4, 1000070278, 0, 0, 0, 0),
(10, 4, 1000080588, 0, 0, 0, 0),
(11, 4, 1000091405, 0, 0, 0, 0),
(24, 3, 0, 1, 0, 0, 0),
(25, 3, 0, 1, 0, 0, 0),
(26, 3, 0, 1, 0, 0, 0),
(27, 3, 0, 1, 0, 0, 0),
(28, 3, 0, 1, 0, 0, 0),
(29, 3, 0, 1, 0, 0, 0),
(30, 3, 0, 1, 0, 0, 0),
(31, 3, 0, 1, 0, 0, 0);

--
-- `ecs_user_rank`
--

INSERT INTO `ecs_user_rank` (`rank_id`, `rank_name`, `min_points`, `max_points`, `discount`, `show_price`, `special_rank`) VALUES
(2, 'vip', 10000, 10000000, 95, 1, 0),
(3, '代銷用戶', 0, 0, 90, 0, 1);

--
-- `ecs_virtual_card`
--
INSERT INTO `ecs_virtual_card` (`card_id`, `goods_id`, `card_sn`, `card_password`, `add_date`, `end_date`, `is_saled`, `order_sn`, `crc32`) VALUES
(1, 25, 'RVlYQhFY', 'RVlYQhFYQg', 1241972716, 1273449600, 0, '', -1958172277),
(2, 25, 'RVlYQhFYQhFQEg', 'RVlYQhFYQhFQEg', 1241972726, 1273449600, 0, '', -1958172277),
(3, 26, 'RVlYQhFYQg', 'RVlYQhFYQg', 1241972801, 1273449600, 0, '', -1958172277),
(4, 26, 'RVlYQhFYQhFQEVo', 'RVlYQhFYQhFQEVo', 1241972811, 1273449600, 0, '', -1958172277),
(5, 27, 'RlpbQRI', 'RlpbQRJbQQ', 1241972903, 1273449600, 0, '', -1958172277),
(6, 27, 'RlpbQRJbQg', 'RVpbQBJaQRE', 1241972911, 1273449600, 0, '', -1958172277),
(7, 30, 'RVtbQBJYQBJQE1lU', 'R1pYRxJaQhRTEVhXSEdaWA', 1241973121, 1273449600, 0, '', -1958172277),
(8, 30, 'R1pYRxJYRxNTFV9S', 'TF5cQBVdQA', 1241973127, 1273449600, 0, '', -1958172277),
(9, 30, 'Q15cSxZeRhhWFg', 'TV9fSxdfSxdXGFxTQUI', 1241973134, 1273449600, 0, '', -1958172277),
(10, 30, 'QVxaRhRaRhRSF11d', 'TFBeRRheRRhWFlJdSU1Q', 1241973146, 1273449600, 0, '', -1958172277),
(11, 30, 'R1xaRxNcRw', 'QF1dRRVdRBY', 1241973157, 1273449600, 0, '', -1958172277),
(12, 30, 'RlpbQRNdQBJU', 'R1xaQRRaQRVSEg', 1241973164, 1273449600, 0, '', -1958172277),
(13, 30, 'RltdQBRaQQ', 'Rl1dRRheRRhYF10', 1241973170, 1273449600, 0, '', -1958172277),
(14, 30, 'RltdQBVeRhg', 'RlxaQRZeRhVV', 1241973178, 1273449600, 0, '', -1958172277),
(15, 30, 'QFtbRhRaQRZVEw', 'Rl1aQRRaQRZUElg', 1241973185, 1273449600, 0, '', -1958172277);

--
-- `ecs_volume_price`
--
INSERT INTO `ecs_volume_price` (`price_type`, `goods_id`, `volume_number`, `volume_price`) VALUES
(1, 1, 5, 1366.00),
(1, 9, 3, 2200.00),
(1, 9, 5, 2100.00),
(1, 13, 5, 1150.00),
(1, 13, 3, 1200.00);

--
-- `ecs_vote`
--
INSERT INTO `ecs_vote` (`vote_id`, `vote_name`, `start_time`, `end_time`, `can_multi`, `vote_count`) VALUES
(1, '您從哪裏知道我們的網站', 1213200000, 1274803200, 0, 0);

--
-- `ecs_vote_option`
--
INSERT INTO `ecs_vote_option` (`option_id`, `vote_id`, `option_name`, `option_count`) VALUES
(1, 1, '論壇', 0),
(2, 1, '朋友', 0),
(3, 1, '友情鏈接', 0);

--
-- `ecs_wholesale`
--
INSERT INTO `ecs_wholesale` (`act_id`, `goods_id`, `goods_name`, `rank_ids`, `prices`, `enabled`) VALUES
(1, 21, '金立 A30', '1,2', 'a:1:{i:0;a:2:{s:4:"attr";a:1:{i:120;s:1:"0";}s:7:"qp_list";a:2:{i:0;a:2:{s:8:"quantity";i:50;s:5:"price";d:1700;}i:1;a:2:{s:8:"quantity";i:100;s:5:"price";d:1680;}}}}', 1);

--
-- `ecs_nav`
--
INSERT INTO `ecs_nav` (`id`, `ctype`, `cid`, `name`, `ifshow`, `vieworder`, `opennew`, `url`, `type`) VALUES
(2, NULL, NULL, '選購中心', 1, 2, 0, 'pick_out.php', 'top'),
(3, '', 0, '查看購物車', 1, 0, 0, 'flow.php', 'top'),
(4, '', 0, '團購商品', 1, 20, 0, 'group_buy.php', 'middle'),
(5, '', 0, '奪寶奇兵', 1, 22, 0, 'snatch.php', 'middle'),
(6, NULL, NULL, '標簽雲', 1, 5, 6, 'tag_cloud.php', 'top'),
(7, NULL, NULL, '免責條款', 1, 1, 0, 'article.php?id=1', 'bottom'),
(8, NULL, NULL, '隱私保護', 1, 2, 0, 'article.php?id=2', 'bottom'),
(9, NULL, NULL, '咨詢熱點', 1, 3, 0, 'article.php?id=3', 'bottom'),
(10, NULL, NULL, '聯系我們', 1, 4, 0, 'article.php?id=4', 'bottom'),
(11, NULL, NULL, '公司簡介', 1, 5, 0, 'article.php?id=5', 'bottom'),
(12, NULL, NULL, '批發方案', 1, 6, 0, 'wholesale.php', 'bottom'),
(14, NULL, NULL, '配送方式', 1, 7, 0, 'myship.php', 'bottom'),
(15, NULL, NULL, '留言板', 1, 99, 0, 'message.php', 'middle'),
(18, 'c', 4, '雙模手機', 1, 14, 0, 'category.php?id=5', 'middle'),
(20, '', 0, 'EC論壇', 1, 100, 1, 'http://bbs.ecshop.com/', 'middle'),
(21, NULL, NULL, '優惠活動', 1, 21, 0, 'activity.php', 'middle'),
(23, NULL, NULL, '報價單', 1, 6, 0, 'quotation.php', 'top'),
(24, NULL, NULL, '拍賣活動', 1, 23, 0, 'auction.php', 'middle'),
(25, NULL, NULL, '積分商城', 1, 24, 0, 'exchange.php', 'middle'),
(26, 'c', 3, 'GSM手機', 1, 13, 0, 'category.php?id=3', 'middle'),
(27, 'c', 6, '手機配件', 1, 15, 0, 'category.php?id=6', 'middle');

--
-- `ecs_admin_user`
--

INSERT INTO `ecs_admin_user` (`user_id`, `user_name`, `email`, `password`, `add_time`, `last_login`, `last_ip`, `action_list`, `nav_list`, `lang_type`, `agency_id`, `suppliers_id`, `todolist`) VALUES
(2, 'bjgonghuo1', 'bj@163.com', 'd0c015b6eb9a280f318a4c0510581e7e', 1245044099, 0, '', '', '商品列表|goods.php?act=list,訂單列表|order.php?act=list,用戶評論|comment_manage.php?act=list,會員列表|users.php?act=list,商店設置|shop_config.php?act=list_edit', '', 0, 1, ''),
(3, 'shhaigonghuo1', 'shanghai@163.com', '4146fecce77907d264f6bd873f4ea27b', 1245044202, 0, '', '', '商品列表|goods.php?act=list,訂單列表|order.php?act=list,用戶評論|comment_manage.php?act=list,會員列表|users.php?act=list,商店設置|shop_config.php?act=list_edit', '', 0, 2, '');

--
-- `ecs_shop_config`
--

UPDATE `ecs_shop_config` SET value='歡迎光臨手機網,我們的宗旨：誠信經營、服務客戶！\r\n<MARQUEE onmouseover=this.stop() onmouseout=this.start() \r\nscrollAmount=3><U><FONT color=red>\r\n<P>咨詢電話010-10124444  010-21252454 8465544</P></FONT></U></MARQUEE>' WHERE id=121;

-- `ecs_products`
--
INSERT INTO `ecs_products` (`product_id`, `goods_id`, `goods_attr`, `product_sn`, `product_number`) VALUES
(1, 32, '163', '', 100),
(2, 24, '167', '', 100),
(3, 23, '175', '', 100),
(4, 21, '188', '', 20),
(5, 20, '194', '', 13),
(6, 17, '201', '', 1),
(7, 14, '213', '', 4),
(8, 13, '217', '', 8),
(9, 10, '239', '', 6),
(10, 10, '240', '', 12),
(11, 9, '227', '', 12),
(12, 9, '226', '', 3),
(13, 8, '231', '', 17),
(14, 1, '237', '', 1);

